corp_label,entity_type,group,corp_code,corp_name,bsns_year,reprt_code,reprt_nm,accounting_std_inferred,corp_cls,inference_rule,remndr_exprtn1,remndr_exprtn2,sm,stlm_dt,value_source,yy10_excess,yy1_below,yy1_excess_yy2_below,yy2_excess_yy3_below,yy3_excess_yy4_below,yy4_excess_yy5_below,yy5_excess_yy10_below,source_endpoint,source_params,rcept_no,rcept_no_source,fetched_at,status,call_id,raw_path,raw_sha256,data_age_days
ABL생명보험,생보,보험자회사,00148391,에이비엘생명보험,2022,11011,사업보고서,IFRS4,E,"보고서 사업연도 >= 2023 이면 IFRS17, 아니면 IFRS4",미상환잔액,공모,"63,000,000,000",2022-12-31,api,-,-,-,-,-,-,"63,000,000,000",cprndNrdmpBlce,"{""bsns_year"": ""2022"", ""corp_code"": ""00148391"", ""reprt_code"": ""11011""}",20230814002562,api_row,2026-08-31T16:06:48+09:00,000,run_20260831_152517_1117,raw/cprndNrdmpBlce/00148391_2022_11011.json,d523253bd74a6902f97e99d8024d3cfeee2c2ae69895ffcb9977a5dcdf19a794,0
ABL생명보험,생보,보험자회사,00148391,에이비엘생명보험,2022,11011,사업보고서,IFRS4,E,"보고서 사업연도 >= 2023 이면 IFRS17, 아니면 IFRS4",미상환잔액,사모,-,2022-12-31,api,-,-,-,-,-,-,-,cprndNrdmpBlce,"{""bsns_year"": ""2022"", ""corp_code"": ""00148391"", ""reprt_code"": ""11011""}",20230814002562,api_row,2026-08-31T16:06:48+09:00,000,run_20260831_152517_1117,raw/cprndNrdmpBlce/00148391_2022_11011.json,d523253bd74a6902f97e99d8024d3cfeee2c2ae69895ffcb9977a5dcdf19a794,0
ABL생명보험,생보,보험자회사,00148391,에이비엘생명보험,2022,11011,사업보고서,IFRS4,E,"보고서 사업연도 >= 2023 이면 IFRS17, 아니면 IFRS4",미상환잔액,합계,"63,000,000,000",2022-12-31,api,-,-,-,-,-,-,"63,000,000,000",cprndNrdmpBlce,"{""bsns_year"": ""2022"", ""corp_code"": ""00148391"", ""reprt_code"": ""11011""}",20230814002562,api_row,2026-08-31T16:06:48+09:00,000,run_20260831_152517_1117,raw/cprndNrdmpBlce/00148391_2022_11011.json,d523253bd74a6902f97e99d8024d3cfeee2c2ae69895ffcb9977a5dcdf19a794,0
ABL생명보험,생보,보험자회사,00148391,에이비엘생명보험,2023,11011,사업보고서,IFRS17,E,"보고서 사업연도 >= 2023 이면 IFRS17, 아니면 IFRS4",미상환잔액,공모,"193,000,000,000",2023-12-31,api,-,-,-,-,-,-,"193,000,000,000",cprndNrdmpBlce,"{""bsns_year"": ""2023"", ""corp_code"": ""00148391"", ""reprt_code"": ""11011""}",20240430000559,api_row,2026-08-31T16:06:58+09:00,000,run_20260831_152517_1126,raw/cprndNrdmpBlce/00148391_2023_11011.json,77ce2796437c2b0b6d1bd334cedd93ade065c8d3de9eb55c30c0c3d098c3edd9,0
ABL생명보험,생보,보험자회사,00148391,에이비엘생명보험,2023,11011,사업보고서,IFRS17,E,"보고서 사업연도 >= 2023 이면 IFRS17, 아니면 IFRS4",미상환잔액,사모,-,2023-12-31,api,-,-,-,-,-,-,-,cprndNrdmpBlce,"{""bsns_year"": ""2023"", ""corp_code"": ""00148391"", ""reprt_code"": ""11011""}",20240430000559,api_row,2026-08-31T16:06:58+09:00,000,run_20260831_152517_1126,raw/cprndNrdmpBlce/00148391_2023_11011.json,77ce2796437c2b0b6d1bd334cedd93ade065c8d3de9eb55c30c0c3d098c3edd9,0
ABL생명보험,생보,보험자회사,00148391,에이비엘생명보험,2023,11011,사업보고서,IFRS17,E,"보고서 사업연도 >= 2023 이면 IFRS17, 아니면 IFRS4",미상환잔액,합계,"193,000,000,000",2023-12-31,api,-,-,-,-,-,-,"193,000,000,000",cprndNrdmpBlce,"{""bsns_year"": ""2023"", ""corp_code"": ""00148391"", ""reprt_code"": ""11011""}",20240430000559,api_row,2026-08-31T16:06:58+09:00,000,run_20260831_152517_1126,raw/cprndNrdmpBlce/00148391_2023_11011.json,77ce2796437c2b0b6d1bd334cedd93ade065c8d3de9eb55c30c0c3d098c3edd9,0
ABL생명보험,생보,보험자회사,00148391,에이비엘생명보험,2024,11011,사업보고서,IFRS17,E,"보고서 사업연도 >= 2023 이면 IFRS17, 아니면 IFRS4",미상환잔액,공모,"493,000,000,000",2024-12-31,api,-,-,-,-,-,-,"493,000,000,000",cprndNrdmpBlce,"{""bsns_year"": ""2024"", ""corp_code"": ""00148391"", ""reprt_code"": ""11011""}",20250514001000,api_row,2026-08-31T16:07:26+09:00,000,run_20260831_152517_1135,raw/cprndNrdmpBlce/00148391_2024_11011.json,faf7f80a181720316d2b18cd5ff8358d957f3e9d54b951271b579ea73603bf4a,0
ABL생명보험,생보,보험자회사,00148391,에이비엘생명보험,2024,11011,사업보고서,IFRS17,E,"보고서 사업연도 >= 2023 이면 IFRS17, 아니면 IFRS4",미상환잔액,사모,-,2024-12-31,api,-,-,-,-,-,-,-,cprndNrdmpBlce,"{""bsns_year"": ""2024"", ""corp_code"": ""00148391"", ""reprt_code"": ""11011""}",20250514001000,api_row,2026-08-31T16:07:26+09:00,000,run_20260831_152517_1135,raw/cprndNrdmpBlce/00148391_2024_11011.json,faf7f80a181720316d2b18cd5ff8358d957f3e9d54b951271b579ea73603bf4a,0
ABL생명보험,생보,보험자회사,00148391,에이비엘생명보험,2024,11011,사업보고서,IFRS17,E,"보고서 사업연도 >= 2023 이면 IFRS17, 아니면 IFRS4",미상환잔액,합계,"493,000,000,000",2024-12-31,api,-,-,-,-,-,-,"493,000,000,000",cprndNrdmpBlce,"{""bsns_year"": ""2024"", ""corp_code"": ""00148391"", ""reprt_code"": ""11011""}",20250514001000,api_row,2026-08-31T16:07:26+09:00,000,run_20260831_152517_1135,raw/cprndNrdmpBlce/00148391_2024_11011.json,faf7f80a181720316d2b18cd5ff8358d957f3e9d54b951271b579ea73603bf4a,0
ABL생명보험,생보,보험자회사,00148391,에이비엘생명보험,2025,11011,사업보고서,IFRS17,E,"보고서 사업연도 >= 2023 이면 IFRS17, 아니면 IFRS4",미상환잔액,공모,"643,000,000,000",2025-12-31,api,-,-,-,-,-,-,"643,000,000,000",cprndNrdmpBlce,"{""bsns_year"": ""2025"", ""corp_code"": ""00148391"", ""reprt_code"": ""11011""}",20260331003080,api_row,2026-08-31T16:07:42+09:00,000,run_20260831_152517_1143,raw/cprndNrdmpBlce/00148391_2025_11011.json,7ec06e8e35d4e8d4a2f6099ca5965c8b541e083e5242c7ba910b93c05d95e516,0
ABL생명보험,생보,보험자회사,00148391,에이비엘생명보험,2025,11011,사업보고서,IFRS17,E,"보고서 사업연도 >= 2023 이면 IFRS17, 아니면 IFRS4",미상환잔액,사모,-,2025-12-31,api,-,-,-,-,-,-,-,cprndNrdmpBlce,"{""bsns_year"": ""2025"", ""corp_code"": ""00148391"", ""reprt_code"": ""11011""}",20260331003080,api_row,2026-08-31T16:07:42+09:00,000,run_20260831_152517_1143,raw/cprndNrdmpBlce/00148391_2025_11011.json,7ec06e8e35d4e8d4a2f6099ca5965c8b541e083e5242c7ba910b93c05d95e516,0
ABL생명보험,생보,보험자회사,00148391,에이비엘생명보험,2025,11011,사업보고서,IFRS17,E,"보고서 사업연도 >= 2023 이면 IFRS17, 아니면 IFRS4",미상환잔액,합계,"643,000,000,000",2025-12-31,api,-,-,-,-,-,-,"643,000,000,000",cprndNrdmpBlce,"{""bsns_year"": ""2025"", ""corp_code"": ""00148391"", ""reprt_code"": ""11011""}",20260331003080,api_row,2026-08-31T16:07:42+09:00,000,run_20260831_152517_1143,raw/cprndNrdmpBlce/00148391_2025_11011.json,7ec06e8e35d4e8d4a2f6099ca5965c8b541e083e5242c7ba910b93c05d95e516,0
ABL생명보험,생보,보험자회사,00148391,에이비엘생명보험,2025,11012,반기보고서,IFRS17,E,"보고서 사업연도 >= 2023 이면 IFRS17, 아니면 IFRS4",미상환잔액,공모,"643,000,000,000",2025-06-30,api,-,-,-,-,-,-,"643,000,000,000",cprndNrdmpBlce,"{""bsns_year"": ""2025"", ""corp_code"": ""00148391"", ""reprt_code"": ""11012""}",20250829002137,api_row,2026-08-31T16:08:06+09:00,000,run_20260831_152517_1152,raw/cprndNrdmpBlce/00148391_2025_11012.json,cb1c1961c917829667af78a6d915e9b1222ba1d6d826a924ab03edf065336712,0
ABL생명보험,생보,보험자회사,00148391,에이비엘생명보험,2025,11012,반기보고서,IFRS17,E,"보고서 사업연도 >= 2023 이면 IFRS17, 아니면 IFRS4",미상환잔액,사모,-,2025-06-30,api,-,-,-,-,-,-,-,cprndNrdmpBlce,"{""bsns_year"": ""2025"", ""corp_code"": ""00148391"", ""reprt_code"": ""11012""}",20250829002137,api_row,2026-08-31T16:08:06+09:00,000,run_20260831_152517_1152,raw/cprndNrdmpBlce/00148391_2025_11012.json,cb1c1961c917829667af78a6d915e9b1222ba1d6d826a924ab03edf065336712,0
ABL생명보험,생보,보험자회사,00148391,에이비엘생명보험,2025,11012,반기보고서,IFRS17,E,"보고서 사업연도 >= 2023 이면 IFRS17, 아니면 IFRS4",미상환잔액,합계,"643,000,000,000",2025-06-30,api,-,-,-,-,-,-,"643,000,000,000",cprndNrdmpBlce,"{""bsns_year"": ""2025"", ""corp_code"": ""00148391"", ""reprt_code"": ""11012""}",20250829002137,api_row,2026-08-31T16:08:06+09:00,000,run_20260831_152517_1152,raw/cprndNrdmpBlce/00148391_2025_11012.json,cb1c1961c917829667af78a6d915e9b1222ba1d6d826a924ab03edf065336712,0
ABL생명보험,생보,보험자회사,00148391,에이비엘생명보험,2026,11012,반기보고서,IFRS17,E,"보고서 사업연도 >= 2023 이면 IFRS17, 아니면 IFRS4",미상환잔액,공모,"643,000,000,000",2026-06-30,api,-,-,-,-,-,-,"643,000,000,000",cprndNrdmpBlce,"{""bsns_year"": ""2026"", ""corp_code"": ""00148391"", ""reprt_code"": ""11012""}",20260831000754,api_row,2026-08-31T16:08:30+09:00,000,run_20260831_152517_1161,raw/cprndNrdmpBlce/00148391_2026_11012.json,c0fe1bfb50200a8d2e05717f37c7d282bb815dea906d5c1daa30561c35da05bb,0
ABL생명보험,생보,보험자회사,00148391,에이비엘생명보험,2026,11012,반기보고서,IFRS17,E,"보고서 사업연도 >= 2023 이면 IFRS17, 아니면 IFRS4",미상환잔액,사모,-,2026-06-30,api,-,-,-,-,-,-,-,cprndNrdmpBlce,"{""bsns_year"": ""2026"", ""corp_code"": ""00148391"", ""reprt_code"": ""11012""}",20260831000754,api_row,2026-08-31T16:08:30+09:00,000,run_20260831_152517_1161,raw/cprndNrdmpBlce/00148391_2026_11012.json,c0fe1bfb50200a8d2e05717f37c7d282bb815dea906d5c1daa30561c35da05bb,0
ABL생명보험,생보,보험자회사,00148391,에이비엘생명보험,2026,11012,반기보고서,IFRS17,E,"보고서 사업연도 >= 2023 이면 IFRS17, 아니면 IFRS4",미상환잔액,합계,"643,000,000,000",2026-06-30,api,-,-,-,-,-,-,"643,000,000,000",cprndNrdmpBlce,"{""bsns_year"": ""2026"", ""corp_code"": ""00148391"", ""reprt_code"": ""11012""}",20260831000754,api_row,2026-08-31T16:08:30+09:00,000,run_20260831_152517_1161,raw/cprndNrdmpBlce/00148391_2026_11012.json,c0fe1bfb50200a8d2e05717f37c7d282bb815dea906d5c1daa30561c35da05bb,0
KB금융,지주,지주,00688996,KB금융,2015,11011,사업보고서,IFRS4,Y,"보고서 사업연도 >= 2023 이면 IFRS17, 아니면 IFRS4",미상환잔액,공모,"30,509,340,000,000",2015-12-31,api,"170,000,000,000","9,831,956,000,000","7,978,660,000,000","4,677,784,000,000","1,045,000,000,000","3,656,000,000,000","3,150,000,000,000",cprndNrdmpBlce,"{""bsns_year"": ""2015"", ""corp_code"": ""00688996"", ""reprt_code"": ""11011""}",20160330004428,api_row,2026-08-31T15:35:32+09:00,000,run_20260831_152517_0249,raw/cprndNrdmpBlce/00688996_2015_11011.json,c33ee5a415e940f56efbf58dbe0d148741c809034acf9c93f86ac3e09aee3f29,0
KB금융,지주,지주,00688996,KB금융,2015,11011,사업보고서,IFRS4,Y,"보고서 사업연도 >= 2023 이면 IFRS17, 아니면 IFRS4",미상환잔액,사모,"1,107,461,000,000",2015-12-31,api,-,"697,261,000,000","293,000,000,000","117,200,000,000",-,-,-,cprndNrdmpBlce,"{""bsns_year"": ""2015"", ""corp_code"": ""00688996"", ""reprt_code"": ""11011""}",20160330004428,api_row,2026-08-31T15:35:32+09:00,000,run_20260831_152517_0249,raw/cprndNrdmpBlce/00688996_2015_11011.json,c33ee5a415e940f56efbf58dbe0d148741c809034acf9c93f86ac3e09aee3f29,0
KB금융,지주,지주,00688996,KB금융,2015,11011,사업보고서,IFRS4,Y,"보고서 사업연도 >= 2023 이면 IFRS17, 아니면 IFRS4",미상환잔액,합계,"31,616,801,000,000",2015-12-31,api,"170,000,000,000","10,529,217,000,000","8,271,600,000,000","4,794,984,000,000","1,045,000,000,000","3,656,000,000,000","3,150,000,000,000",cprndNrdmpBlce,"{""bsns_year"": ""2015"", ""corp_code"": ""00688996"", ""reprt_code"": ""11011""}",20160330004428,api_row,2026-08-31T15:35:32+09:00,000,run_20260831_152517_0249,raw/cprndNrdmpBlce/00688996_2015_11011.json,c33ee5a415e940f56efbf58dbe0d148741c809034acf9c93f86ac3e09aee3f29,0
KB금융,지주,지주,00688996,KB금융,2016,11011,사업보고서,IFRS4,Y,"보고서 사업연도 >= 2023 이면 IFRS17, 아니면 IFRS4",미상환잔액,공모,"32,518,388,000,000",2016-12-31,api,"20,000,000,000","9,792,854,000,000","7,517,784,000,000","5,209,250,000,000","4,044,250,000,000","2,564,250,000,000","3,370,000,000,000",cprndNrdmpBlce,"{""bsns_year"": ""2016"", ""corp_code"": ""00688996"", ""reprt_code"": ""11011""}",20170331004054,api_row,2026-08-31T15:35:40+09:00,000,run_20260831_152517_0256,raw/cprndNrdmpBlce/00688996_2016_11011.json,1912b45e2edb1974dd1c41c5af1c707d996870e4804888b26f483d883e1f4831,0
KB금융,지주,지주,00688996,KB금융,2016,11011,사업보고서,IFRS4,Y,"보고서 사업연도 >= 2023 이면 IFRS17, 아니면 IFRS4",미상환잔액,사모,"518,000,000,000",2016-12-31,api,-,"397,150,000,000","120,850,000,000",-,-,-,-,cprndNrdmpBlce,"{""bsns_year"": ""2016"", ""corp_code"": ""00688996"", ""reprt_code"": ""11011""}",20170331004054,api_row,2026-08-31T15:35:40+09:00,000,run_20260831_152517_0256,raw/cprndNrdmpBlce/00688996_2016_11011.json,1912b45e2edb1974dd1c41c5af1c707d996870e4804888b26f483d883e1f4831,0
KB금융,지주,지주,00688996,KB금융,2016,11011,사업보고서,IFRS4,Y,"보고서 사업연도 >= 2023 이면 IFRS17, 아니면 IFRS4",미상환잔액,합계,"33,036,388,000,000",2016-12-31,api,"20,000,000,000","10,190,004,000,000","7,638,634,000,000","5,209,250,000,000","4,044,250,000,000","2,564,250,000,000","3,370,000,000,000",cprndNrdmpBlce,"{""bsns_year"": ""2016"", ""corp_code"": ""00688996"", ""reprt_code"": ""11011""}",20170331004054,api_row,2026-08-31T15:35:40+09:00,000,run_20260831_152517_0256,raw/cprndNrdmpBlce/00688996_2016_11011.json,1912b45e2edb1974dd1c41c5af1c707d996870e4804888b26f483d883e1f4831,0
KB금융,지주,지주,00688996,KB금융,2017,11011,사업보고서,IFRS4,Y,"보고서 사업연도 >= 2023 이면 IFRS17, 아니면 IFRS4",미상환잔액,공모,"40,850,636,000,000",2017-12-31,api,-,"10,724,276,000,000","10,250,700,000,000","8,845,700,000,000","2,930,700,000,000","4,948,560,000,000","3,150,700,000,000",cprndNrdmpBlce,"{""bsns_year"": ""2017"", ""corp_code"": ""00688996"", ""reprt_code"": ""11011""}",20210427000354,api_row,2026-08-31T15:35:48+09:00,000,run_20260831_152517_0263,raw/cprndNrdmpBlce/00688996_2017_11011.json,ad95b183801136a8c2daf6e35211b405f5155cd6e5a5686a859d3625d63d14b7,0
KB금융,지주,지주,00688996,KB금융,2017,11011,사업보고서,IFRS4,Y,"보고서 사업연도 >= 2023 이면 IFRS17, 아니면 IFRS4",미상환잔액,사모,"1,163,518,000,000",2017-12-31,api,-,"374,990,000,000",-,"498,139,000,000","215,391,000,000","74,998,000,000",-,cprndNrdmpBlce,"{""bsns_year"": ""2017"", ""corp_code"": ""00688996"", ""reprt_code"": ""11011""}",20210427000354,api_row,2026-08-31T15:35:48+09:00,000,run_20260831_152517_0263,raw/cprndNrdmpBlce/00688996_2017_11011.json,ad95b183801136a8c2daf6e35211b405f5155cd6e5a5686a859d3625d63d14b7,0
KB금융,지주,지주,00688996,KB금융,2017,11011,사업보고서,IFRS4,Y,"보고서 사업연도 >= 2023 이면 IFRS17, 아니면 IFRS4",미상환잔액,합계,"42,014,154,000,000",2017-12-31,api,-,"11,099,266,000,000","10,250,700,000,000","9,343,839,000,000","3,146,091,000,000","5,023,558,000,000","3,150,700,000,000",cprndNrdmpBlce,"{""bsns_year"": ""2017"", ""corp_code"": ""00688996"", ""reprt_code"": ""11011""}",20210427000354,api_row,2026-08-31T15:35:48+09:00,000,run_20260831_152517_0263,raw/cprndNrdmpBlce/00688996_2017_11011.json,ad95b183801136a8c2daf6e35211b405f5155cd6e5a5686a859d3625d63d14b7,0
KB금융,지주,지주,00688996,KB금융,2018,11011,사업보고서,IFRS4,Y,"보고서 사업연도 >= 2023 이면 IFRS17, 아니면 IFRS4",미상환잔액,공모,"47,196,394,000,000",2018-12-31,api,"50,000,000,000","15,461,144,000,000","11,429,050,000,000","7,959,480,000,000","5,247,240,000,000","4,739,480,000,000","2,310,000,000,000",cprndNrdmpBlce,"{""bsns_year"": ""2018"", ""corp_code"": ""00688996"", ""reprt_code"": ""11011""}",20210427000426,api_row,2026-08-31T15:35:57+09:00,000,run_20260831_152517_0270,raw/cprndNrdmpBlce/00688996_2018_11011.json,a7396357aa8715a5e1a7e6063a70349f4f9c6418d47d5fcea1f9f55eb85076c6,0
KB금융,지주,지주,00688996,KB금융,2018,11011,사업보고서,IFRS4,Y,"보고서 사업연도 >= 2023 이면 IFRS17, 아니면 IFRS4",미상환잔액,사모,"1,688,819,000,000",2018-12-31,api,-,"143,789,000,000","852,091,000,000","265,476,000,000","378,267,000,000","49,196,000,000",-,cprndNrdmpBlce,"{""bsns_year"": ""2018"", ""corp_code"": ""00688996"", ""reprt_code"": ""11011""}",20210427000426,api_row,2026-08-31T15:35:57+09:00,000,run_20260831_152517_0270,raw/cprndNrdmpBlce/00688996_2018_11011.json,a7396357aa8715a5e1a7e6063a70349f4f9c6418d47d5fcea1f9f55eb85076c6,0
KB금융,지주,지주,00688996,KB금융,2018,11011,사업보고서,IFRS4,Y,"보고서 사업연도 >= 2023 이면 IFRS17, 아니면 IFRS4",미상환잔액,합계,"48,885,213,000,000",2018-12-31,api,"50,000,000,000","15,604,933,000,000","12,281,141,000,000","8,224,956,000,000","5,625,507,000,000","4,788,676,000,000","2,310,000,000,000",cprndNrdmpBlce,"{""bsns_year"": ""2018"", ""corp_code"": ""00688996"", ""reprt_code"": ""11011""}",20210427000426,api_row,2026-08-31T15:35:57+09:00,000,run_20260831_152517_0270,raw/cprndNrdmpBlce/00688996_2018_11011.json,a7396357aa8715a5e1a7e6063a70349f4f9c6418d47d5fcea1f9f55eb85076c6,0
KB금융,지주,지주,00688996,KB금융,2019,11011,사업보고서,IFRS4,Y,"보고서 사업연도 >= 2023 이면 IFRS17, 아니면 IFRS4",미상환잔액,공모,"46,023,124,000,000",2019-12-31,api,"1,387,700,000,000","12,268,814,000,000","9,926,240,000,000","8,538,120,000,000","5,381,240,000,000","5,040,000,000,000","3,481,010,000,000",cprndNrdmpBlce,"{""bsns_year"": ""2019"", ""corp_code"": ""00688996"", ""reprt_code"": ""11011""}",20210427000468,api_row,2026-08-31T15:36:07+09:00,000,run_20260831_152517_0279,raw/cprndNrdmpBlce/00688996_2019_11011.json,653b4d55e7f41b945c496e0472eb67b428568acadd18e951a3e44a8c9c97c1ba,0
KB금융,지주,지주,00688996,KB금융,2019,11011,사업보고서,IFRS4,Y,"보고서 사업연도 >= 2023 이면 IFRS17, 아니면 IFRS4",미상환잔액,사모,"2,230,193,000,000",2019-12-31,api,-,"1,035,022,000,000","276,162,000,000","868,066,000,000","50,943,000,000",-,-,cprndNrdmpBlce,"{""bsns_year"": ""2019"", ""corp_code"": ""00688996"", ""reprt_code"": ""11011""}",20210427000468,api_row,2026-08-31T15:36:07+09:00,000,run_20260831_152517_0279,raw/cprndNrdmpBlce/00688996_2019_11011.json,653b4d55e7f41b945c496e0472eb67b428568acadd18e951a3e44a8c9c97c1ba,0
KB금융,지주,지주,00688996,KB금융,2019,11011,사업보고서,IFRS4,Y,"보고서 사업연도 >= 2023 이면 IFRS17, 아니면 IFRS4",미상환잔액,합계,"48,253,317,000,000",2019-12-31,api,"1,387,700,000,000","13,303,836,000,000","10,202,402,000,000","9,406,186,000,000","5,432,183,000,000","5,040,000,000,000","3,481,010,000,000",cprndNrdmpBlce,"{""bsns_year"": ""2019"", ""corp_code"": ""00688996"", ""reprt_code"": ""11011""}",20210427000468,api_row,2026-08-31T15:36:07+09:00,000,run_20260831_152517_0279,raw/cprndNrdmpBlce/00688996_2019_11011.json,653b4d55e7f41b945c496e0472eb67b428568acadd18e951a3e44a8c9c97c1ba,0
KB금융,지주,지주,00688996,KB금융,2020,11011,사업보고서,IFRS4,Y,"보고서 사업연도 >= 2023 이면 IFRS17, 아니면 IFRS4",미상환잔액,공모,"56,247,131,000,000",2020-12-31,api,"694,000,000,000","18,211,781,000,000","12,976,160,000,000","9,379,613,000,000","6,208,747,000,000","3,373,230,000,000","5,403,600,000,000",cprndNrdmpBlce,"{""bsns_year"": ""2020"", ""corp_code"": ""00688996"", ""reprt_code"": ""11011""}",20210427000533,api_row,2026-08-31T15:36:18+09:00,000,run_20260831_152517_0288,raw/cprndNrdmpBlce/00688996_2020_11011.json,b46a154999fed57d490755a7f1e563d5a9b584cbd4737f4352356321c1fea58a,0
KB금융,지주,지주,00688996,KB금융,2020,11011,사업보고서,IFRS4,Y,"보고서 사업연도 >= 2023 이면 IFRS17, 아니면 IFRS4",미상환잔액,사모,"2,782,852,000,000",2020-12-31,api,-,"764,454,000,000","1,066,431,000,000","657,567,000,000",-,"294,400,000,000",-,cprndNrdmpBlce,"{""bsns_year"": ""2020"", ""corp_code"": ""00688996"", ""reprt_code"": ""11011""}",20210427000533,api_row,2026-08-31T15:36:18+09:00,000,run_20260831_152517_0288,raw/cprndNrdmpBlce/00688996_2020_11011.json,b46a154999fed57d490755a7f1e563d5a9b584cbd4737f4352356321c1fea58a,0
KB금융,지주,지주,00688996,KB금융,2020,11011,사업보고서,IFRS4,Y,"보고서 사업연도 >= 2023 이면 IFRS17, 아니면 IFRS4",미상환잔액,합계,"59,029,983,000,000",2020-12-31,api,"694,000,000,000","18,976,235,000,000","14,042,591,000,000","10,037,180,000,000","6,208,747,000,000","3,667,630,000,000","5,403,600,000,000",cprndNrdmpBlce,"{""bsns_year"": ""2020"", ""corp_code"": ""00688996"", ""reprt_code"": ""11011""}",20210427000533,api_row,2026-08-31T15:36:18+09:00,000,run_20260831_152517_0288,raw/cprndNrdmpBlce/00688996_2020_11011.json,b46a154999fed57d490755a7f1e563d5a9b584cbd4737f4352356321c1fea58a,0
KB금융,지주,지주,00688996,KB금융,2021,11011,사업보고서,IFRS4,Y,"보고서 사업연도 >= 2023 이면 IFRS17, 아니면 IFRS4",미상환잔액,공모,"58,535,392,000,000",2021-12-31,api,"627,700,000,000","20,861,320,000,000","12,263,400,000,000","9,869,856,000,000","4,109,570,000,000","4,751,397,000,000","6,052,149,000,000",cprndNrdmpBlce,"{""bsns_year"": ""2021"", ""corp_code"": ""00688996"", ""reprt_code"": ""11011""}",20220325001281,api_row,2026-08-31T15:36:29+09:00,000,run_20260831_152517_0297,raw/cprndNrdmpBlce/00688996_2021_11011.json,94308dd490ba716aec7e14c1cbef4465ebd97817ded71058029a52e79628aad5,0
KB금융,지주,지주,00688996,KB금융,2021,11011,사업보고서,IFRS4,Y,"보고서 사업연도 >= 2023 이면 IFRS17, 아니면 IFRS4",미상환잔액,사모,"4,595,023,000,000",2021-12-31,api,-,"2,791,715,000,000","889,095,000,000","223,710,000,000","399,275,000,000","161,228,000,000","130,000,000,000",cprndNrdmpBlce,"{""bsns_year"": ""2021"", ""corp_code"": ""00688996"", ""reprt_code"": ""11011""}",20220325001281,api_row,2026-08-31T15:36:29+09:00,000,run_20260831_152517_0297,raw/cprndNrdmpBlce/00688996_2021_11011.json,94308dd490ba716aec7e14c1cbef4465ebd97817ded71058029a52e79628aad5,0
KB금융,지주,지주,00688996,KB금융,2021,11011,사업보고서,IFRS4,Y,"보고서 사업연도 >= 2023 이면 IFRS17, 아니면 IFRS4",미상환잔액,합계,"63,130,415,000,000",2021-12-31,api,"627,700,000,000","23,653,035,000,000","13,152,495,000,000","10,093,566,000,000","4,508,845,000,000","4,912,625,000,000","6,182,149,000,000",cprndNrdmpBlce,"{""bsns_year"": ""2021"", ""corp_code"": ""00688996"", ""reprt_code"": ""11011""}",20220325001281,api_row,2026-08-31T15:36:29+09:00,000,run_20260831_152517_0297,raw/cprndNrdmpBlce/00688996_2021_11011.json,94308dd490ba716aec7e14c1cbef4465ebd97817ded71058029a52e79628aad5,0
KB금융,지주,지주,00688996,KB금융,2022,11011,사업보고서,IFRS4,Y,"보고서 사업연도 >= 2023 이면 IFRS17, 아니면 IFRS4",미상환잔액,공모,"59,350,140,000,000",2022-12-31,api,"927,700,000,000","24,418,963,000,000","11,935,139,000,000","8,268,651,000,000","5,600,547,000,000","1,960,190,000,000","6,238,950,000,000",cprndNrdmpBlce,"{""bsns_year"": ""2022"", ""corp_code"": ""00688996"", ""reprt_code"": ""11011""}",20231005000471,api_row,2026-08-31T15:36:40+09:00,000,run_20260831_152517_0306,raw/cprndNrdmpBlce/00688996_2022_11011.json,1356703c51ceb9e5f5d393755ff38e34374c0043ad9aaed75ed544f4bc12cef2,0
KB금융,지주,지주,00688996,KB금융,2022,11011,사업보고서,IFRS4,Y,"보고서 사업연도 >= 2023 이면 IFRS17, 아니면 IFRS4",미상환잔액,사모,"5,232,540,000,000",2022-12-31,api,"38,019,000,000","2,738,950,000,000","506,767,000,000","1,021,330,000,000","713,832,000,000","83,642,000,000","130,000,000,000",cprndNrdmpBlce,"{""bsns_year"": ""2022"", ""corp_code"": ""00688996"", ""reprt_code"": ""11011""}",20231005000471,api_row,2026-08-31T15:36:40+09:00,000,run_20260831_152517_0306,raw/cprndNrdmpBlce/00688996_2022_11011.json,1356703c51ceb9e5f5d393755ff38e34374c0043ad9aaed75ed544f4bc12cef2,0
KB금융,지주,지주,00688996,KB금융,2022,11011,사업보고서,IFRS4,Y,"보고서 사업연도 >= 2023 이면 IFRS17, 아니면 IFRS4",미상환잔액,합계,"64,582,680,000,000",2022-12-31,api,"965,719,000,000","27,157,912,000,000","12,441,906,000,000","9,289,981,000,000","6,314,379,000,000","2,043,832,000,000","6,368,950,000,000",cprndNrdmpBlce,"{""bsns_year"": ""2022"", ""corp_code"": ""00688996"", ""reprt_code"": ""11011""}",20231005000471,api_row,2026-08-31T15:36:40+09:00,000,run_20260831_152517_0306,raw/cprndNrdmpBlce/00688996_2022_11011.json,1356703c51ceb9e5f5d393755ff38e34374c0043ad9aaed75ed544f4bc12cef2,0
KB금융,지주,지주,00688996,KB금융,2023,11011,사업보고서,IFRS17,Y,"보고서 사업연도 >= 2023 이면 IFRS17, 아니면 IFRS4",미상환잔액,공모,"3,240,000,000,000",2023-12-31,api,-,"1,075,000,000,000","600,000,000,000","510,000,000,000","240,000,000,000","140,000,000,000","675,000,000,000",cprndNrdmpBlce,"{""bsns_year"": ""2023"", ""corp_code"": ""00688996"", ""reprt_code"": ""11011""}",20240326000894,api_row,2026-08-31T15:36:51+09:00,000,run_20260831_152517_0315,raw/cprndNrdmpBlce/00688996_2023_11011.json,fe080b6306ea43a042b5f3a3bfdf6dae31a70f5376155e608f704b2e04659171,0
KB금융,지주,지주,00688996,KB금융,2023,11011,사업보고서,IFRS17,Y,"보고서 사업연도 >= 2023 이면 IFRS17, 아니면 IFRS4",미상환잔액,사모,"240,000,000,000",2023-12-31,api,-,-,"240,000,000,000",-,-,-,-,cprndNrdmpBlce,"{""bsns_year"": ""2023"", ""corp_code"": ""00688996"", ""reprt_code"": ""11011""}",20240326000894,api_row,2026-08-31T15:36:51+09:00,000,run_20260831_152517_0315,raw/cprndNrdmpBlce/00688996_2023_11011.json,fe080b6306ea43a042b5f3a3bfdf6dae31a70f5376155e608f704b2e04659171,0
KB금융,지주,지주,00688996,KB금융,2023,11011,사업보고서,IFRS17,Y,"보고서 사업연도 >= 2023 이면 IFRS17, 아니면 IFRS4",미상환잔액,합계,"3,480,000,000,000",2023-12-31,api,-,"1,075,000,000,000","840,000,000,000","510,000,000,000","240,000,000,000","140,000,000,000","675,000,000,000",cprndNrdmpBlce,"{""bsns_year"": ""2023"", ""corp_code"": ""00688996"", ""reprt_code"": ""11011""}",20240326000894,api_row,2026-08-31T15:36:51+09:00,000,run_20260831_152517_0315,raw/cprndNrdmpBlce/00688996_2023_11011.json,fe080b6306ea43a042b5f3a3bfdf6dae31a70f5376155e608f704b2e04659171,0
KB금융,지주,지주,00688996,KB금융,2024,11011,사업보고서,IFRS17,Y,"보고서 사업연도 >= 2023 이면 IFRS17, 아니면 IFRS4",미상환잔액,공모,"67,293,055,000,000",2024-12-31,api,"1,088,000,000,000","24,755,349,000,000","19,050,280,000,000","10,912,561,000,000","3,599,365,000,000","3,122,500,000,000","4,765,000,000,000",cprndNrdmpBlce,"{""bsns_year"": ""2024"", ""corp_code"": ""00688996"", ""reprt_code"": ""11011""}",20260324000822,api_row,2026-08-31T15:37:21+09:00,000,run_20260831_152517_0324,raw/cprndNrdmpBlce/00688996_2024_11011.json,113459bca34a0cf6e87f898021ec1378bb1ab2d490bc443073c7187209c46f82,0
KB금융,지주,지주,00688996,KB금융,2024,11011,사업보고서,IFRS17,Y,"보고서 사업연도 >= 2023 이면 IFRS17, 아니면 IFRS4",미상환잔액,사모,"5,576,262,000,000",2024-12-31,api,"191,000,000,000","1,848,424,000,000","2,355,828,000,000","790,720,000,000","213,150,000,000","47,040,000,000","130,000,000,000",cprndNrdmpBlce,"{""bsns_year"": ""2024"", ""corp_code"": ""00688996"", ""reprt_code"": ""11011""}",20260324000822,api_row,2026-08-31T15:37:21+09:00,000,run_20260831_152517_0324,raw/cprndNrdmpBlce/00688996_2024_11011.json,113459bca34a0cf6e87f898021ec1378bb1ab2d490bc443073c7187209c46f82,0
KB금융,지주,지주,00688996,KB금융,2024,11011,사업보고서,IFRS17,Y,"보고서 사업연도 >= 2023 이면 IFRS17, 아니면 IFRS4",미상환잔액,합계,"72,869,317,000,000",2024-12-31,api,"1,279,100,000,000","26,603,773,000,000","21,406,108,000,000","11,703,281,000,000","3,812,515,000,000","3,169,540,000,000","4,895,000,000,000",cprndNrdmpBlce,"{""bsns_year"": ""2024"", ""corp_code"": ""00688996"", ""reprt_code"": ""11011""}",20260324000822,api_row,2026-08-31T15:37:21+09:00,000,run_20260831_152517_0324,raw/cprndNrdmpBlce/00688996_2024_11011.json,113459bca34a0cf6e87f898021ec1378bb1ab2d490bc443073c7187209c46f82,0
KB금융,지주,지주,00688996,KB금융,2025,11011,사업보고서,IFRS17,Y,"보고서 사업연도 >= 2023 이면 IFRS17, 아니면 IFRS4",미상환잔액,공모,"57,982,146,000,000",2025-12-31,api,"1,158,000,000,000","23,862,750,000,000","11,825,864,000,000","9,907,172,000,000","4,907,607,000,000","3,743,888,000,000","2,576,865,000,000",cprndNrdmpBlce,"{""bsns_year"": ""2025"", ""corp_code"": ""00688996"", ""reprt_code"": ""11011""}",20260619000667,api_row,2026-08-31T15:37:52+09:00,000,run_20260831_152517_0333,raw/cprndNrdmpBlce/00688996_2025_11011.json,fb87e319f1ccce917fbb77e20d1e2f126c88535d6d8ed18dd43a5a0519ee0e58,0
KB금융,지주,지주,00688996,KB금융,2025,11011,사업보고서,IFRS17,Y,"보고서 사업연도 >= 2023 이면 IFRS17, 아니면 IFRS4",미상환잔액,사모,"6,123,020,000,000",2025-12-31,api,"186,537,000,000","4,213,655,000,000","751,133,000,000","604,458,000,000","237,237,000,000",-,"130,000,000,000",cprndNrdmpBlce,"{""bsns_year"": ""2025"", ""corp_code"": ""00688996"", ""reprt_code"": ""11011""}",20260619000667,api_row,2026-08-31T15:37:52+09:00,000,run_20260831_152517_0333,raw/cprndNrdmpBlce/00688996_2025_11011.json,fb87e319f1ccce917fbb77e20d1e2f126c88535d6d8ed18dd43a5a0519ee0e58,0
KB금융,지주,지주,00688996,KB금융,2025,11011,사업보고서,IFRS17,Y,"보고서 사업연도 >= 2023 이면 IFRS17, 아니면 IFRS4",미상환잔액,합계,"64,105,166,000,000",2025-12-31,api,"1,344,537,000,000","28,076,405,000,000","12,576,997,000,000","10,511,630,000,000","5,144,844,000,000","3,743,888,000,000","2,706,865,000,000",cprndNrdmpBlce,"{""bsns_year"": ""2025"", ""corp_code"": ""00688996"", ""reprt_code"": ""11011""}",20260619000667,api_row,2026-08-31T15:37:52+09:00,000,run_20260831_152517_0333,raw/cprndNrdmpBlce/00688996_2025_11011.json,fb87e319f1ccce917fbb77e20d1e2f126c88535d6d8ed18dd43a5a0519ee0e58,0
KB금융,지주,지주,00688996,KB금융,2026,11012,반기보고서,IFRS17,Y,"보고서 사업연도 >= 2023 이면 IFRS17, 아니면 IFRS4",미상환잔액,공모,"5,115,000,000,000",2026-06-30,api,-,"1,120,000,000,000","1,480,000,000,000","1,940,000,000,000","230,000,000,000","250,000,000,000","95,000,000,000",cprndNrdmpBlce,"{""bsns_year"": ""2026"", ""corp_code"": ""00688996"", ""reprt_code"": ""11012""}",20260814004200,api_row,2026-08-31T15:38:46+09:00,000,run_20260831_152517_0351,raw/cprndNrdmpBlce/00688996_2026_11012.json,ba6a95bcc3bf9a2f6387cbb0d03514c426aef74cce6034613d61b793cc1aeaae,0
KB금융,지주,지주,00688996,KB금융,2026,11012,반기보고서,IFRS17,Y,"보고서 사업연도 >= 2023 이면 IFRS17, 아니면 IFRS4",미상환잔액,사모,-,2026-06-30,api,-,-,-,-,-,-,-,cprndNrdmpBlce,"{""bsns_year"": ""2026"", ""corp_code"": ""00688996"", ""reprt_code"": ""11012""}",20260814004200,api_row,2026-08-31T15:38:46+09:00,000,run_20260831_152517_0351,raw/cprndNrdmpBlce/00688996_2026_11012.json,ba6a95bcc3bf9a2f6387cbb0d03514c426aef74cce6034613d61b793cc1aeaae,0
KB금융,지주,지주,00688996,KB금융,2026,11012,반기보고서,IFRS17,Y,"보고서 사업연도 >= 2023 이면 IFRS17, 아니면 IFRS4",미상환잔액,합계,"5,115,000,000,000",2026-06-30,api,-,"1,120,000,000,000","1,480,000,000,000","1,940,000,000,000","230,000,000,000","250,000,000,000","95,000,000,000",cprndNrdmpBlce,"{""bsns_year"": ""2026"", ""corp_code"": ""00688996"", ""reprt_code"": ""11012""}",20260814004200,api_row,2026-08-31T15:38:46+09:00,000,run_20260831_152517_0351,raw/cprndNrdmpBlce/00688996_2026_11012.json,ba6a95bcc3bf9a2f6387cbb0d03514c426aef74cce6034613d61b793cc1aeaae,0
KB라이프생명보험,생보,보험자회사,00160393,케이비라이프생명보험,2022,11011,사업보고서,IFRS4,E,"보고서 사업연도 >= 2023 이면 IFRS17, 아니면 IFRS4",미상환잔액,공모,"70,000,000,000",2022-12-31,api,-,-,-,-,-,-,"70,000,000,000",cprndNrdmpBlce,"{""bsns_year"": ""2022"", ""corp_code"": ""00160393"", ""reprt_code"": ""11011""}",20230316000539,api_row,2026-08-31T16:03:21+09:00,000,run_20260831_152517_0993,raw/cprndNrdmpBlce/00160393_2022_11011.json,a28add6ef381bc001fb06afbeaf08b2e5f47169c6a9d3d04dbe929f8ae41a027,0
KB라이프생명보험,생보,보험자회사,00160393,케이비라이프생명보험,2022,11011,사업보고서,IFRS4,E,"보고서 사업연도 >= 2023 이면 IFRS17, 아니면 IFRS4",미상환잔액,사모,"130,000,000,000",2022-12-31,api,-,-,-,-,-,-,"130,000,000,000",cprndNrdmpBlce,"{""bsns_year"": ""2022"", ""corp_code"": ""00160393"", ""reprt_code"": ""11011""}",20230316000539,api_row,2026-08-31T16:03:21+09:00,000,run_20260831_152517_0993,raw/cprndNrdmpBlce/00160393_2022_11011.json,a28add6ef381bc001fb06afbeaf08b2e5f47169c6a9d3d04dbe929f8ae41a027,0
KB라이프생명보험,생보,보험자회사,00160393,케이비라이프생명보험,2022,11011,사업보고서,IFRS4,E,"보고서 사업연도 >= 2023 이면 IFRS17, 아니면 IFRS4",미상환잔액,합계,"200,000,000,000",2022-12-31,api,-,-,-,-,-,-,"200,000,000,000",cprndNrdmpBlce,"{""bsns_year"": ""2022"", ""corp_code"": ""00160393"", ""reprt_code"": ""11011""}",20230316000539,api_row,2026-08-31T16:03:21+09:00,000,run_20260831_152517_0993,raw/cprndNrdmpBlce/00160393_2022_11011.json,a28add6ef381bc001fb06afbeaf08b2e5f47169c6a9d3d04dbe929f8ae41a027,0
KB라이프생명보험,생보,보험자회사,00160393,케이비라이프생명보험,2023,11011,사업보고서,IFRS17,E,"보고서 사업연도 >= 2023 이면 IFRS17, 아니면 IFRS4",미상환잔액,공모,"70,000,000,000",2023-12-31,api,-,-,-,-,-,-,"70,000,000,000",cprndNrdmpBlce,"{""bsns_year"": ""2023"", ""corp_code"": ""00160393"", ""reprt_code"": ""11011""}",20240429000408,api_row,2026-08-31T16:03:37+09:00,000,run_20260831_152517_1002,raw/cprndNrdmpBlce/00160393_2023_11011.json,7e9251329894bbcbae44d63c6d6ecc9c4aae9a599c114955c32ef02adea9ac7a,0
KB라이프생명보험,생보,보험자회사,00160393,케이비라이프생명보험,2023,11011,사업보고서,IFRS17,E,"보고서 사업연도 >= 2023 이면 IFRS17, 아니면 IFRS4",미상환잔액,사모,"130,000,000,000",2023-12-31,api,-,-,-,-,-,-,"130,000,000,000",cprndNrdmpBlce,"{""bsns_year"": ""2023"", ""corp_code"": ""00160393"", ""reprt_code"": ""11011""}",20240429000408,api_row,2026-08-31T16:03:37+09:00,000,run_20260831_152517_1002,raw/cprndNrdmpBlce/00160393_2023_11011.json,7e9251329894bbcbae44d63c6d6ecc9c4aae9a599c114955c32ef02adea9ac7a,0
KB라이프생명보험,생보,보험자회사,00160393,케이비라이프생명보험,2023,11011,사업보고서,IFRS17,E,"보고서 사업연도 >= 2023 이면 IFRS17, 아니면 IFRS4",미상환잔액,합계,"200,000,000,000",2023-12-31,api,-,-,-,-,-,-,"200,000,000,000",cprndNrdmpBlce,"{""bsns_year"": ""2023"", ""corp_code"": ""00160393"", ""reprt_code"": ""11011""}",20240429000408,api_row,2026-08-31T16:03:37+09:00,000,run_20260831_152517_1002,raw/cprndNrdmpBlce/00160393_2023_11011.json,7e9251329894bbcbae44d63c6d6ecc9c4aae9a599c114955c32ef02adea9ac7a,0
KB라이프생명보험,생보,보험자회사,00160393,케이비라이프생명보험,2024,11011,사업보고서,IFRS17,E,"보고서 사업연도 >= 2023 이면 IFRS17, 아니면 IFRS4",미상환잔액,공모,"70,000,000,000",2024-12-31,api,-,-,-,-,-,-,"70,000,000,000",cprndNrdmpBlce,"{""bsns_year"": ""2024"", ""corp_code"": ""00160393"", ""reprt_code"": ""11011""}",20250428000500,api_row,2026-08-31T16:04:05+09:00,000,run_20260831_152517_1011,raw/cprndNrdmpBlce/00160393_2024_11011.json,fa47468443c68d5860420a2504532c1ca5ea04460d94bfef6298ec98b89d4c0f,0
KB라이프생명보험,생보,보험자회사,00160393,케이비라이프생명보험,2024,11011,사업보고서,IFRS17,E,"보고서 사업연도 >= 2023 이면 IFRS17, 아니면 IFRS4",미상환잔액,사모,"130,000,000,000",2024-12-31,api,-,-,-,-,-,-,"130,000,000,000",cprndNrdmpBlce,"{""bsns_year"": ""2024"", ""corp_code"": ""00160393"", ""reprt_code"": ""11011""}",20250428000500,api_row,2026-08-31T16:04:05+09:00,000,run_20260831_152517_1011,raw/cprndNrdmpBlce/00160393_2024_11011.json,fa47468443c68d5860420a2504532c1ca5ea04460d94bfef6298ec98b89d4c0f,0
KB라이프생명보험,생보,보험자회사,00160393,케이비라이프생명보험,2024,11011,사업보고서,IFRS17,E,"보고서 사업연도 >= 2023 이면 IFRS17, 아니면 IFRS4",미상환잔액,합계,"200,000,000,000",2024-12-31,api,-,-,-,-,-,-,"200,000,000,000",cprndNrdmpBlce,"{""bsns_year"": ""2024"", ""corp_code"": ""00160393"", ""reprt_code"": ""11011""}",20250428000500,api_row,2026-08-31T16:04:05+09:00,000,run_20260831_152517_1011,raw/cprndNrdmpBlce/00160393_2024_11011.json,fa47468443c68d5860420a2504532c1ca5ea04460d94bfef6298ec98b89d4c0f,0
KB라이프생명보험,생보,보험자회사,00160393,케이비라이프생명보험,2025,11011,사업보고서,IFRS17,E,"보고서 사업연도 >= 2023 이면 IFRS17, 아니면 IFRS4",미상환잔액,공모,"70,000,000,000",2025-12-31,api,-,-,-,-,-,-,"70,000,000,000",cprndNrdmpBlce,"{""bsns_year"": ""2025"", ""corp_code"": ""00160393"", ""reprt_code"": ""11011""}",20260331003664,api_row,2026-08-31T16:04:24+09:00,000,run_20260831_152517_1019,raw/cprndNrdmpBlce/00160393_2025_11011.json,6a1d9ec4ffd51386da9072687abbab0f6d318817af094d05c56e21e0454246e7,0
KB라이프생명보험,생보,보험자회사,00160393,케이비라이프생명보험,2025,11011,사업보고서,IFRS17,E,"보고서 사업연도 >= 2023 이면 IFRS17, 아니면 IFRS4",미상환잔액,사모,"130,000,000,000",2025-12-31,api,-,-,-,-,-,-,"130,000,000,000",cprndNrdmpBlce,"{""bsns_year"": ""2025"", ""corp_code"": ""00160393"", ""reprt_code"": ""11011""}",20260331003664,api_row,2026-08-31T16:04:24+09:00,000,run_20260831_152517_1019,raw/cprndNrdmpBlce/00160393_2025_11011.json,6a1d9ec4ffd51386da9072687abbab0f6d318817af094d05c56e21e0454246e7,0
KB라이프생명보험,생보,보험자회사,00160393,케이비라이프생명보험,2025,11011,사업보고서,IFRS17,E,"보고서 사업연도 >= 2023 이면 IFRS17, 아니면 IFRS4",미상환잔액,합계,"200,000,000,000",2025-12-31,api,-,-,-,-,-,-,"200,000,000,000",cprndNrdmpBlce,"{""bsns_year"": ""2025"", ""corp_code"": ""00160393"", ""reprt_code"": ""11011""}",20260331003664,api_row,2026-08-31T16:04:24+09:00,000,run_20260831_152517_1019,raw/cprndNrdmpBlce/00160393_2025_11011.json,6a1d9ec4ffd51386da9072687abbab0f6d318817af094d05c56e21e0454246e7,0
KB라이프생명보험,생보,보험자회사,00160393,케이비라이프생명보험,2025,11012,반기보고서,IFRS17,E,"보고서 사업연도 >= 2023 이면 IFRS17, 아니면 IFRS4",미상환잔액,공모,"70,000,000,000",2025-06-30,api,-,-,-,-,-,-,"70,000,000,000",cprndNrdmpBlce,"{""bsns_year"": ""2025"", ""corp_code"": ""00160393"", ""reprt_code"": ""11012""}",20250829001661,api_row,2026-08-31T16:04:53+09:00,000,run_20260831_152517_1028,raw/cprndNrdmpBlce/00160393_2025_11012.json,33044731004261311e54447369b70b53163d9e06f83509581141d056932d4c97,0
KB라이프생명보험,생보,보험자회사,00160393,케이비라이프생명보험,2025,11012,반기보고서,IFRS17,E,"보고서 사업연도 >= 2023 이면 IFRS17, 아니면 IFRS4",미상환잔액,사모,"130,000,000,000",2025-06-30,api,-,-,-,-,-,-,"130,000,000,000",cprndNrdmpBlce,"{""bsns_year"": ""2025"", ""corp_code"": ""00160393"", ""reprt_code"": ""11012""}",20250829001661,api_row,2026-08-31T16:04:53+09:00,000,run_20260831_152517_1028,raw/cprndNrdmpBlce/00160393_2025_11012.json,33044731004261311e54447369b70b53163d9e06f83509581141d056932d4c97,0
KB라이프생명보험,생보,보험자회사,00160393,케이비라이프생명보험,2025,11012,반기보고서,IFRS17,E,"보고서 사업연도 >= 2023 이면 IFRS17, 아니면 IFRS4",미상환잔액,합계,"200,000,000,000",2025-06-30,api,-,-,-,-,-,-,"200,000,000,000",cprndNrdmpBlce,"{""bsns_year"": ""2025"", ""corp_code"": ""00160393"", ""reprt_code"": ""11012""}",20250829001661,api_row,2026-08-31T16:04:53+09:00,000,run_20260831_152517_1028,raw/cprndNrdmpBlce/00160393_2025_11012.json,33044731004261311e54447369b70b53163d9e06f83509581141d056932d4c97,0
KB라이프생명보험,생보,보험자회사,00160393,케이비라이프생명보험,2026,11012,반기보고서,IFRS17,E,"보고서 사업연도 >= 2023 이면 IFRS17, 아니면 IFRS4",미상환잔액,공모,"70,000,000,000",2026-06-30,api,-,-,-,-,-,-,"70,000,000,000",cprndNrdmpBlce,"{""bsns_year"": ""2026"", ""corp_code"": ""00160393"", ""reprt_code"": ""11012""}",20260831001095,api_row,2026-08-31T16:05:13+09:00,000,run_20260831_152517_1037,raw/cprndNrdmpBlce/00160393_2026_11012.json,e07a68b5f73380872f9eac79c77d039e7196c00b50e656f99509c751db4d6da9,0
KB라이프생명보험,생보,보험자회사,00160393,케이비라이프생명보험,2026,11012,반기보고서,IFRS17,E,"보고서 사업연도 >= 2023 이면 IFRS17, 아니면 IFRS4",미상환잔액,사모,-,2026-06-30,api,-,-,-,-,-,-,-,cprndNrdmpBlce,"{""bsns_year"": ""2026"", ""corp_code"": ""00160393"", ""reprt_code"": ""11012""}",20260831001095,api_row,2026-08-31T16:05:13+09:00,000,run_20260831_152517_1037,raw/cprndNrdmpBlce/00160393_2026_11012.json,e07a68b5f73380872f9eac79c77d039e7196c00b50e656f99509c751db4d6da9,0
KB라이프생명보험,생보,보험자회사,00160393,케이비라이프생명보험,2026,11012,반기보고서,IFRS17,E,"보고서 사업연도 >= 2023 이면 IFRS17, 아니면 IFRS4",미상환잔액,합계,"70,000,000,000",2026-06-30,api,-,-,-,-,-,-,"70,000,000,000",cprndNrdmpBlce,"{""bsns_year"": ""2026"", ""corp_code"": ""00160393"", ""reprt_code"": ""11012""}",20260831001095,api_row,2026-08-31T16:05:13+09:00,000,run_20260831_152517_1037,raw/cprndNrdmpBlce/00160393_2026_11012.json,e07a68b5f73380872f9eac79c77d039e7196c00b50e656f99509c751db4d6da9,0
KB생명보험,생보,선행법인,00542065,케이비생명보험,2021,11011,사업보고서,IFRS4,E,"보고서 사업연도 >= 2023 이면 IFRS17, 아니면 IFRS4",미상환잔액,공모,"70,000,000,000",2021-12-31,api,-,-,-,-,-,-,"70,000,000,000",cprndNrdmpBlce,"{""bsns_year"": ""2021"", ""corp_code"": ""00542065"", ""reprt_code"": ""11011""}",20220317000445,api_row,2026-08-31T16:11:55+09:00,000,run_20260831_152517_1340,raw/cprndNrdmpBlce/00542065_2021_11011.json,e2bbe45b5476077b924185231e58118e64ed03303685452f910d568344284779,0
KB생명보험,생보,선행법인,00542065,케이비생명보험,2021,11011,사업보고서,IFRS4,E,"보고서 사업연도 >= 2023 이면 IFRS17, 아니면 IFRS4",미상환잔액,사모,"130,000,000,000",2021-12-31,api,-,-,-,-,-,-,"130,000,000,000",cprndNrdmpBlce,"{""bsns_year"": ""2021"", ""corp_code"": ""00542065"", ""reprt_code"": ""11011""}",20220317000445,api_row,2026-08-31T16:11:55+09:00,000,run_20260831_152517_1340,raw/cprndNrdmpBlce/00542065_2021_11011.json,e2bbe45b5476077b924185231e58118e64ed03303685452f910d568344284779,0
KB생명보험,생보,선행법인,00542065,케이비생명보험,2021,11011,사업보고서,IFRS4,E,"보고서 사업연도 >= 2023 이면 IFRS17, 아니면 IFRS4",미상환잔액,합계,"200,000,000,000",2021-12-31,api,-,-,-,-,-,-,"200,000,000,000",cprndNrdmpBlce,"{""bsns_year"": ""2021"", ""corp_code"": ""00542065"", ""reprt_code"": ""11011""}",20220317000445,api_row,2026-08-31T16:11:55+09:00,000,run_20260831_152517_1340,raw/cprndNrdmpBlce/00542065_2021_11011.json,e2bbe45b5476077b924185231e58118e64ed03303685452f910d568344284779,0
KB손해보험,손보,보험자회사,00120216,KB손해보험,2021,11011,사업보고서,IFRS4,E,"보고서 사업연도 >= 2023 이면 IFRS17, 아니면 IFRS4",미상환잔액,공모,"379,000,000,000",2021-12-31,api,-,-,-,-,-,-,"379,000,000,000",cprndNrdmpBlce,"{""bsns_year"": ""2021"", ""corp_code"": ""00120216"", ""reprt_code"": ""11011""}",20220317000664,api_row,2026-08-31T16:00:11+09:00,000,run_20260831_152517_0922,raw/cprndNrdmpBlce/00120216_2021_11011.json,9b1c9cca21d8c0d28ce6bd56742020e7b4c5f3a55de2acf496114e67cfd578fd,0
KB손해보험,손보,보험자회사,00120216,KB손해보험,2021,11011,사업보고서,IFRS4,E,"보고서 사업연도 >= 2023 이면 IFRS17, 아니면 IFRS4",미상환잔액,사모,-,2021-12-31,api,-,-,-,-,-,-,-,cprndNrdmpBlce,"{""bsns_year"": ""2021"", ""corp_code"": ""00120216"", ""reprt_code"": ""11011""}",20220317000664,api_row,2026-08-31T16:00:11+09:00,000,run_20260831_152517_0922,raw/cprndNrdmpBlce/00120216_2021_11011.json,9b1c9cca21d8c0d28ce6bd56742020e7b4c5f3a55de2acf496114e67cfd578fd,0
KB손해보험,손보,보험자회사,00120216,KB손해보험,2021,11011,사업보고서,IFRS4,E,"보고서 사업연도 >= 2023 이면 IFRS17, 아니면 IFRS4",미상환잔액,합계,"379,000,000,000",2021-12-31,api,-,-,-,-,-,-,"379,000,000,000",cprndNrdmpBlce,"{""bsns_year"": ""2021"", ""corp_code"": ""00120216"", ""reprt_code"": ""11011""}",20220317000664,api_row,2026-08-31T16:00:11+09:00,000,run_20260831_152517_0922,raw/cprndNrdmpBlce/00120216_2021_11011.json,9b1c9cca21d8c0d28ce6bd56742020e7b4c5f3a55de2acf496114e67cfd578fd,0
KB손해보험,손보,보험자회사,00120216,KB손해보험,2022,11011,사업보고서,IFRS4,E,"보고서 사업연도 >= 2023 이면 IFRS17, 아니면 IFRS4",미상환잔액,공모,"665,000,000,000",2022-12-31,api,-,-,-,-,-,-,"665,000,000,000",cprndNrdmpBlce,"{""bsns_year"": ""2022"", ""corp_code"": ""00120216"", ""reprt_code"": ""11011""}",20230316000747,api_row,2026-08-31T16:00:30+09:00,000,run_20260831_152517_0931,raw/cprndNrdmpBlce/00120216_2022_11011.json,9d0f0bc58cfdb1ef312ecc694a6fa3ee7ae2b70302bcb58aab4360bb237afd3e,0
KB손해보험,손보,보험자회사,00120216,KB손해보험,2022,11011,사업보고서,IFRS4,E,"보고서 사업연도 >= 2023 이면 IFRS17, 아니면 IFRS4",미상환잔액,사모,-,2022-12-31,api,-,-,-,-,-,-,-,cprndNrdmpBlce,"{""bsns_year"": ""2022"", ""corp_code"": ""00120216"", ""reprt_code"": ""11011""}",20230316000747,api_row,2026-08-31T16:00:30+09:00,000,run_20260831_152517_0931,raw/cprndNrdmpBlce/00120216_2022_11011.json,9d0f0bc58cfdb1ef312ecc694a6fa3ee7ae2b70302bcb58aab4360bb237afd3e,0
KB손해보험,손보,보험자회사,00120216,KB손해보험,2022,11011,사업보고서,IFRS4,E,"보고서 사업연도 >= 2023 이면 IFRS17, 아니면 IFRS4",미상환잔액,합계,"665,000,000,000",2022-12-31,api,-,-,-,-,-,-,"665,000,000,000",cprndNrdmpBlce,"{""bsns_year"": ""2022"", ""corp_code"": ""00120216"", ""reprt_code"": ""11011""}",20230316000747,api_row,2026-08-31T16:00:30+09:00,000,run_20260831_152517_0931,raw/cprndNrdmpBlce/00120216_2022_11011.json,9d0f0bc58cfdb1ef312ecc694a6fa3ee7ae2b70302bcb58aab4360bb237afd3e,0
KB손해보험,손보,보험자회사,00120216,KB손해보험,2023,11011,사업보고서,IFRS17,E,"보고서 사업연도 >= 2023 이면 IFRS17, 아니면 IFRS4",미상환잔액,공모,"665,000,000,000",2023-12-31,api,-,-,-,-,-,-,"665,000,000,000",cprndNrdmpBlce,"{""bsns_year"": ""2023"", ""corp_code"": ""00120216"", ""reprt_code"": ""11011""}",20240430000217,api_row,2026-08-31T16:00:47+09:00,000,run_20260831_152517_0940,raw/cprndNrdmpBlce/00120216_2023_11011.json,9be6034f12a9cb761c98992355fa97f3a205a984447f65545ab36e3509bcf432,0
KB손해보험,손보,보험자회사,00120216,KB손해보험,2023,11011,사업보고서,IFRS17,E,"보고서 사업연도 >= 2023 이면 IFRS17, 아니면 IFRS4",미상환잔액,사모,-,2023-12-31,api,-,-,-,-,-,-,-,cprndNrdmpBlce,"{""bsns_year"": ""2023"", ""corp_code"": ""00120216"", ""reprt_code"": ""11011""}",20240430000217,api_row,2026-08-31T16:00:47+09:00,000,run_20260831_152517_0940,raw/cprndNrdmpBlce/00120216_2023_11011.json,9be6034f12a9cb761c98992355fa97f3a205a984447f65545ab36e3509bcf432,0
KB손해보험,손보,보험자회사,00120216,KB손해보험,2023,11011,사업보고서,IFRS17,E,"보고서 사업연도 >= 2023 이면 IFRS17, 아니면 IFRS4",미상환잔액,합계,"665,000,000,000",2023-12-31,api,-,-,-,-,-,-,"665,000,000,000",cprndNrdmpBlce,"{""bsns_year"": ""2023"", ""corp_code"": ""00120216"", ""reprt_code"": ""11011""}",20240430000217,api_row,2026-08-31T16:00:47+09:00,000,run_20260831_152517_0940,raw/cprndNrdmpBlce/00120216_2023_11011.json,9be6034f12a9cb761c98992355fa97f3a205a984447f65545ab36e3509bcf432,0
KB손해보험,손보,보험자회사,00120216,KB손해보험,2024,11011,사업보고서,IFRS17,E,"보고서 사업연도 >= 2023 이면 IFRS17, 아니면 IFRS4",미상환잔액,공모,"665,000,000,000",2024-12-31,api,-,-,-,-,-,-,"665,000,000,000",cprndNrdmpBlce,"{""bsns_year"": ""2024"", ""corp_code"": ""00120216"", ""reprt_code"": ""11011""}",20250331004034,api_row,2026-08-31T16:01:21+09:00,000,run_20260831_152517_0949,raw/cprndNrdmpBlce/00120216_2024_11011.json,ed3b12f483cd36a0d5cd3cc95ef65c9a67a78bb9177fe784b99a7efa2f6937ee,0
KB손해보험,손보,보험자회사,00120216,KB손해보험,2024,11011,사업보고서,IFRS17,E,"보고서 사업연도 >= 2023 이면 IFRS17, 아니면 IFRS4",미상환잔액,사모,-,2024-12-31,api,-,-,-,-,-,-,-,cprndNrdmpBlce,"{""bsns_year"": ""2024"", ""corp_code"": ""00120216"", ""reprt_code"": ""11011""}",20250331004034,api_row,2026-08-31T16:01:21+09:00,000,run_20260831_152517_0949,raw/cprndNrdmpBlce/00120216_2024_11011.json,ed3b12f483cd36a0d5cd3cc95ef65c9a67a78bb9177fe784b99a7efa2f6937ee,0
KB손해보험,손보,보험자회사,00120216,KB손해보험,2024,11011,사업보고서,IFRS17,E,"보고서 사업연도 >= 2023 이면 IFRS17, 아니면 IFRS4",미상환잔액,합계,"665,000,000,000",2024-12-31,api,-,-,-,-,-,-,"665,000,000,000",cprndNrdmpBlce,"{""bsns_year"": ""2024"", ""corp_code"": ""00120216"", ""reprt_code"": ""11011""}",20250331004034,api_row,2026-08-31T16:01:21+09:00,000,run_20260831_152517_0949,raw/cprndNrdmpBlce/00120216_2024_11011.json,ed3b12f483cd36a0d5cd3cc95ef65c9a67a78bb9177fe784b99a7efa2f6937ee,0
KB손해보험,손보,보험자회사,00120216,KB손해보험,2025,11011,사업보고서,IFRS17,E,"보고서 사업연도 >= 2023 이면 IFRS17, 아니면 IFRS4",미상환잔액,공모,"1,265,000,000,000",2025-12-31,api,-,-,-,-,-,-,"1,265,000,000,000",cprndNrdmpBlce,"{""bsns_year"": ""2025"", ""corp_code"": ""00120216"", ""reprt_code"": ""11011""}",20260331003209,api_row,2026-08-31T16:01:43+09:00,000,run_20260831_152517_0957,raw/cprndNrdmpBlce/00120216_2025_11011.json,035ce5728fb87f88b68c2bb005c644c80035655a904f2e64aaa0e8fecbfd2803,0
KB손해보험,손보,보험자회사,00120216,KB손해보험,2025,11011,사업보고서,IFRS17,E,"보고서 사업연도 >= 2023 이면 IFRS17, 아니면 IFRS4",미상환잔액,사모,-,2025-12-31,api,-,-,-,-,-,-,-,cprndNrdmpBlce,"{""bsns_year"": ""2025"", ""corp_code"": ""00120216"", ""reprt_code"": ""11011""}",20260331003209,api_row,2026-08-31T16:01:43+09:00,000,run_20260831_152517_0957,raw/cprndNrdmpBlce/00120216_2025_11011.json,035ce5728fb87f88b68c2bb005c644c80035655a904f2e64aaa0e8fecbfd2803,0
KB손해보험,손보,보험자회사,00120216,KB손해보험,2025,11011,사업보고서,IFRS17,E,"보고서 사업연도 >= 2023 이면 IFRS17, 아니면 IFRS4",미상환잔액,합계,"1,265,000,000,000",2025-12-31,api,-,-,-,-,-,-,"1,265,000,000,000",cprndNrdmpBlce,"{""bsns_year"": ""2025"", ""corp_code"": ""00120216"", ""reprt_code"": ""11011""}",20260331003209,api_row,2026-08-31T16:01:43+09:00,000,run_20260831_152517_0957,raw/cprndNrdmpBlce/00120216_2025_11011.json,035ce5728fb87f88b68c2bb005c644c80035655a904f2e64aaa0e8fecbfd2803,0
KB손해보험,손보,보험자회사,00120216,KB손해보험,2025,11012,반기보고서,IFRS17,E,"보고서 사업연도 >= 2023 이면 IFRS17, 아니면 IFRS4",미상환잔액,공모,"1,265,000,000,000",2025-06-30,api,-,-,-,-,-,-,"1,265,000,000,000",cprndNrdmpBlce,"{""bsns_year"": ""2025"", ""corp_code"": ""00120216"", ""reprt_code"": ""11012""}",20250829001942,api_row,2026-08-31T16:02:15+09:00,000,run_20260831_152517_0966,raw/cprndNrdmpBlce/00120216_2025_11012.json,ed8e4e28440e179ff1a805fd0056a2e8bb15adb3159471d89af5e6820bca678a,0
KB손해보험,손보,보험자회사,00120216,KB손해보험,2025,11012,반기보고서,IFRS17,E,"보고서 사업연도 >= 2023 이면 IFRS17, 아니면 IFRS4",미상환잔액,사모,-,2025-06-30,api,-,-,-,-,-,-,-,cprndNrdmpBlce,"{""bsns_year"": ""2025"", ""corp_code"": ""00120216"", ""reprt_code"": ""11012""}",20250829001942,api_row,2026-08-31T16:02:15+09:00,000,run_20260831_152517_0966,raw/cprndNrdmpBlce/00120216_2025_11012.json,ed8e4e28440e179ff1a805fd0056a2e8bb15adb3159471d89af5e6820bca678a,0
KB손해보험,손보,보험자회사,00120216,KB손해보험,2025,11012,반기보고서,IFRS17,E,"보고서 사업연도 >= 2023 이면 IFRS17, 아니면 IFRS4",미상환잔액,합계,"1,265,000,000,000",2025-06-30,api,-,-,-,-,-,-,"1,265,000,000,000",cprndNrdmpBlce,"{""bsns_year"": ""2025"", ""corp_code"": ""00120216"", ""reprt_code"": ""11012""}",20250829001942,api_row,2026-08-31T16:02:15+09:00,000,run_20260831_152517_0966,raw/cprndNrdmpBlce/00120216_2025_11012.json,ed8e4e28440e179ff1a805fd0056a2e8bb15adb3159471d89af5e6820bca678a,0
KB손해보험,손보,보험자회사,00120216,KB손해보험,2026,11012,반기보고서,IFRS17,E,"보고서 사업연도 >= 2023 이면 IFRS17, 아니면 IFRS4",미상환잔액,공모,"886,000,000,000",2026-06-30,api,-,-,-,-,-,-,"886,000,000,000",cprndNrdmpBlce,"{""bsns_year"": ""2026"", ""corp_code"": ""00120216"", ""reprt_code"": ""11012""}",20260831001102,api_row,2026-08-31T16:02:45+09:00,000,run_20260831_152517_0975,raw/cprndNrdmpBlce/00120216_2026_11012.json,766e26abdde0b5684452e0731b3b3f19ea04e5cf81ab8667ea16597c663c397a,0
KB손해보험,손보,보험자회사,00120216,KB손해보험,2026,11012,반기보고서,IFRS17,E,"보고서 사업연도 >= 2023 이면 IFRS17, 아니면 IFRS4",미상환잔액,사모,-,2026-06-30,api,-,-,-,-,-,-,-,cprndNrdmpBlce,"{""bsns_year"": ""2026"", ""corp_code"": ""00120216"", ""reprt_code"": ""11012""}",20260831001102,api_row,2026-08-31T16:02:45+09:00,000,run_20260831_152517_0975,raw/cprndNrdmpBlce/00120216_2026_11012.json,766e26abdde0b5684452e0731b3b3f19ea04e5cf81ab8667ea16597c663c397a,0
KB손해보험,손보,보험자회사,00120216,KB손해보험,2026,11012,반기보고서,IFRS17,E,"보고서 사업연도 >= 2023 이면 IFRS17, 아니면 IFRS4",미상환잔액,합계,"886,000,000,000",2026-06-30,api,-,-,-,-,-,-,"886,000,000,000",cprndNrdmpBlce,"{""bsns_year"": ""2026"", ""corp_code"": ""00120216"", ""reprt_code"": ""11012""}",20260831001102,api_row,2026-08-31T16:02:45+09:00,000,run_20260831_152517_0975,raw/cprndNrdmpBlce/00120216_2026_11012.json,766e26abdde0b5684452e0731b3b3f19ea04e5cf81ab8667ea16597c663c397a,0
iM금융지주,지주,지주,00878915,iM금융지주,2015,11011,사업보고서,IFRS4,Y,"보고서 사업연도 >= 2023 이면 IFRS17, 아니면 IFRS4",미상환잔액,공모,"520,000,000,000",2015-12-31,api,-,"70,000,000,000","200,000,000,000","100,000,000,000","50,000,000,000","100,000,000,000",-,cprndNrdmpBlce,"{""bsns_year"": ""2015"", ""corp_code"": ""00878915"", ""reprt_code"": ""11011""}",20160330001005,api_row,2026-08-31T15:39:13+09:00,000,run_20260831_152517_0360,raw/cprndNrdmpBlce/00878915_2015_11011.json,d1b792f9f702a2552e7ad863df388046d3cb0d8bcb5a8c3492dc35000e0ac4a8,0
iM금융지주,지주,지주,00878915,iM금융지주,2015,11011,사업보고서,IFRS4,Y,"보고서 사업연도 >= 2023 이면 IFRS17, 아니면 IFRS4",미상환잔액,사모,-,2015-12-31,api,-,-,-,-,-,-,-,cprndNrdmpBlce,"{""bsns_year"": ""2015"", ""corp_code"": ""00878915"", ""reprt_code"": ""11011""}",20160330001005,api_row,2026-08-31T15:39:13+09:00,000,run_20260831_152517_0360,raw/cprndNrdmpBlce/00878915_2015_11011.json,d1b792f9f702a2552e7ad863df388046d3cb0d8bcb5a8c3492dc35000e0ac4a8,0
iM금융지주,지주,지주,00878915,iM금융지주,2015,11011,사업보고서,IFRS4,Y,"보고서 사업연도 >= 2023 이면 IFRS17, 아니면 IFRS4",미상환잔액,합계,"520,000,000,000",2015-12-31,api,-,"70,000,000,000","200,000,000,000","100,000,000,000","50,000,000,000","100,000,000,000",-,cprndNrdmpBlce,"{""bsns_year"": ""2015"", ""corp_code"": ""00878915"", ""reprt_code"": ""11011""}",20160330001005,api_row,2026-08-31T15:39:13+09:00,000,run_20260831_152517_0360,raw/cprndNrdmpBlce/00878915_2015_11011.json,d1b792f9f702a2552e7ad863df388046d3cb0d8bcb5a8c3492dc35000e0ac4a8,0
iM금융지주,지주,지주,00878915,iM금융지주,2016,11011,사업보고서,IFRS4,Y,"보고서 사업연도 >= 2023 이면 IFRS17, 아니면 IFRS4",미상환잔액,공모,"560,000,000,000",2016-12-31,api,-,"200,000,000,000","100,000,000,000","100,000,000,000","100,000,000,000","60,000,000,000",-,cprndNrdmpBlce,"{""bsns_year"": ""2016"", ""corp_code"": ""00878915"", ""reprt_code"": ""11011""}",20170331003962,api_row,2026-08-31T15:39:23+09:00,000,run_20260831_152517_0369,raw/cprndNrdmpBlce/00878915_2016_11011.json,623ffc985f8836f0d832f792668871f598c49cb1ec025ccce0f9728bf3e8ce78,0
iM금융지주,지주,지주,00878915,iM금융지주,2016,11011,사업보고서,IFRS4,Y,"보고서 사업연도 >= 2023 이면 IFRS17, 아니면 IFRS4",미상환잔액,사모,-,2016-12-31,api,-,-,-,-,-,-,-,cprndNrdmpBlce,"{""bsns_year"": ""2016"", ""corp_code"": ""00878915"", ""reprt_code"": ""11011""}",20170331003962,api_row,2026-08-31T15:39:23+09:00,000,run_20260831_152517_0369,raw/cprndNrdmpBlce/00878915_2016_11011.json,623ffc985f8836f0d832f792668871f598c49cb1ec025ccce0f9728bf3e8ce78,0
iM금융지주,지주,지주,00878915,iM금융지주,2016,11011,사업보고서,IFRS4,Y,"보고서 사업연도 >= 2023 이면 IFRS17, 아니면 IFRS4",미상환잔액,합계,"560,000,000,000",2016-12-31,api,-,"200,000,000,000","100,000,000,000","100,000,000,000","100,000,000,000","60,000,000,000",-,cprndNrdmpBlce,"{""bsns_year"": ""2016"", ""corp_code"": ""00878915"", ""reprt_code"": ""11011""}",20170331003962,api_row,2026-08-31T15:39:23+09:00,000,run_20260831_152517_0369,raw/cprndNrdmpBlce/00878915_2016_11011.json,623ffc985f8836f0d832f792668871f598c49cb1ec025ccce0f9728bf3e8ce78,0
iM금융지주,지주,지주,00878915,iM금융지주,2017,11011,사업보고서,IFRS4,Y,"보고서 사업연도 >= 2023 이면 IFRS17, 아니면 IFRS4",미상환잔액,공모,"560,000,000,000",2017-12-31,api,-,"100,000,000,000","100,000,000,000","150,000,000,000","60,000,000,000","100,000,000,000","50,000,000,000",cprndNrdmpBlce,"{""bsns_year"": ""2017"", ""corp_code"": ""00878915"", ""reprt_code"": ""11011""}",20180402004848,api_row,2026-08-31T15:39:33+09:00,000,run_20260831_152517_0378,raw/cprndNrdmpBlce/00878915_2017_11011.json,3184b2b2bbf8de8e5aa48e436e34bf025e9acdd4701d687d42a78f8d79835a7f,0
iM금융지주,지주,지주,00878915,iM금융지주,2017,11011,사업보고서,IFRS4,Y,"보고서 사업연도 >= 2023 이면 IFRS17, 아니면 IFRS4",미상환잔액,사모,-,2017-12-31,api,-,-,-,-,-,-,-,cprndNrdmpBlce,"{""bsns_year"": ""2017"", ""corp_code"": ""00878915"", ""reprt_code"": ""11011""}",20180402004848,api_row,2026-08-31T15:39:33+09:00,000,run_20260831_152517_0378,raw/cprndNrdmpBlce/00878915_2017_11011.json,3184b2b2bbf8de8e5aa48e436e34bf025e9acdd4701d687d42a78f8d79835a7f,0
iM금융지주,지주,지주,00878915,iM금융지주,2017,11011,사업보고서,IFRS4,Y,"보고서 사업연도 >= 2023 이면 IFRS17, 아니면 IFRS4",미상환잔액,합계,"560,000,000,000",2017-12-31,api,-,"100,000,000,000","100,000,000,000","150,000,000,000","60,000,000,000","100,000,000,000","50,000,000,000",cprndNrdmpBlce,"{""bsns_year"": ""2017"", ""corp_code"": ""00878915"", ""reprt_code"": ""11011""}",20180402004848,api_row,2026-08-31T15:39:33+09:00,000,run_20260831_152517_0378,raw/cprndNrdmpBlce/00878915_2017_11011.json,3184b2b2bbf8de8e5aa48e436e34bf025e9acdd4701d687d42a78f8d79835a7f,0
iM금융지주,지주,지주,00878915,iM금융지주,2018,11011,사업보고서,IFRS4,Y,"보고서 사업연도 >= 2023 이면 IFRS17, 아니면 IFRS4",미상환잔액,공모,"880,000,000,000",2018-12-31,api,-,"100,000,000,000","150,000,000,000","230,000,000,000","100,000,000,000","100,000,000,000","200,000,000,000",cprndNrdmpBlce,"{""bsns_year"": ""2018"", ""corp_code"": ""00878915"", ""reprt_code"": ""11011""}",20190401004795,api_row,2026-08-31T15:39:43+09:00,000,run_20260831_152517_0387,raw/cprndNrdmpBlce/00878915_2018_11011.json,7ed57484e5ca81998976aec0d3f7caae610c0951359fbd7c0b60aa5715d3382f,0
iM금융지주,지주,지주,00878915,iM금융지주,2018,11011,사업보고서,IFRS4,Y,"보고서 사업연도 >= 2023 이면 IFRS17, 아니면 IFRS4",미상환잔액,사모,-,2018-12-31,api,-,-,-,-,-,-,-,cprndNrdmpBlce,"{""bsns_year"": ""2018"", ""corp_code"": ""00878915"", ""reprt_code"": ""11011""}",20190401004795,api_row,2026-08-31T15:39:43+09:00,000,run_20260831_152517_0387,raw/cprndNrdmpBlce/00878915_2018_11011.json,7ed57484e5ca81998976aec0d3f7caae610c0951359fbd7c0b60aa5715d3382f,0
iM금융지주,지주,지주,00878915,iM금융지주,2018,11011,사업보고서,IFRS4,Y,"보고서 사업연도 >= 2023 이면 IFRS17, 아니면 IFRS4",미상환잔액,합계,"880,000,000,000",2018-12-31,api,-,"100,000,000,000","150,000,000,000","230,000,000,000","100,000,000,000","100,000,000,000","200,000,000,000",cprndNrdmpBlce,"{""bsns_year"": ""2018"", ""corp_code"": ""00878915"", ""reprt_code"": ""11011""}",20190401004795,api_row,2026-08-31T15:39:43+09:00,000,run_20260831_152517_0387,raw/cprndNrdmpBlce/00878915_2018_11011.json,7ed57484e5ca81998976aec0d3f7caae610c0951359fbd7c0b60aa5715d3382f,0
iM금융지주,지주,지주,00878915,iM금융지주,2019,11011,사업보고서,IFRS4,Y,"보고서 사업연도 >= 2023 이면 IFRS17, 아니면 IFRS4",미상환잔액,공모,"890,000,000,000",2019-12-31,api,-,"150,000,000,000","230,000,000,000","100,000,000,000","100,000,000,000","160,000,000,000","150,000,000,000",cprndNrdmpBlce,"{""bsns_year"": ""2019"", ""corp_code"": ""00878915"", ""reprt_code"": ""11011""}",20200330003513,api_row,2026-08-31T15:39:53+09:00,000,run_20260831_152517_0396,raw/cprndNrdmpBlce/00878915_2019_11011.json,41c69a0ac2101550b11e00566a3bc6c2b0713d238e880139825c5d4bd16c0ad2,0
iM금융지주,지주,지주,00878915,iM금융지주,2019,11011,사업보고서,IFRS4,Y,"보고서 사업연도 >= 2023 이면 IFRS17, 아니면 IFRS4",미상환잔액,사모,-,2019-12-31,api,-,-,-,-,-,-,-,cprndNrdmpBlce,"{""bsns_year"": ""2019"", ""corp_code"": ""00878915"", ""reprt_code"": ""11011""}",20200330003513,api_row,2026-08-31T15:39:53+09:00,000,run_20260831_152517_0396,raw/cprndNrdmpBlce/00878915_2019_11011.json,41c69a0ac2101550b11e00566a3bc6c2b0713d238e880139825c5d4bd16c0ad2,0
iM금융지주,지주,지주,00878915,iM금융지주,2019,11011,사업보고서,IFRS4,Y,"보고서 사업연도 >= 2023 이면 IFRS17, 아니면 IFRS4",미상환잔액,합계,"890,000,000,000",2019-12-31,api,-,"150,000,000,000","230,000,000,000","100,000,000,000","100,000,000,000","160,000,000,000","150,000,000,000",cprndNrdmpBlce,"{""bsns_year"": ""2019"", ""corp_code"": ""00878915"", ""reprt_code"": ""11011""}",20200330003513,api_row,2026-08-31T15:39:53+09:00,000,run_20260831_152517_0396,raw/cprndNrdmpBlce/00878915_2019_11011.json,41c69a0ac2101550b11e00566a3bc6c2b0713d238e880139825c5d4bd16c0ad2,0
iM금융지주,지주,지주,00878915,iM금융지주,2020,11011,사업보고서,IFRS4,Y,"보고서 사업연도 >= 2023 이면 IFRS17, 아니면 IFRS4",미상환잔액,공모,"760,000,000,000",2020-12-31,api,-,"230,000,000,000","120,000,000,000","100,000,000,000","160,000,000,000",-,"150,000,000,000",cprndNrdmpBlce,"{""bsns_year"": ""2020"", ""corp_code"": ""00878915"", ""reprt_code"": ""11011""}",20210318000803,api_row,2026-08-31T15:40:04+09:00,000,run_20260831_152517_0405,raw/cprndNrdmpBlce/00878915_2020_11011.json,95f1307c0177257cb32dc6f72c9661e3b601879c932f15864fc0b072f3e734e1,0
iM금융지주,지주,지주,00878915,iM금융지주,2020,11011,사업보고서,IFRS4,Y,"보고서 사업연도 >= 2023 이면 IFRS17, 아니면 IFRS4",미상환잔액,사모,-,2020-12-31,api,-,-,-,-,-,-,-,cprndNrdmpBlce,"{""bsns_year"": ""2020"", ""corp_code"": ""00878915"", ""reprt_code"": ""11011""}",20210318000803,api_row,2026-08-31T15:40:04+09:00,000,run_20260831_152517_0405,raw/cprndNrdmpBlce/00878915_2020_11011.json,95f1307c0177257cb32dc6f72c9661e3b601879c932f15864fc0b072f3e734e1,0
iM금융지주,지주,지주,00878915,iM금융지주,2020,11011,사업보고서,IFRS4,Y,"보고서 사업연도 >= 2023 이면 IFRS17, 아니면 IFRS4",미상환잔액,합계,"760,000,000,000",2020-12-31,api,-,"230,000,000,000","120,000,000,000","100,000,000,000","160,000,000,000",-,"150,000,000,000",cprndNrdmpBlce,"{""bsns_year"": ""2020"", ""corp_code"": ""00878915"", ""reprt_code"": ""11011""}",20210318000803,api_row,2026-08-31T15:40:04+09:00,000,run_20260831_152517_0405,raw/cprndNrdmpBlce/00878915_2020_11011.json,95f1307c0177257cb32dc6f72c9661e3b601879c932f15864fc0b072f3e734e1,0
iM금융지주,지주,지주,00878915,iM금융지주,2021,11011,사업보고서,IFRS4,Y,"보고서 사업연도 >= 2023 이면 IFRS17, 아니면 IFRS4",미상환잔액,공모,"5,773,950,000,000",2021-12-31,api,-,"2,278,300,000,000","1,985,650,000,000","1,180,000,000,000","160,000,000,000","20,000,000,000","150,000,000,000",cprndNrdmpBlce,"{""bsns_year"": ""2021"", ""corp_code"": ""00878915"", ""reprt_code"": ""11011""}",20220317001101,api_row,2026-08-31T15:40:15+09:00,000,run_20260831_152517_0414,raw/cprndNrdmpBlce/00878915_2021_11011.json,c2c1a843bca7898666254b7ecf2e0de26b0787df3628bd7ed623edef0889983d,0
iM금융지주,지주,지주,00878915,iM금융지주,2021,11011,사업보고서,IFRS4,Y,"보고서 사업연도 >= 2023 이면 IFRS17, 아니면 IFRS4",미상환잔액,사모,"175,000,000,000",2021-12-31,api,-,"75,000,000,000",-,-,-,-,"100,000,000,000",cprndNrdmpBlce,"{""bsns_year"": ""2021"", ""corp_code"": ""00878915"", ""reprt_code"": ""11011""}",20220317001101,api_row,2026-08-31T15:40:15+09:00,000,run_20260831_152517_0414,raw/cprndNrdmpBlce/00878915_2021_11011.json,c2c1a843bca7898666254b7ecf2e0de26b0787df3628bd7ed623edef0889983d,0
iM금융지주,지주,지주,00878915,iM금융지주,2021,11011,사업보고서,IFRS4,Y,"보고서 사업연도 >= 2023 이면 IFRS17, 아니면 IFRS4",미상환잔액,합계,"5,948,950,000,000",2021-12-31,api,-,"2,353,300,000,000","1,985,650,000,000","1,180,000,000,000","160,000,000,000","20,000,000,000","250,000,000,000",cprndNrdmpBlce,"{""bsns_year"": ""2021"", ""corp_code"": ""00878915"", ""reprt_code"": ""11011""}",20220317001101,api_row,2026-08-31T15:40:15+09:00,000,run_20260831_152517_0414,raw/cprndNrdmpBlce/00878915_2021_11011.json,c2c1a843bca7898666254b7ecf2e0de26b0787df3628bd7ed623edef0889983d,0
iM금융지주,지주,지주,00878915,iM금융지주,2022,11011,사업보고서,IFRS4,Y,"보고서 사업연도 >= 2023 이면 IFRS17, 아니면 IFRS4",미상환잔액,공모,"6,060,190,000,000",2022-12-31,api,-,"3,319,190,000,000","1,920,000,000,000","451,000,000,000","20,000,000,000","200,000,000,000","150,000,000,000",cprndNrdmpBlce,"{""bsns_year"": ""2022"", ""corp_code"": ""00878915"", ""reprt_code"": ""11011""}",20230322000869,api_row,2026-08-31T15:40:25+09:00,000,run_20260831_152517_0423,raw/cprndNrdmpBlce/00878915_2022_11011.json,9ed3be5f6aa2fbc2e63b36155d5a8c4f5cc556b7f8a07a56560aaaa96f3c9fab,0
iM금융지주,지주,지주,00878915,iM금융지주,2022,11011,사업보고서,IFRS4,Y,"보고서 사업연도 >= 2023 이면 IFRS17, 아니면 IFRS4",미상환잔액,사모,"152,500,000,000",2022-12-31,api,-,-,-,"52,500,000,000",-,-,"100,000,000,000",cprndNrdmpBlce,"{""bsns_year"": ""2022"", ""corp_code"": ""00878915"", ""reprt_code"": ""11011""}",20230322000869,api_row,2026-08-31T15:40:25+09:00,000,run_20260831_152517_0423,raw/cprndNrdmpBlce/00878915_2022_11011.json,9ed3be5f6aa2fbc2e63b36155d5a8c4f5cc556b7f8a07a56560aaaa96f3c9fab,0
iM금융지주,지주,지주,00878915,iM금융지주,2022,11011,사업보고서,IFRS4,Y,"보고서 사업연도 >= 2023 이면 IFRS17, 아니면 IFRS4",미상환잔액,합계,"6,212,690,000,000",2022-12-31,api,-,"3,319,190,000,000","1,920,000,000,000","503,500,000,000","20,000,000,000","200,000,000,000","250,000,000,000",cprndNrdmpBlce,"{""bsns_year"": ""2022"", ""corp_code"": ""00878915"", ""reprt_code"": ""11011""}",20230322000869,api_row,2026-08-31T15:40:25+09:00,000,run_20260831_152517_0423,raw/cprndNrdmpBlce/00878915_2022_11011.json,9ed3be5f6aa2fbc2e63b36155d5a8c4f5cc556b7f8a07a56560aaaa96f3c9fab,0
iM금융지주,지주,지주,00878915,iM금융지주,2023,11011,사업보고서,IFRS17,Y,"보고서 사업연도 >= 2023 이면 IFRS17, 아니면 IFRS4",미상환잔액,공모,"6,046,000,000,000",2023-12-31,api,-,"3,560,000,000,000","1,356,000,000,000","700,000,000,000","200,000,000,000","230,000,000,000",-,cprndNrdmpBlce,"{""bsns_year"": ""2023"", ""corp_code"": ""00878915"", ""reprt_code"": ""11011""}",20240430000805,api_row,2026-08-31T15:40:36+09:00,000,run_20260831_152517_0432,raw/cprndNrdmpBlce/00878915_2023_11011.json,cf75e3d2a1fd475b7e4560962940d24a3d511712fbb2194bb19426903d38de26,0
iM금융지주,지주,지주,00878915,iM금융지주,2023,11011,사업보고서,IFRS17,Y,"보고서 사업연도 >= 2023 이면 IFRS17, 아니면 IFRS4",미상환잔액,사모,"102,500,000,000",2023-12-31,api,-,-,"52,500,000,000",-,-,-,"50,000,000,000",cprndNrdmpBlce,"{""bsns_year"": ""2023"", ""corp_code"": ""00878915"", ""reprt_code"": ""11011""}",20240430000805,api_row,2026-08-31T15:40:36+09:00,000,run_20260831_152517_0432,raw/cprndNrdmpBlce/00878915_2023_11011.json,cf75e3d2a1fd475b7e4560962940d24a3d511712fbb2194bb19426903d38de26,0
iM금융지주,지주,지주,00878915,iM금융지주,2023,11011,사업보고서,IFRS17,Y,"보고서 사업연도 >= 2023 이면 IFRS17, 아니면 IFRS4",미상환잔액,합계,"6,148,500,000,000",2023-12-31,api,-,"3,560,000,000,000","1,408,500,000,000","700,000,000,000","200,000,000,000","230,000,000,000","50,000,000,000",cprndNrdmpBlce,"{""bsns_year"": ""2023"", ""corp_code"": ""00878915"", ""reprt_code"": ""11011""}",20240430000805,api_row,2026-08-31T15:40:36+09:00,000,run_20260831_152517_0432,raw/cprndNrdmpBlce/00878915_2023_11011.json,cf75e3d2a1fd475b7e4560962940d24a3d511712fbb2194bb19426903d38de26,0
iM금융지주,지주,지주,00878915,iM금융지주,2024,11011,사업보고서,IFRS17,Y,"보고서 사업연도 >= 2023 이면 IFRS17, 아니면 IFRS4",미상환잔액,공모,"5,801,000,000,000",2024-12-31,api,-,"2,536,000,000,000","1,575,000,000,000","1,460,000,000,000","230,000,000,000",-,-,cprndNrdmpBlce,"{""bsns_year"": ""2024"", ""corp_code"": ""00878915"", ""reprt_code"": ""11011""}",20250318000693,api_row,2026-08-31T15:41:05+09:00,000,run_20260831_152517_0441,raw/cprndNrdmpBlce/00878915_2024_11011.json,2f9f6f385abed4cd2dec5d5b16124c7391811b7b5d2f798e7235592b3fb3eadc,0
iM금융지주,지주,지주,00878915,iM금융지주,2024,11011,사업보고서,IFRS17,Y,"보고서 사업연도 >= 2023 이면 IFRS17, 아니면 IFRS4",미상환잔액,사모,"347,500,000,000",2024-12-31,api,-,"52,500,000,000",-,-,-,-,"295,000,000,000",cprndNrdmpBlce,"{""bsns_year"": ""2024"", ""corp_code"": ""00878915"", ""reprt_code"": ""11011""}",20250318000693,api_row,2026-08-31T15:41:05+09:00,000,run_20260831_152517_0441,raw/cprndNrdmpBlce/00878915_2024_11011.json,2f9f6f385abed4cd2dec5d5b16124c7391811b7b5d2f798e7235592b3fb3eadc,0
iM금융지주,지주,지주,00878915,iM금융지주,2024,11011,사업보고서,IFRS17,Y,"보고서 사업연도 >= 2023 이면 IFRS17, 아니면 IFRS4",미상환잔액,합계,"6,148,500,000,000",2024-12-31,api,-,"2,588,500,000,000","1,575,000,000,000","1,460,000,000,000","230,000,000,000",-,"295,000,000,000",cprndNrdmpBlce,"{""bsns_year"": ""2024"", ""corp_code"": ""00878915"", ""reprt_code"": ""11011""}",20250318000693,api_row,2026-08-31T15:41:05+09:00,000,run_20260831_152517_0441,raw/cprndNrdmpBlce/00878915_2024_11011.json,2f9f6f385abed4cd2dec5d5b16124c7391811b7b5d2f798e7235592b3fb3eadc,0
iM금융지주,지주,지주,00878915,iM금융지주,2025,11011,사업보고서,IFRS17,Y,"보고서 사업연도 >= 2023 이면 IFRS17, 아니면 IFRS4",미상환잔액,공모,"7,825,000,000,000",2025-12-31,api,-,"3,065,000,000,000","2,970,000,000,000","1,370,000,000,000",-,"420,000,000,000",-,cprndNrdmpBlce,"{""bsns_year"": ""2025"", ""corp_code"": ""00878915"", ""reprt_code"": ""11011""}",20260515000720,api_row,2026-08-31T15:41:34+09:00,000,run_20260831_152517_0450,raw/cprndNrdmpBlce/00878915_2025_11011.json,79545b84f738706fa2e6b5164ab168aeb8f3dfd2caf6537e4d902870a07cbc40,0
iM금융지주,지주,지주,00878915,iM금융지주,2025,11011,사업보고서,IFRS17,Y,"보고서 사업연도 >= 2023 이면 IFRS17, 아니면 IFRS4",미상환잔액,사모,"270,000,000,000",2025-12-31,api,-,-,-,-,-,"45,000,000,000","225,000,000,000",cprndNrdmpBlce,"{""bsns_year"": ""2025"", ""corp_code"": ""00878915"", ""reprt_code"": ""11011""}",20260515000720,api_row,2026-08-31T15:41:34+09:00,000,run_20260831_152517_0450,raw/cprndNrdmpBlce/00878915_2025_11011.json,79545b84f738706fa2e6b5164ab168aeb8f3dfd2caf6537e4d902870a07cbc40,0
iM금융지주,지주,지주,00878915,iM금융지주,2025,11011,사업보고서,IFRS17,Y,"보고서 사업연도 >= 2023 이면 IFRS17, 아니면 IFRS4",미상환잔액,합계,"8,095,000,000,000",2025-12-31,api,-,"3,065,000,000,000","2,970,000,000,000","1,370,000,000,000",-,"465,000,000,000","225,000,000,000",cprndNrdmpBlce,"{""bsns_year"": ""2025"", ""corp_code"": ""00878915"", ""reprt_code"": ""11011""}",20260515000720,api_row,2026-08-31T15:41:34+09:00,000,run_20260831_152517_0450,raw/cprndNrdmpBlce/00878915_2025_11011.json,79545b84f738706fa2e6b5164ab168aeb8f3dfd2caf6537e4d902870a07cbc40,0
iM금융지주,지주,지주,00878915,iM금융지주,2025,11012,반기보고서,IFRS17,Y,"보고서 사업연도 >= 2023 이면 IFRS17, 아니면 IFRS4",미상환잔액,공모,"6,591,000,000,000",2025-06-30,api,-,"2,811,000,000,000","2,220,000,000,000","1,240,000,000,000","220,000,000,000","100,000,000,000",-,cprndNrdmpBlce,"{""bsns_year"": ""2025"", ""corp_code"": ""00878915"", ""reprt_code"": ""11012""}",20250814003270,api_row,2026-08-31T15:42:01+09:00,000,run_20260831_152517_0459,raw/cprndNrdmpBlce/00878915_2025_11012.json,5316c8a49ec7cc872777c398c08df1f9e6abb368b169e060dc38427099d449a5,0
iM금융지주,지주,지주,00878915,iM금융지주,2025,11012,반기보고서,IFRS17,Y,"보고서 사업연도 >= 2023 이면 IFRS17, 아니면 IFRS4",미상환잔액,사모,"270,000,000,000",2025-06-30,api,-,-,-,-,-,"45,000,000,000","225,000,000,000",cprndNrdmpBlce,"{""bsns_year"": ""2025"", ""corp_code"": ""00878915"", ""reprt_code"": ""11012""}",20250814003270,api_row,2026-08-31T15:42:01+09:00,000,run_20260831_152517_0459,raw/cprndNrdmpBlce/00878915_2025_11012.json,5316c8a49ec7cc872777c398c08df1f9e6abb368b169e060dc38427099d449a5,0
iM금융지주,지주,지주,00878915,iM금융지주,2025,11012,반기보고서,IFRS17,Y,"보고서 사업연도 >= 2023 이면 IFRS17, 아니면 IFRS4",미상환잔액,합계,"6,861,000,000,000",2025-06-30,api,-,"2,811,000,000,000","2,220,000,000,000","1,240,000,000,000","220,000,000,000","145,000,000,000","225,000,000,000",cprndNrdmpBlce,"{""bsns_year"": ""2025"", ""corp_code"": ""00878915"", ""reprt_code"": ""11012""}",20250814003270,api_row,2026-08-31T15:42:01+09:00,000,run_20260831_152517_0459,raw/cprndNrdmpBlce/00878915_2025_11012.json,5316c8a49ec7cc872777c398c08df1f9e6abb368b169e060dc38427099d449a5,0
iM금융지주,지주,지주,00878915,iM금융지주,2026,11012,반기보고서,IFRS17,Y,"보고서 사업연도 >= 2023 이면 IFRS17, 아니면 IFRS4",미상환잔액,공모,"7,865,000,000,000",2026-06-30,api,-,"3,875,000,000,000","2,720,000,000,000","850,000,000,000","100,000,000,000","320,000,000,000",-,cprndNrdmpBlce,"{""bsns_year"": ""2026"", ""corp_code"": ""00878915"", ""reprt_code"": ""11012""}",20260814003948,api_row,2026-08-31T15:42:28+09:00,000,run_20260831_152517_0468,raw/cprndNrdmpBlce/00878915_2026_11012.json,213b07df713e0a8a27dca741273777ec840eb35c0820f00708f0c4fbf8c07e6d,0
iM금융지주,지주,지주,00878915,iM금융지주,2026,11012,반기보고서,IFRS17,Y,"보고서 사업연도 >= 2023 이면 IFRS17, 아니면 IFRS4",미상환잔액,사모,"220,000,000,000",2026-06-30,api,-,-,-,-,"45,000,000,000",-,"175,000,000,000",cprndNrdmpBlce,"{""bsns_year"": ""2026"", ""corp_code"": ""00878915"", ""reprt_code"": ""11012""}",20260814003948,api_row,2026-08-31T15:42:28+09:00,000,run_20260831_152517_0468,raw/cprndNrdmpBlce/00878915_2026_11012.json,213b07df713e0a8a27dca741273777ec840eb35c0820f00708f0c4fbf8c07e6d,0
iM금융지주,지주,지주,00878915,iM금융지주,2026,11012,반기보고서,IFRS17,Y,"보고서 사업연도 >= 2023 이면 IFRS17, 아니면 IFRS4",미상환잔액,합계,"8,085,000,000,000",2026-06-30,api,-,"3,875,000,000,000","2,720,000,000,000","850,000,000,000","145,000,000,000","320,000,000,000","175,000,000,000",cprndNrdmpBlce,"{""bsns_year"": ""2026"", ""corp_code"": ""00878915"", ""reprt_code"": ""11012""}",20260814003948,api_row,2026-08-31T15:42:28+09:00,000,run_20260831_152517_0468,raw/cprndNrdmpBlce/00878915_2026_11012.json,213b07df713e0a8a27dca741273777ec840eb35c0820f00708f0c4fbf8c07e6d,0
동양생명보험,생보,보험자회사,00117267,동양생명보험,2021,11011,사업보고서,IFRS4,E,"보고서 사업연도 >= 2023 이면 IFRS17, 아니면 IFRS4",미상환잔액,공모,"100,000,000,000",2021-12-31,api,-,-,-,-,-,-,"100,000,000,000",cprndNrdmpBlce,"{""bsns_year"": ""2021"", ""corp_code"": ""00117267"", ""reprt_code"": ""11011""}",20220323001093,api_row,2026-08-31T15:50:34+09:00,000,run_20260831_152517_0675,raw/cprndNrdmpBlce/00117267_2021_11011.json,e18bf811010f182da5abcf42eb0abb7866e7311715b5b3d73d6fbf6b6ab57581,0
동양생명보험,생보,보험자회사,00117267,동양생명보험,2021,11011,사업보고서,IFRS4,E,"보고서 사업연도 >= 2023 이면 IFRS17, 아니면 IFRS4",미상환잔액,사모,"200,000,000,000",2021-12-31,api,-,-,-,-,-,-,"200,000,000,000",cprndNrdmpBlce,"{""bsns_year"": ""2021"", ""corp_code"": ""00117267"", ""reprt_code"": ""11011""}",20220323001093,api_row,2026-08-31T15:50:34+09:00,000,run_20260831_152517_0675,raw/cprndNrdmpBlce/00117267_2021_11011.json,e18bf811010f182da5abcf42eb0abb7866e7311715b5b3d73d6fbf6b6ab57581,0
동양생명보험,생보,보험자회사,00117267,동양생명보험,2021,11011,사업보고서,IFRS4,E,"보고서 사업연도 >= 2023 이면 IFRS17, 아니면 IFRS4",미상환잔액,합계,"300,000,000,000",2021-12-31,api,-,-,-,-,-,-,"300,000,000,000",cprndNrdmpBlce,"{""bsns_year"": ""2021"", ""corp_code"": ""00117267"", ""reprt_code"": ""11011""}",20220323001093,api_row,2026-08-31T15:50:34+09:00,000,run_20260831_152517_0675,raw/cprndNrdmpBlce/00117267_2021_11011.json,e18bf811010f182da5abcf42eb0abb7866e7311715b5b3d73d6fbf6b6ab57581,0
동양생명보험,생보,보험자회사,00117267,동양생명보험,2022,11011,사업보고서,IFRS4,E,"보고서 사업연도 >= 2023 이면 IFRS17, 아니면 IFRS4",미상환잔액,공모,"100,000,000,000",2022-12-31,api,-,-,-,-,-,-,"100,000,000,000",cprndNrdmpBlce,"{""bsns_year"": ""2022"", ""corp_code"": ""00117267"", ""reprt_code"": ""11011""}",20230322001102,api_row,2026-08-31T15:50:48+09:00,000,run_20260831_152517_0684,raw/cprndNrdmpBlce/00117267_2022_11011.json,2eefcee3f8af01a976b9eb9dc9aa815779870c777234f8b96cf78b006fb9bed5,0
동양생명보험,생보,보험자회사,00117267,동양생명보험,2022,11011,사업보고서,IFRS4,E,"보고서 사업연도 >= 2023 이면 IFRS17, 아니면 IFRS4",미상환잔액,사모,"200,000,000,000",2022-12-31,api,-,-,-,-,-,-,"200,000,000,000",cprndNrdmpBlce,"{""bsns_year"": ""2022"", ""corp_code"": ""00117267"", ""reprt_code"": ""11011""}",20230322001102,api_row,2026-08-31T15:50:48+09:00,000,run_20260831_152517_0684,raw/cprndNrdmpBlce/00117267_2022_11011.json,2eefcee3f8af01a976b9eb9dc9aa815779870c777234f8b96cf78b006fb9bed5,0
동양생명보험,생보,보험자회사,00117267,동양생명보험,2022,11011,사업보고서,IFRS4,E,"보고서 사업연도 >= 2023 이면 IFRS17, 아니면 IFRS4",미상환잔액,합계,"300,000,000,000",2022-12-31,api,-,-,-,-,-,-,"300,000,000,000",cprndNrdmpBlce,"{""bsns_year"": ""2022"", ""corp_code"": ""00117267"", ""reprt_code"": ""11011""}",20230322001102,api_row,2026-08-31T15:50:48+09:00,000,run_20260831_152517_0684,raw/cprndNrdmpBlce/00117267_2022_11011.json,2eefcee3f8af01a976b9eb9dc9aa815779870c777234f8b96cf78b006fb9bed5,0
동양생명보험,생보,보험자회사,00117267,동양생명보험,2023,11011,사업보고서,IFRS17,E,"보고서 사업연도 >= 2023 이면 IFRS17, 아니면 IFRS4",미상환잔액,공모,-,2023-12-31,api,-,-,-,-,-,-,-,cprndNrdmpBlce,"{""bsns_year"": ""2023"", ""corp_code"": ""00117267"", ""reprt_code"": ""11011""}",20240430000184,api_row,2026-08-31T15:51:02+09:00,000,run_20260831_152517_0693,raw/cprndNrdmpBlce/00117267_2023_11011.json,03a507f3132012af76154b4a739200254cffbd9d6a74bf22ff6d1808f428fa32,0
동양생명보험,생보,보험자회사,00117267,동양생명보험,2023,11011,사업보고서,IFRS17,E,"보고서 사업연도 >= 2023 이면 IFRS17, 아니면 IFRS4",미상환잔액,사모,"200,000,000,000",2023-12-31,api,-,-,-,-,-,-,"200,000,000,000",cprndNrdmpBlce,"{""bsns_year"": ""2023"", ""corp_code"": ""00117267"", ""reprt_code"": ""11011""}",20240430000184,api_row,2026-08-31T15:51:02+09:00,000,run_20260831_152517_0693,raw/cprndNrdmpBlce/00117267_2023_11011.json,03a507f3132012af76154b4a739200254cffbd9d6a74bf22ff6d1808f428fa32,0
동양생명보험,생보,보험자회사,00117267,동양생명보험,2023,11011,사업보고서,IFRS17,E,"보고서 사업연도 >= 2023 이면 IFRS17, 아니면 IFRS4",미상환잔액,합계,"200,000,000,000",2023-12-31,api,-,-,-,-,-,-,"200,000,000,000",cprndNrdmpBlce,"{""bsns_year"": ""2023"", ""corp_code"": ""00117267"", ""reprt_code"": ""11011""}",20240430000184,api_row,2026-08-31T15:51:02+09:00,000,run_20260831_152517_0693,raw/cprndNrdmpBlce/00117267_2023_11011.json,03a507f3132012af76154b4a739200254cffbd9d6a74bf22ff6d1808f428fa32,0
동양생명보험,생보,보험자회사,00117267,동양생명보험,2024,11011,사업보고서,IFRS17,E,"보고서 사업연도 >= 2023 이면 IFRS17, 아니면 IFRS4",미상환잔액,공모,"300,000,000,000",2024-12-31,api,-,-,-,-,-,-,"300,000,000,000",cprndNrdmpBlce,"{""bsns_year"": ""2024"", ""corp_code"": ""00117267"", ""reprt_code"": ""11011""}",20250331000321,api_row,2026-08-31T15:51:30+09:00,000,run_20260831_152517_0702,raw/cprndNrdmpBlce/00117267_2024_11011.json,b8448ac42c99aff1c637bc791550d4bcfb2cb7f2edea551851bcb26a7fc954ae,0
동양생명보험,생보,보험자회사,00117267,동양생명보험,2024,11011,사업보고서,IFRS17,E,"보고서 사업연도 >= 2023 이면 IFRS17, 아니면 IFRS4",미상환잔액,사모,-,2024-12-31,api,-,-,-,-,-,-,-,cprndNrdmpBlce,"{""bsns_year"": ""2024"", ""corp_code"": ""00117267"", ""reprt_code"": ""11011""}",20250331000321,api_row,2026-08-31T15:51:30+09:00,000,run_20260831_152517_0702,raw/cprndNrdmpBlce/00117267_2024_11011.json,b8448ac42c99aff1c637bc791550d4bcfb2cb7f2edea551851bcb26a7fc954ae,0
동양생명보험,생보,보험자회사,00117267,동양생명보험,2024,11011,사업보고서,IFRS17,E,"보고서 사업연도 >= 2023 이면 IFRS17, 아니면 IFRS4",미상환잔액,합계,"300,000,000,000",2024-12-31,api,-,-,-,-,-,-,"300,000,000,000",cprndNrdmpBlce,"{""bsns_year"": ""2024"", ""corp_code"": ""00117267"", ""reprt_code"": ""11011""}",20250331000321,api_row,2026-08-31T15:51:30+09:00,000,run_20260831_152517_0702,raw/cprndNrdmpBlce/00117267_2024_11011.json,b8448ac42c99aff1c637bc791550d4bcfb2cb7f2edea551851bcb26a7fc954ae,0
동양생명보험,생보,보험자회사,00117267,동양생명보험,2025,11011,사업보고서,IFRS17,E,"보고서 사업연도 >= 2023 이면 IFRS17, 아니면 IFRS4",미상환잔액,공모,"1,195,663,000,000",2025-12-31,api,-,-,-,-,-,-,"1,195,663,000,000",cprndNrdmpBlce,"{""bsns_year"": ""2025"", ""corp_code"": ""00117267"", ""reprt_code"": ""11011""}",20260331004234,api_row,2026-08-31T15:51:42+09:00,000,run_20260831_152517_0709,raw/cprndNrdmpBlce/00117267_2025_11011.json,9060e2d8d2180f31ea52d82a8284c84dbdb05df5099ced1218a985093d99f5d9,0
동양생명보험,생보,보험자회사,00117267,동양생명보험,2025,11011,사업보고서,IFRS17,E,"보고서 사업연도 >= 2023 이면 IFRS17, 아니면 IFRS4",미상환잔액,사모,-,2025-12-31,api,-,-,-,-,-,-,-,cprndNrdmpBlce,"{""bsns_year"": ""2025"", ""corp_code"": ""00117267"", ""reprt_code"": ""11011""}",20260331004234,api_row,2026-08-31T15:51:42+09:00,000,run_20260831_152517_0709,raw/cprndNrdmpBlce/00117267_2025_11011.json,9060e2d8d2180f31ea52d82a8284c84dbdb05df5099ced1218a985093d99f5d9,0
동양생명보험,생보,보험자회사,00117267,동양생명보험,2025,11011,사업보고서,IFRS17,E,"보고서 사업연도 >= 2023 이면 IFRS17, 아니면 IFRS4",미상환잔액,합계,"1,195,663,000,000",2025-12-31,api,-,-,-,-,-,-,"1,195,663,000,000",cprndNrdmpBlce,"{""bsns_year"": ""2025"", ""corp_code"": ""00117267"", ""reprt_code"": ""11011""}",20260331004234,api_row,2026-08-31T15:51:42+09:00,000,run_20260831_152517_0709,raw/cprndNrdmpBlce/00117267_2025_11011.json,9060e2d8d2180f31ea52d82a8284c84dbdb05df5099ced1218a985093d99f5d9,0
동양생명보험,생보,보험자회사,00117267,동양생명보험,2025,11012,반기보고서,IFRS17,E,"보고서 사업연도 >= 2023 이면 IFRS17, 아니면 IFRS4",미상환잔액,공모,"1,013,300,000,000",2025-06-30,api,-,-,-,-,-,-,"1,013,300,000,000",cprndNrdmpBlce,"{""bsns_year"": ""2025"", ""corp_code"": ""00117267"", ""reprt_code"": ""11012""}",20251114001680,api_row,2026-08-31T15:52:16+09:00,000,run_20260831_152517_0718,raw/cprndNrdmpBlce/00117267_2025_11012.json,dd1c0bc5885c07de768e8763a6f052a2f40345d77ea92e618df5cc10dfa1779f,0
동양생명보험,생보,보험자회사,00117267,동양생명보험,2025,11012,반기보고서,IFRS17,E,"보고서 사업연도 >= 2023 이면 IFRS17, 아니면 IFRS4",미상환잔액,사모,0,2025-06-30,api,-,-,-,-,-,-,-,cprndNrdmpBlce,"{""bsns_year"": ""2025"", ""corp_code"": ""00117267"", ""reprt_code"": ""11012""}",20251114001680,api_row,2026-08-31T15:52:16+09:00,000,run_20260831_152517_0718,raw/cprndNrdmpBlce/00117267_2025_11012.json,dd1c0bc5885c07de768e8763a6f052a2f40345d77ea92e618df5cc10dfa1779f,0
동양생명보험,생보,보험자회사,00117267,동양생명보험,2025,11012,반기보고서,IFRS17,E,"보고서 사업연도 >= 2023 이면 IFRS17, 아니면 IFRS4",미상환잔액,합계,"1,013,300,000,000",2025-06-30,api,0,0,0,0,0,0,"1,013,300,000,000",cprndNrdmpBlce,"{""bsns_year"": ""2025"", ""corp_code"": ""00117267"", ""reprt_code"": ""11012""}",20251114001680,api_row,2026-08-31T15:52:16+09:00,000,run_20260831_152517_0718,raw/cprndNrdmpBlce/00117267_2025_11012.json,dd1c0bc5885c07de768e8763a6f052a2f40345d77ea92e618df5cc10dfa1779f,0
동양생명보험,생보,보험자회사,00117267,동양생명보험,2026,11012,반기보고서,IFRS17,E,"보고서 사업연도 >= 2023 이면 IFRS17, 아니면 IFRS4",미상환잔액,공모,"1,197,050,000,000",2026-06-30,api,-,-,-,-,-,-,"1,197,050,000,000",cprndNrdmpBlce,"{""bsns_year"": ""2026"", ""corp_code"": ""00117267"", ""reprt_code"": ""11012""}",20260831001171,api_row,2026-08-31T15:52:42+09:00,000,run_20260831_152517_0727,raw/cprndNrdmpBlce/00117267_2026_11012.json,534cfb5217100d5d170403550b921b4bcb03dd3774ff212b3210dc54a4e6e509,0
동양생명보험,생보,보험자회사,00117267,동양생명보험,2026,11012,반기보고서,IFRS17,E,"보고서 사업연도 >= 2023 이면 IFRS17, 아니면 IFRS4",미상환잔액,사모,-,2026-06-30,api,-,-,-,-,-,-,-,cprndNrdmpBlce,"{""bsns_year"": ""2026"", ""corp_code"": ""00117267"", ""reprt_code"": ""11012""}",20260831001171,api_row,2026-08-31T15:52:42+09:00,000,run_20260831_152517_0727,raw/cprndNrdmpBlce/00117267_2026_11012.json,534cfb5217100d5d170403550b921b4bcb03dd3774ff212b3210dc54a4e6e509,0
동양생명보험,생보,보험자회사,00117267,동양생명보험,2026,11012,반기보고서,IFRS17,E,"보고서 사업연도 >= 2023 이면 IFRS17, 아니면 IFRS4",미상환잔액,합계,"1,197,050,000,000",2026-06-30,api,-,-,-,-,-,-,"1,197,050,000,000",cprndNrdmpBlce,"{""bsns_year"": ""2026"", ""corp_code"": ""00117267"", ""reprt_code"": ""11012""}",20260831001171,api_row,2026-08-31T15:52:42+09:00,000,run_20260831_152517_0727,raw/cprndNrdmpBlce/00117267_2026_11012.json,534cfb5217100d5d170403550b921b4bcb03dd3774ff212b3210dc54a4e6e509,0
신한라이프생명보험,생보,보험자회사,00137517,신한라이프생명보험,2021,11011,사업보고서,IFRS4,E,"보고서 사업연도 >= 2023 이면 IFRS17, 아니면 IFRS4",미상환잔액,공모,"200,000,000,000",2021-12-31,api,-,-,-,-,-,-,"200,000,000,000",cprndNrdmpBlce,"{""bsns_year"": ""2021"", ""corp_code"": ""00137517"", ""reprt_code"": ""11011""}",20220331002124,api_row,2026-08-31T15:56:17+09:00,000,run_20260831_152517_0798,raw/cprndNrdmpBlce/00137517_2021_11011.json,f11bc04e1f1d4be52cd7dd39bfa0efe75d9300f2889fc222c98441d43313649f,0
신한라이프생명보험,생보,보험자회사,00137517,신한라이프생명보험,2021,11011,사업보고서,IFRS4,E,"보고서 사업연도 >= 2023 이면 IFRS17, 아니면 IFRS4",미상환잔액,사모,"414,925,000,000",2021-12-31,api,-,-,-,-,-,-,"414,925,000,000",cprndNrdmpBlce,"{""bsns_year"": ""2021"", ""corp_code"": ""00137517"", ""reprt_code"": ""11011""}",20220331002124,api_row,2026-08-31T15:56:17+09:00,000,run_20260831_152517_0798,raw/cprndNrdmpBlce/00137517_2021_11011.json,f11bc04e1f1d4be52cd7dd39bfa0efe75d9300f2889fc222c98441d43313649f,0
신한라이프생명보험,생보,보험자회사,00137517,신한라이프생명보험,2021,11011,사업보고서,IFRS4,E,"보고서 사업연도 >= 2023 이면 IFRS17, 아니면 IFRS4",미상환잔액,합계,"614,925,000,000",2021-12-31,api,-,-,-,-,-,-,"614,925,000,000",cprndNrdmpBlce,"{""bsns_year"": ""2021"", ""corp_code"": ""00137517"", ""reprt_code"": ""11011""}",20220331002124,api_row,2026-08-31T15:56:17+09:00,000,run_20260831_152517_0798,raw/cprndNrdmpBlce/00137517_2021_11011.json,f11bc04e1f1d4be52cd7dd39bfa0efe75d9300f2889fc222c98441d43313649f,0
신한라이프생명보험,생보,보험자회사,00137517,신한라이프생명보험,2022,11011,사업보고서,IFRS4,E,"보고서 사업연도 >= 2023 이면 IFRS17, 아니면 IFRS4",미상환잔액,공모,"200,000,000,000",2022-12-31,api,-,-,-,-,-,-,"200,000,000,000",cprndNrdmpBlce,"{""bsns_year"": ""2022"", ""corp_code"": ""00137517"", ""reprt_code"": ""11011""}",20230315001232,api_row,2026-08-31T15:56:30+09:00,000,run_20260831_152517_0807,raw/cprndNrdmpBlce/00137517_2022_11011.json,a38de866a5402daa91e2a6f7a3f12412700773d148d383900471211e55facd02,0
신한라이프생명보험,생보,보험자회사,00137517,신한라이프생명보험,2022,11011,사업보고서,IFRS4,E,"보고서 사업연도 >= 2023 이면 IFRS17, 아니면 IFRS4",미상환잔액,사모,"443,555,000,000",2022-12-31,api,-,-,-,-,-,-,"443,555,000,000",cprndNrdmpBlce,"{""bsns_year"": ""2022"", ""corp_code"": ""00137517"", ""reprt_code"": ""11011""}",20230315001232,api_row,2026-08-31T15:56:30+09:00,000,run_20260831_152517_0807,raw/cprndNrdmpBlce/00137517_2022_11011.json,a38de866a5402daa91e2a6f7a3f12412700773d148d383900471211e55facd02,0
신한라이프생명보험,생보,보험자회사,00137517,신한라이프생명보험,2022,11011,사업보고서,IFRS4,E,"보고서 사업연도 >= 2023 이면 IFRS17, 아니면 IFRS4",미상환잔액,합계,"643,555,000,000",2022-12-31,api,-,-,-,-,-,-,"643,555,000,000",cprndNrdmpBlce,"{""bsns_year"": ""2022"", ""corp_code"": ""00137517"", ""reprt_code"": ""11011""}",20230315001232,api_row,2026-08-31T15:56:30+09:00,000,run_20260831_152517_0807,raw/cprndNrdmpBlce/00137517_2022_11011.json,a38de866a5402daa91e2a6f7a3f12412700773d148d383900471211e55facd02,0
신한라이프생명보험,생보,보험자회사,00137517,신한라이프생명보험,2023,11011,사업보고서,IFRS17,E,"보고서 사업연도 >= 2023 이면 IFRS17, 아니면 IFRS4",미상환잔액,공모,"300,000,000,000",2023-12-31,api,-,-,-,-,-,-,"300,000,000,000",cprndNrdmpBlce,"{""bsns_year"": ""2023"", ""corp_code"": ""00137517"", ""reprt_code"": ""11011""}",20240430001046,api_row,2026-08-31T15:56:43+09:00,000,run_20260831_152517_0816,raw/cprndNrdmpBlce/00137517_2023_11011.json,e40b0e28091177f8e6684dcf73d1e234131c13f2abfff7abb6ff9eae7a174796,0
신한라이프생명보험,생보,보험자회사,00137517,신한라이프생명보험,2023,11011,사업보고서,IFRS17,E,"보고서 사업연도 >= 2023 이면 IFRS17, 아니면 IFRS4",미상환잔액,사모,-,2023-12-31,api,-,-,-,-,-,-,-,cprndNrdmpBlce,"{""bsns_year"": ""2023"", ""corp_code"": ""00137517"", ""reprt_code"": ""11011""}",20240430001046,api_row,2026-08-31T15:56:43+09:00,000,run_20260831_152517_0816,raw/cprndNrdmpBlce/00137517_2023_11011.json,e40b0e28091177f8e6684dcf73d1e234131c13f2abfff7abb6ff9eae7a174796,0
신한라이프생명보험,생보,보험자회사,00137517,신한라이프생명보험,2023,11011,사업보고서,IFRS17,E,"보고서 사업연도 >= 2023 이면 IFRS17, 아니면 IFRS4",미상환잔액,합계,"300,000,000,000",2023-12-31,api,-,-,-,-,-,-,"300,000,000,000",cprndNrdmpBlce,"{""bsns_year"": ""2023"", ""corp_code"": ""00137517"", ""reprt_code"": ""11011""}",20240430001046,api_row,2026-08-31T15:56:43+09:00,000,run_20260831_152517_0816,raw/cprndNrdmpBlce/00137517_2023_11011.json,e40b0e28091177f8e6684dcf73d1e234131c13f2abfff7abb6ff9eae7a174796,0
신한라이프생명보험,생보,보험자회사,00137517,신한라이프생명보험,2024,11011,사업보고서,IFRS17,E,"보고서 사업연도 >= 2023 이면 IFRS17, 아니면 IFRS4",미상환잔액,공모,"300,000,000,000",2024-12-31,api,-,-,-,-,-,-,"300,000,000,000",cprndNrdmpBlce,"{""bsns_year"": ""2024"", ""corp_code"": ""00137517"", ""reprt_code"": ""11011""}",20250331002957,api_row,2026-08-31T15:57:22+09:00,000,run_20260831_152517_0825,raw/cprndNrdmpBlce/00137517_2024_11011.json,c432719156f12b127d9fe8e2323e23c5c42630d04b417361c78c90b3cfc87eea,0
신한라이프생명보험,생보,보험자회사,00137517,신한라이프생명보험,2024,11011,사업보고서,IFRS17,E,"보고서 사업연도 >= 2023 이면 IFRS17, 아니면 IFRS4",미상환잔액,사모,-,2024-12-31,api,-,-,-,-,-,-,-,cprndNrdmpBlce,"{""bsns_year"": ""2024"", ""corp_code"": ""00137517"", ""reprt_code"": ""11011""}",20250331002957,api_row,2026-08-31T15:57:22+09:00,000,run_20260831_152517_0825,raw/cprndNrdmpBlce/00137517_2024_11011.json,c432719156f12b127d9fe8e2323e23c5c42630d04b417361c78c90b3cfc87eea,0
신한라이프생명보험,생보,보험자회사,00137517,신한라이프생명보험,2024,11011,사업보고서,IFRS17,E,"보고서 사업연도 >= 2023 이면 IFRS17, 아니면 IFRS4",미상환잔액,합계,"300,000,000,000",2024-12-31,api,-,-,-,-,-,-,"300,000,000,000",cprndNrdmpBlce,"{""bsns_year"": ""2024"", ""corp_code"": ""00137517"", ""reprt_code"": ""11011""}",20250331002957,api_row,2026-08-31T15:57:22+09:00,000,run_20260831_152517_0825,raw/cprndNrdmpBlce/00137517_2024_11011.json,c432719156f12b127d9fe8e2323e23c5c42630d04b417361c78c90b3cfc87eea,0
신한라이프생명보험,생보,보험자회사,00137517,신한라이프생명보험,2025,11011,사업보고서,IFRS17,E,"보고서 사업연도 >= 2023 이면 IFRS17, 아니면 IFRS4",미상환잔액,공모,"800,000,000,000",2025-12-31,api,-,-,-,-,-,-,"800,000,000,000",cprndNrdmpBlce,"{""bsns_year"": ""2025"", ""corp_code"": ""00137517"", ""reprt_code"": ""11011""}",20260331004136,api_row,2026-08-31T15:57:41+09:00,000,run_20260831_152517_0833,raw/cprndNrdmpBlce/00137517_2025_11011.json,5fffcd3f82c93cec4f4c49d5ee90c2c278678b840fc6f74907c15089a6956dee,0
신한라이프생명보험,생보,보험자회사,00137517,신한라이프생명보험,2025,11011,사업보고서,IFRS17,E,"보고서 사업연도 >= 2023 이면 IFRS17, 아니면 IFRS4",미상환잔액,사모,-,2025-12-31,api,-,-,-,-,-,-,-,cprndNrdmpBlce,"{""bsns_year"": ""2025"", ""corp_code"": ""00137517"", ""reprt_code"": ""11011""}",20260331004136,api_row,2026-08-31T15:57:41+09:00,000,run_20260831_152517_0833,raw/cprndNrdmpBlce/00137517_2025_11011.json,5fffcd3f82c93cec4f4c49d5ee90c2c278678b840fc6f74907c15089a6956dee,0
신한라이프생명보험,생보,보험자회사,00137517,신한라이프생명보험,2025,11011,사업보고서,IFRS17,E,"보고서 사업연도 >= 2023 이면 IFRS17, 아니면 IFRS4",미상환잔액,합계,"800,000,000,000",2025-12-31,api,-,-,-,-,-,-,"800,000,000,000",cprndNrdmpBlce,"{""bsns_year"": ""2025"", ""corp_code"": ""00137517"", ""reprt_code"": ""11011""}",20260331004136,api_row,2026-08-31T15:57:41+09:00,000,run_20260831_152517_0833,raw/cprndNrdmpBlce/00137517_2025_11011.json,5fffcd3f82c93cec4f4c49d5ee90c2c278678b840fc6f74907c15089a6956dee,0
신한라이프생명보험,생보,보험자회사,00137517,신한라이프생명보험,2025,11012,반기보고서,IFRS17,E,"보고서 사업연도 >= 2023 이면 IFRS17, 아니면 IFRS4",미상환잔액,공모,"800,000,000,000",2025-06-30,api,-,-,-,-,-,-,"800,000,000,000",cprndNrdmpBlce,"{""bsns_year"": ""2025"", ""corp_code"": ""00137517"", ""reprt_code"": ""11012""}",20250829002109,api_row,2026-08-31T15:58:11+09:00,000,run_20260831_152517_0842,raw/cprndNrdmpBlce/00137517_2025_11012.json,e30b5fc4ce7d43b4267a377fe0d8dbcde3f10e0ecd5a9f788e4be4104ea72087,0
신한라이프생명보험,생보,보험자회사,00137517,신한라이프생명보험,2025,11012,반기보고서,IFRS17,E,"보고서 사업연도 >= 2023 이면 IFRS17, 아니면 IFRS4",미상환잔액,사모,-,2025-06-30,api,-,-,-,-,-,-,-,cprndNrdmpBlce,"{""bsns_year"": ""2025"", ""corp_code"": ""00137517"", ""reprt_code"": ""11012""}",20250829002109,api_row,2026-08-31T15:58:11+09:00,000,run_20260831_152517_0842,raw/cprndNrdmpBlce/00137517_2025_11012.json,e30b5fc4ce7d43b4267a377fe0d8dbcde3f10e0ecd5a9f788e4be4104ea72087,0
신한라이프생명보험,생보,보험자회사,00137517,신한라이프생명보험,2025,11012,반기보고서,IFRS17,E,"보고서 사업연도 >= 2023 이면 IFRS17, 아니면 IFRS4",미상환잔액,합계,"800,000,000,000",2025-06-30,api,-,-,-,-,-,-,"800,000,000,000",cprndNrdmpBlce,"{""bsns_year"": ""2025"", ""corp_code"": ""00137517"", ""reprt_code"": ""11012""}",20250829002109,api_row,2026-08-31T15:58:11+09:00,000,run_20260831_152517_0842,raw/cprndNrdmpBlce/00137517_2025_11012.json,e30b5fc4ce7d43b4267a377fe0d8dbcde3f10e0ecd5a9f788e4be4104ea72087,0
신한라이프생명보험,생보,보험자회사,00137517,신한라이프생명보험,2026,11012,반기보고서,IFRS17,E,"보고서 사업연도 >= 2023 이면 IFRS17, 아니면 IFRS4",미상환잔액,공모,"800,000,000,000",2026-06-30,api,-,-,-,-,-,-,"800,000,000,000",cprndNrdmpBlce,"{""bsns_year"": ""2026"", ""corp_code"": ""00137517"", ""reprt_code"": ""11012""}",20260814001090,api_row,2026-08-31T15:58:37+09:00,000,run_20260831_152517_0851,raw/cprndNrdmpBlce/00137517_2026_11012.json,91e3cb2f317b5fd106ae302aa0fc31a02c0690228d2c6f5d0f6ed15ea7acd46e,0
신한라이프생명보험,생보,보험자회사,00137517,신한라이프생명보험,2026,11012,반기보고서,IFRS17,E,"보고서 사업연도 >= 2023 이면 IFRS17, 아니면 IFRS4",미상환잔액,사모,-,2026-06-30,api,-,-,-,-,-,-,-,cprndNrdmpBlce,"{""bsns_year"": ""2026"", ""corp_code"": ""00137517"", ""reprt_code"": ""11012""}",20260814001090,api_row,2026-08-31T15:58:37+09:00,000,run_20260831_152517_0851,raw/cprndNrdmpBlce/00137517_2026_11012.json,91e3cb2f317b5fd106ae302aa0fc31a02c0690228d2c6f5d0f6ed15ea7acd46e,0
신한라이프생명보험,생보,보험자회사,00137517,신한라이프생명보험,2026,11012,반기보고서,IFRS17,E,"보고서 사업연도 >= 2023 이면 IFRS17, 아니면 IFRS4",미상환잔액,합계,"800,000,000,000",2026-06-30,api,-,-,-,-,-,-,"800,000,000,000",cprndNrdmpBlce,"{""bsns_year"": ""2026"", ""corp_code"": ""00137517"", ""reprt_code"": ""11012""}",20260814001090,api_row,2026-08-31T15:58:37+09:00,000,run_20260831_152517_0851,raw/cprndNrdmpBlce/00137517_2026_11012.json,91e3cb2f317b5fd106ae302aa0fc31a02c0690228d2c6f5d0f6ed15ea7acd46e,0
신한지주,지주,지주,00382199,신한지주,2015,11011,사업보고서,IFRS4,Y,"보고서 사업연도 >= 2023 이면 IFRS17, 아니면 IFRS4",미상환잔액,공모,"6,650,000,000,000",2015-12-31,api,-,"1,660,000,000,000","1,080,000,000,000","1,590,000,000,000","690,000,000,000","1,060,000,000,000","570,000,000,000",cprndNrdmpBlce,"{""bsns_year"": ""2015"", ""corp_code"": ""00382199"", ""reprt_code"": ""11011""}",20160401000272,api_row,2026-08-31T15:31:32+09:00,000,run_20260831_152517_0140,raw/cprndNrdmpBlce/00382199_2015_11011.json,5e29ba82b4dee5a37042d5288b0b9164319f401114a8c12ba88081450d2028be,0
신한지주,지주,지주,00382199,신한지주,2015,11011,사업보고서,IFRS4,Y,"보고서 사업연도 >= 2023 이면 IFRS17, 아니면 IFRS4",미상환잔액,사모,-,2015-12-31,api,-,-,-,-,-,-,-,cprndNrdmpBlce,"{""bsns_year"": ""2015"", ""corp_code"": ""00382199"", ""reprt_code"": ""11011""}",20160401000272,api_row,2026-08-31T15:31:32+09:00,000,run_20260831_152517_0140,raw/cprndNrdmpBlce/00382199_2015_11011.json,5e29ba82b4dee5a37042d5288b0b9164319f401114a8c12ba88081450d2028be,0
신한지주,지주,지주,00382199,신한지주,2015,11011,사업보고서,IFRS4,Y,"보고서 사업연도 >= 2023 이면 IFRS17, 아니면 IFRS4",미상환잔액,합계,"6,650,000,000,000",2015-12-31,api,-,"1,660,000,000,000","1,080,000,000,000","1,590,000,000,000","690,000,000,000","1,060,000,000,000","570,000,000,000",cprndNrdmpBlce,"{""bsns_year"": ""2015"", ""corp_code"": ""00382199"", ""reprt_code"": ""11011""}",20160401000272,api_row,2026-08-31T15:31:32+09:00,000,run_20260831_152517_0140,raw/cprndNrdmpBlce/00382199_2015_11011.json,5e29ba82b4dee5a37042d5288b0b9164319f401114a8c12ba88081450d2028be,0
신한지주,지주,지주,00382199,신한지주,2016,11011,사업보고서,IFRS4,Y,"보고서 사업연도 >= 2023 이면 IFRS17, 아니면 IFRS4",미상환잔액,공모,"6,590,000,000,000",2016-12-31,api,-,"1,080,000,000,000","1,590,000,000,000","1,140,000,000,000","1,060,000,000,000","960,000,000,000","760,000,000,000",cprndNrdmpBlce,"{""bsns_year"": ""2016"", ""corp_code"": ""00382199"", ""reprt_code"": ""11011""}",20170331003963,api_row,2026-08-31T15:31:40+09:00,000,run_20260831_152517_0147,raw/cprndNrdmpBlce/00382199_2016_11011.json,79d4d0028ec4bd3f23340f71ec3ec7baf80c5264ec4f094ac02211350dff86f9,0
신한지주,지주,지주,00382199,신한지주,2016,11011,사업보고서,IFRS4,Y,"보고서 사업연도 >= 2023 이면 IFRS17, 아니면 IFRS4",미상환잔액,사모,-,2016-12-31,api,-,-,-,-,-,-,-,cprndNrdmpBlce,"{""bsns_year"": ""2016"", ""corp_code"": ""00382199"", ""reprt_code"": ""11011""}",20170331003963,api_row,2026-08-31T15:31:40+09:00,000,run_20260831_152517_0147,raw/cprndNrdmpBlce/00382199_2016_11011.json,79d4d0028ec4bd3f23340f71ec3ec7baf80c5264ec4f094ac02211350dff86f9,0
신한지주,지주,지주,00382199,신한지주,2016,11011,사업보고서,IFRS4,Y,"보고서 사업연도 >= 2023 이면 IFRS17, 아니면 IFRS4",미상환잔액,합계,"6,590,000,000,000",2016-12-31,api,-,"1,080,000,000,000","1,590,000,000,000","1,140,000,000,000","1,060,000,000,000","960,000,000,000","760,000,000,000",cprndNrdmpBlce,"{""bsns_year"": ""2016"", ""corp_code"": ""00382199"", ""reprt_code"": ""11011""}",20170331003963,api_row,2026-08-31T15:31:40+09:00,000,run_20260831_152517_0147,raw/cprndNrdmpBlce/00382199_2016_11011.json,79d4d0028ec4bd3f23340f71ec3ec7baf80c5264ec4f094ac02211350dff86f9,0
신한지주,지주,지주,00382199,신한지주,2017,11011,사업보고서,IFRS4,Y,"보고서 사업연도 >= 2023 이면 IFRS17, 아니면 IFRS4",미상환잔액,공모,"7,010,000,000,000",2017-12-31,api,-,"1,590,000,000,000","1,140,000,000,000","1,060,000,000,000","960,000,000,000","1,430,000,000,000","830,000,000,000",cprndNrdmpBlce,"{""bsns_year"": ""2017"", ""corp_code"": ""00382199"", ""reprt_code"": ""11011""}",20190705000433,api_row,2026-08-31T15:31:48+09:00,000,run_20260831_152517_0154,raw/cprndNrdmpBlce/00382199_2017_11011.json,49b779f08f40d5123b00ab23245a0b42fad1706a3d3b9d4acc92eecbfcf005eb,0
신한지주,지주,지주,00382199,신한지주,2017,11011,사업보고서,IFRS4,Y,"보고서 사업연도 >= 2023 이면 IFRS17, 아니면 IFRS4",미상환잔액,사모,-,2017-12-31,api,-,-,-,-,-,-,-,cprndNrdmpBlce,"{""bsns_year"": ""2017"", ""corp_code"": ""00382199"", ""reprt_code"": ""11011""}",20190705000433,api_row,2026-08-31T15:31:48+09:00,000,run_20260831_152517_0154,raw/cprndNrdmpBlce/00382199_2017_11011.json,49b779f08f40d5123b00ab23245a0b42fad1706a3d3b9d4acc92eecbfcf005eb,0
신한지주,지주,지주,00382199,신한지주,2017,11011,사업보고서,IFRS4,Y,"보고서 사업연도 >= 2023 이면 IFRS17, 아니면 IFRS4",미상환잔액,합계,"7,010,000,000,000",2017-12-31,api,-,"1,590,000,000,000","1,140,000,000,000","1,060,000,000,000","960,000,000,000","1,430,000,000,000","830,000,000,000",cprndNrdmpBlce,"{""bsns_year"": ""2017"", ""corp_code"": ""00382199"", ""reprt_code"": ""11011""}",20190705000433,api_row,2026-08-31T15:31:48+09:00,000,run_20260831_152517_0154,raw/cprndNrdmpBlce/00382199_2017_11011.json,49b779f08f40d5123b00ab23245a0b42fad1706a3d3b9d4acc92eecbfcf005eb,0
신한지주,지주,지주,00382199,신한지주,2018,11011,사업보고서,IFRS4,Y,"보고서 사업연도 >= 2023 이면 IFRS17, 아니면 IFRS4",미상환잔액,공모,"7,820,000,000,000",2018-12-31,api,-,"1,140,000,000,000","1,170,000,000,000","1,850,000,000,000","1,430,000,000,000","1,300,000,000,000","930,000,000,000",cprndNrdmpBlce,"{""bsns_year"": ""2018"", ""corp_code"": ""00382199"", ""reprt_code"": ""11011""}",20190705000438,api_row,2026-08-31T15:31:56+09:00,000,run_20260831_152517_0161,raw/cprndNrdmpBlce/00382199_2018_11011.json,a1836ada255ff16112848614e8a8d8248fde7334d7aeade3c98c5dcbcb718f5e,0
신한지주,지주,지주,00382199,신한지주,2018,11011,사업보고서,IFRS4,Y,"보고서 사업연도 >= 2023 이면 IFRS17, 아니면 IFRS4",미상환잔액,사모,-,2018-12-31,api,-,-,-,-,-,-,-,cprndNrdmpBlce,"{""bsns_year"": ""2018"", ""corp_code"": ""00382199"", ""reprt_code"": ""11011""}",20190705000438,api_row,2026-08-31T15:31:56+09:00,000,run_20260831_152517_0161,raw/cprndNrdmpBlce/00382199_2018_11011.json,a1836ada255ff16112848614e8a8d8248fde7334d7aeade3c98c5dcbcb718f5e,0
신한지주,지주,지주,00382199,신한지주,2018,11011,사업보고서,IFRS4,Y,"보고서 사업연도 >= 2023 이면 IFRS17, 아니면 IFRS4",미상환잔액,합계,"7,820,000,000,000",2018-12-31,api,-,"1,140,000,000,000","1,170,000,000,000","1,850,000,000,000","1,430,000,000,000","1,300,000,000,000","930,000,000,000",cprndNrdmpBlce,"{""bsns_year"": ""2018"", ""corp_code"": ""00382199"", ""reprt_code"": ""11011""}",20190705000438,api_row,2026-08-31T15:31:56+09:00,000,run_20260831_152517_0161,raw/cprndNrdmpBlce/00382199_2018_11011.json,a1836ada255ff16112848614e8a8d8248fde7334d7aeade3c98c5dcbcb718f5e,0
신한지주,지주,지주,00382199,신한지주,2019,11011,사업보고서,IFRS4,Y,"보고서 사업연도 >= 2023 이면 IFRS17, 아니면 IFRS4",미상환잔액,공모,"8,510,000,000,000",2019-12-31,api,-,"1,170,000,000,000","1,850,000,000,000","1,730,000,000,000","1,300,000,000,000","1,140,000,000,000","1,320,000,000,000",cprndNrdmpBlce,"{""bsns_year"": ""2019"", ""corp_code"": ""00382199"", ""reprt_code"": ""11011""}",20200515002127,api_row,2026-08-31T15:32:07+09:00,000,run_20260831_152517_0170,raw/cprndNrdmpBlce/00382199_2019_11011.json,64d61a700cb5e1b3430f339de2f986bdc50a4072aefc2da46cde071df75c0bb3,0
신한지주,지주,지주,00382199,신한지주,2019,11011,사업보고서,IFRS4,Y,"보고서 사업연도 >= 2023 이면 IFRS17, 아니면 IFRS4",미상환잔액,사모,-,2019-12-31,api,-,-,-,-,-,-,-,cprndNrdmpBlce,"{""bsns_year"": ""2019"", ""corp_code"": ""00382199"", ""reprt_code"": ""11011""}",20200515002127,api_row,2026-08-31T15:32:07+09:00,000,run_20260831_152517_0170,raw/cprndNrdmpBlce/00382199_2019_11011.json,64d61a700cb5e1b3430f339de2f986bdc50a4072aefc2da46cde071df75c0bb3,0
신한지주,지주,지주,00382199,신한지주,2019,11011,사업보고서,IFRS4,Y,"보고서 사업연도 >= 2023 이면 IFRS17, 아니면 IFRS4",미상환잔액,합계,"8,510,000,000,000",2019-12-31,api,-,"1,170,000,000,000","1,850,000,000,000","1,730,000,000,000","1,300,000,000,000","1,140,000,000,000","1,320,000,000,000",cprndNrdmpBlce,"{""bsns_year"": ""2019"", ""corp_code"": ""00382199"", ""reprt_code"": ""11011""}",20200515002127,api_row,2026-08-31T15:32:07+09:00,000,run_20260831_152517_0170,raw/cprndNrdmpBlce/00382199_2019_11011.json,64d61a700cb5e1b3430f339de2f986bdc50a4072aefc2da46cde071df75c0bb3,0
신한지주,지주,지주,00382199,신한지주,2020,11011,사업보고서,IFRS4,Y,"보고서 사업연도 >= 2023 이면 IFRS17, 아니면 IFRS4",미상환잔액,공모,"9,384,000,000,000",2020-12-31,api,-,"1,850,000,000,000","1,880,000,000,000","1,630,000,000,000","1,140,000,000,000","960,000,000,000","1,924,000,000,000",cprndNrdmpBlce,"{""bsns_year"": ""2020"", ""corp_code"": ""00382199"", ""reprt_code"": ""11011""}",20210317001127,api_row,2026-08-31T15:32:18+09:00,000,run_20260831_152517_0179,raw/cprndNrdmpBlce/00382199_2020_11011.json,0b00a4358e47658317390f14ffcca168822571e4f3c3686b946e4f01a367b452,0
신한지주,지주,지주,00382199,신한지주,2020,11011,사업보고서,IFRS4,Y,"보고서 사업연도 >= 2023 이면 IFRS17, 아니면 IFRS4",미상환잔액,사모,-,2020-12-31,api,-,-,-,-,-,-,-,cprndNrdmpBlce,"{""bsns_year"": ""2020"", ""corp_code"": ""00382199"", ""reprt_code"": ""11011""}",20210317001127,api_row,2026-08-31T15:32:18+09:00,000,run_20260831_152517_0179,raw/cprndNrdmpBlce/00382199_2020_11011.json,0b00a4358e47658317390f14ffcca168822571e4f3c3686b946e4f01a367b452,0
신한지주,지주,지주,00382199,신한지주,2020,11011,사업보고서,IFRS4,Y,"보고서 사업연도 >= 2023 이면 IFRS17, 아니면 IFRS4",미상환잔액,합계,"9,384,000,000,000",2020-12-31,api,-,"1,850,000,000,000","1,880,000,000,000","1,630,000,000,000","1,140,000,000,000","960,000,000,000","1,924,000,000,000",cprndNrdmpBlce,"{""bsns_year"": ""2020"", ""corp_code"": ""00382199"", ""reprt_code"": ""11011""}",20210317001127,api_row,2026-08-31T15:32:18+09:00,000,run_20260831_152517_0179,raw/cprndNrdmpBlce/00382199_2020_11011.json,0b00a4358e47658317390f14ffcca168822571e4f3c3686b946e4f01a367b452,0
신한지주,지주,지주,00382199,신한지주,2021,11011,사업보고서,IFRS4,Y,"보고서 사업연도 >= 2023 이면 IFRS17, 아니면 IFRS4",미상환잔액,공모,"8,978,750,000,000",2021-12-31,api,-,"1,896,000,000,000","1,630,000,000,000","1,730,000,000,000","960,000,000,000","1,712,750,000,000","1,050,000,000,000",cprndNrdmpBlce,"{""bsns_year"": ""2021"", ""corp_code"": ""00382199"", ""reprt_code"": ""11011""}",20220316000748,api_row,2026-08-31T15:32:29+09:00,000,run_20260831_152517_0188,raw/cprndNrdmpBlce/00382199_2021_11011.json,25a8e23ec4c25c04c1829b4653e42c969e6c486cb0955884add28bd878f5e607,0
신한지주,지주,지주,00382199,신한지주,2021,11011,사업보고서,IFRS4,Y,"보고서 사업연도 >= 2023 이면 IFRS17, 아니면 IFRS4",미상환잔액,사모,-,2021-12-31,api,-,-,-,-,-,-,-,cprndNrdmpBlce,"{""bsns_year"": ""2021"", ""corp_code"": ""00382199"", ""reprt_code"": ""11011""}",20220316000748,api_row,2026-08-31T15:32:29+09:00,000,run_20260831_152517_0188,raw/cprndNrdmpBlce/00382199_2021_11011.json,25a8e23ec4c25c04c1829b4653e42c969e6c486cb0955884add28bd878f5e607,0
신한지주,지주,지주,00382199,신한지주,2021,11011,사업보고서,IFRS4,Y,"보고서 사업연도 >= 2023 이면 IFRS17, 아니면 IFRS4",미상환잔액,합계,"8,978,750,000,000",2021-12-31,api,-,"1,896,000,000,000","1,630,000,000,000","1,730,000,000,000","960,000,000,000","1,712,750,000,000","1,050,000,000,000",cprndNrdmpBlce,"{""bsns_year"": ""2021"", ""corp_code"": ""00382199"", ""reprt_code"": ""11011""}",20220316000748,api_row,2026-08-31T15:32:29+09:00,000,run_20260831_152517_0188,raw/cprndNrdmpBlce/00382199_2021_11011.json,25a8e23ec4c25c04c1829b4653e42c969e6c486cb0955884add28bd878f5e607,0
신한지주,지주,지주,00382199,신한지주,2022,11011,사업보고서,IFRS4,Y,"보고서 사업연도 >= 2023 이면 IFRS17, 아니면 IFRS4",미상환잔액,공모,"9,153,650,000,000",2022-12-31,api,-,"1,630,000,000,000","1,770,000,000,000","2,230,000,000,000","1,753,650,000,000","870,000,000,000","900,000,000,000",cprndNrdmpBlce,"{""bsns_year"": ""2022"", ""corp_code"": ""00382199"", ""reprt_code"": ""11011""}",20230315001015,api_row,2026-08-31T15:32:40+09:00,000,run_20260831_152517_0197,raw/cprndNrdmpBlce/00382199_2022_11011.json,9bcd9533fb51a5a72b1152a0205a07cda254222a57fd549e6006a1fb06ea5ded,0
신한지주,지주,지주,00382199,신한지주,2022,11011,사업보고서,IFRS4,Y,"보고서 사업연도 >= 2023 이면 IFRS17, 아니면 IFRS4",미상환잔액,사모,-,2022-12-31,api,-,-,-,-,-,-,-,cprndNrdmpBlce,"{""bsns_year"": ""2022"", ""corp_code"": ""00382199"", ""reprt_code"": ""11011""}",20230315001015,api_row,2026-08-31T15:32:40+09:00,000,run_20260831_152517_0197,raw/cprndNrdmpBlce/00382199_2022_11011.json,9bcd9533fb51a5a72b1152a0205a07cda254222a57fd549e6006a1fb06ea5ded,0
신한지주,지주,지주,00382199,신한지주,2022,11011,사업보고서,IFRS4,Y,"보고서 사업연도 >= 2023 이면 IFRS17, 아니면 IFRS4",미상환잔액,합계,"9,153,650,000,000",2022-12-31,api,-,"1,630,000,000,000","1,770,000,000,000","2,230,000,000,000","1,753,650,000,000","870,000,000,000","900,000,000,000",cprndNrdmpBlce,"{""bsns_year"": ""2022"", ""corp_code"": ""00382199"", ""reprt_code"": ""11011""}",20230315001015,api_row,2026-08-31T15:32:40+09:00,000,run_20260831_152517_0197,raw/cprndNrdmpBlce/00382199_2022_11011.json,9bcd9533fb51a5a72b1152a0205a07cda254222a57fd549e6006a1fb06ea5ded,0
신한지주,지주,지주,00382199,신한지주,2023,11011,사업보고서,IFRS17,Y,"보고서 사업연도 >= 2023 이면 IFRS17, 아니면 IFRS4",미상환잔액,공모,"9,759,400,000,000",2023-12-31,api,-,"1,770,000,000,000","2,230,000,000,000","2,424,700,000,000","870,000,000,000","1,974,700,000,000","490,000,000,000",cprndNrdmpBlce,"{""bsns_year"": ""2023"", ""corp_code"": ""00382199"", ""reprt_code"": ""11011""}",20240502000081,api_row,2026-08-31T15:32:51+09:00,000,run_20260831_152517_0206,raw/cprndNrdmpBlce/00382199_2023_11011.json,ca124bffc4269c6d2ca34fe72249aac6a3ea14319e4d2e1dc7e0e3c35e8e9699,0
신한지주,지주,지주,00382199,신한지주,2023,11011,사업보고서,IFRS17,Y,"보고서 사업연도 >= 2023 이면 IFRS17, 아니면 IFRS4",미상환잔액,사모,-,2023-12-31,api,-,-,-,-,-,-,-,cprndNrdmpBlce,"{""bsns_year"": ""2023"", ""corp_code"": ""00382199"", ""reprt_code"": ""11011""}",20240502000081,api_row,2026-08-31T15:32:51+09:00,000,run_20260831_152517_0206,raw/cprndNrdmpBlce/00382199_2023_11011.json,ca124bffc4269c6d2ca34fe72249aac6a3ea14319e4d2e1dc7e0e3c35e8e9699,0
신한지주,지주,지주,00382199,신한지주,2023,11011,사업보고서,IFRS17,Y,"보고서 사업연도 >= 2023 이면 IFRS17, 아니면 IFRS4",미상환잔액,합계,"9,759,400,000,000",2023-12-31,api,-,"1,770,000,000,000","2,230,000,000,000","2,424,700,000,000","870,000,000,000","1,974,700,000,000","490,000,000,000",cprndNrdmpBlce,"{""bsns_year"": ""2023"", ""corp_code"": ""00382199"", ""reprt_code"": ""11011""}",20240502000081,api_row,2026-08-31T15:32:51+09:00,000,run_20260831_152517_0206,raw/cprndNrdmpBlce/00382199_2023_11011.json,ca124bffc4269c6d2ca34fe72249aac6a3ea14319e4d2e1dc7e0e3c35e8e9699,0
신한지주,지주,지주,00382199,신한지주,2024,11011,사업보고서,IFRS17,Y,"보고서 사업연도 >= 2023 이면 IFRS17, 아니면 IFRS4",미상환잔액,공모,"10,010,000,000,000",2024-12-31,api,-,"2,280,000,000,000","2,515,000,000,000","1,860,000,000,000","2,065,000,000,000","1,090,000,000,000","200,000,000,000",cprndNrdmpBlce,"{""bsns_year"": ""2024"", ""corp_code"": ""00382199"", ""reprt_code"": ""11011""}",20250318000993,api_row,2026-08-31T15:33:27+09:00,000,run_20260831_152517_0215,raw/cprndNrdmpBlce/00382199_2024_11011.json,0a30884ffa1d989e1df23ebfa77c8c8cfb3ae583db32b08600ee493027442474,0
신한지주,지주,지주,00382199,신한지주,2024,11011,사업보고서,IFRS17,Y,"보고서 사업연도 >= 2023 이면 IFRS17, 아니면 IFRS4",미상환잔액,사모,-,2024-12-31,api,-,-,-,-,-,-,-,cprndNrdmpBlce,"{""bsns_year"": ""2024"", ""corp_code"": ""00382199"", ""reprt_code"": ""11011""}",20250318000993,api_row,2026-08-31T15:33:27+09:00,000,run_20260831_152517_0215,raw/cprndNrdmpBlce/00382199_2024_11011.json,0a30884ffa1d989e1df23ebfa77c8c8cfb3ae583db32b08600ee493027442474,0
신한지주,지주,지주,00382199,신한지주,2024,11011,사업보고서,IFRS17,Y,"보고서 사업연도 >= 2023 이면 IFRS17, 아니면 IFRS4",미상환잔액,합계,"10,010,000,000,000",2024-12-31,api,-,"2,280,000,000,000","2,515,000,000,000","1,860,000,000,000","2,065,000,000,000","1,090,000,000,000","200,000,000,000",cprndNrdmpBlce,"{""bsns_year"": ""2024"", ""corp_code"": ""00382199"", ""reprt_code"": ""11011""}",20250318000993,api_row,2026-08-31T15:33:27+09:00,000,run_20260831_152517_0215,raw/cprndNrdmpBlce/00382199_2024_11011.json,0a30884ffa1d989e1df23ebfa77c8c8cfb3ae583db32b08600ee493027442474,0
신한지주,지주,지주,00382199,신한지주,2025,11011,사업보고서,IFRS17,Y,"보고서 사업연도 >= 2023 이면 IFRS17, 아니면 IFRS4",미상환잔액,공모,"10,472,350,000,000",2025-12-31,api,-,"2,557,450,000,000","2,060,000,000,000","2,977,450,000,000","1,090,000,000,000","1,647,450,000,000","140,000,000,000",cprndNrdmpBlce,"{""bsns_year"": ""2025"", ""corp_code"": ""00382199"", ""reprt_code"": ""11011""}",20260318000826,api_row,2026-08-31T15:34:00+09:00,000,run_20260831_152517_0224,raw/cprndNrdmpBlce/00382199_2025_11011.json,87aa33d24ae8e4f0f040b25281e14cbad3658149a8d2a01a18fe35fa9088305a,0
신한지주,지주,지주,00382199,신한지주,2025,11011,사업보고서,IFRS17,Y,"보고서 사업연도 >= 2023 이면 IFRS17, 아니면 IFRS4",미상환잔액,사모,-,2025-12-31,api,-,-,-,-,-,-,-,cprndNrdmpBlce,"{""bsns_year"": ""2025"", ""corp_code"": ""00382199"", ""reprt_code"": ""11011""}",20260318000826,api_row,2026-08-31T15:34:00+09:00,000,run_20260831_152517_0224,raw/cprndNrdmpBlce/00382199_2025_11011.json,87aa33d24ae8e4f0f040b25281e14cbad3658149a8d2a01a18fe35fa9088305a,0
신한지주,지주,지주,00382199,신한지주,2025,11011,사업보고서,IFRS17,Y,"보고서 사업연도 >= 2023 이면 IFRS17, 아니면 IFRS4",미상환잔액,합계,"10,472,350,000,000",2025-12-31,api,-,"2,557,450,000,000","2,060,000,000,000","2,977,450,000,000","1,090,000,000,000","1,647,450,000,000","140,000,000,000",cprndNrdmpBlce,"{""bsns_year"": ""2025"", ""corp_code"": ""00382199"", ""reprt_code"": ""11011""}",20260318000826,api_row,2026-08-31T15:34:00+09:00,000,run_20260831_152517_0224,raw/cprndNrdmpBlce/00382199_2025_11011.json,87aa33d24ae8e4f0f040b25281e14cbad3658149a8d2a01a18fe35fa9088305a,0
신한지주,지주,지주,00382199,신한지주,2025,11012,반기보고서,IFRS17,Y,"보고서 사업연도 >= 2023 이면 IFRS17, 아니면 IFRS4",미상환잔액,공모,"9,586,400,000,000",2025-06-30,api,-,"2,818,200,000,000","1,600,000,000,000","2,480,000,000,000","1,378,200,000,000","1,170,000,000,000","140,000,000,000",cprndNrdmpBlce,"{""bsns_year"": ""2025"", ""corp_code"": ""00382199"", ""reprt_code"": ""11012""}",20250814002920,api_row,2026-08-31T15:34:33+09:00,000,run_20260831_152517_0233,raw/cprndNrdmpBlce/00382199_2025_11012.json,f047d819f7d65c6a8af4f10de9bd8128aca8b52080fce9c8ecc582e713765659,0
신한지주,지주,지주,00382199,신한지주,2025,11012,반기보고서,IFRS17,Y,"보고서 사업연도 >= 2023 이면 IFRS17, 아니면 IFRS4",미상환잔액,사모,-,2025-06-30,api,-,-,-,-,-,-,-,cprndNrdmpBlce,"{""bsns_year"": ""2025"", ""corp_code"": ""00382199"", ""reprt_code"": ""11012""}",20250814002920,api_row,2026-08-31T15:34:33+09:00,000,run_20260831_152517_0233,raw/cprndNrdmpBlce/00382199_2025_11012.json,f047d819f7d65c6a8af4f10de9bd8128aca8b52080fce9c8ecc582e713765659,0
신한지주,지주,지주,00382199,신한지주,2025,11012,반기보고서,IFRS17,Y,"보고서 사업연도 >= 2023 이면 IFRS17, 아니면 IFRS4",미상환잔액,합계,"9,586,400,000,000",2025-06-30,api,-,"2,818,200,000,000","1,600,000,000,000","2,480,000,000,000","1,378,200,000,000","1,170,000,000,000","140,000,000,000",cprndNrdmpBlce,"{""bsns_year"": ""2025"", ""corp_code"": ""00382199"", ""reprt_code"": ""11012""}",20250814002920,api_row,2026-08-31T15:34:33+09:00,000,run_20260831_152517_0233,raw/cprndNrdmpBlce/00382199_2025_11012.json,f047d819f7d65c6a8af4f10de9bd8128aca8b52080fce9c8ecc582e713765659,0
신한지주,지주,지주,00382199,신한지주,2026,11012,반기보고서,IFRS17,Y,"보고서 사업연도 >= 2023 이면 IFRS17, 아니면 IFRS4",미상환잔액,공모,"9,831,500,000,000",2026-06-30,api,-,"1,750,000,000,000","2,610,000,000,000","2,560,750,000,000","1,220,000,000,000","1,600,750,000,000","90,000,000,000",cprndNrdmpBlce,"{""bsns_year"": ""2026"", ""corp_code"": ""00382199"", ""reprt_code"": ""11012""}",20260814003306,api_row,2026-08-31T15:35:04+09:00,000,run_20260831_152517_0242,raw/cprndNrdmpBlce/00382199_2026_11012.json,69b6c90b07cb95d9bb9a69c38769d54a3fd4dc950b37e4945b3ffa9da61d790b,0
신한지주,지주,지주,00382199,신한지주,2026,11012,반기보고서,IFRS17,Y,"보고서 사업연도 >= 2023 이면 IFRS17, 아니면 IFRS4",미상환잔액,사모,"154,150,000,000",2026-06-30,api,-,-,-,"154,150,000,000",-,-,-,cprndNrdmpBlce,"{""bsns_year"": ""2026"", ""corp_code"": ""00382199"", ""reprt_code"": ""11012""}",20260814003306,api_row,2026-08-31T15:35:04+09:00,000,run_20260831_152517_0242,raw/cprndNrdmpBlce/00382199_2026_11012.json,69b6c90b07cb95d9bb9a69c38769d54a3fd4dc950b37e4945b3ffa9da61d790b,0
신한지주,지주,지주,00382199,신한지주,2026,11012,반기보고서,IFRS17,Y,"보고서 사업연도 >= 2023 이면 IFRS17, 아니면 IFRS4",미상환잔액,합계,"9,985,650,000,000",2026-06-30,api,-,"1,750,000,000,000","2,610,000,000,000","2,714,900,000,000","1,220,000,000,000","1,600,750,000,000","90,000,000,000",cprndNrdmpBlce,"{""bsns_year"": ""2026"", ""corp_code"": ""00382199"", ""reprt_code"": ""11012""}",20260814003306,api_row,2026-08-31T15:35:04+09:00,000,run_20260831_152517_0242,raw/cprndNrdmpBlce/00382199_2026_11012.json,69b6c90b07cb95d9bb9a69c38769d54a3fd4dc950b37e4945b3ffa9da61d790b,0
오렌지라이프생명보험,생보,선행법인,00176792,오렌지라이프생명보험,2017,11011,사업보고서,IFRS4,E,"보고서 사업연도 >= 2023 이면 IFRS17, 아니면 IFRS4",미상환잔액,공모,-,2017-12-31,api,-,-,-,-,-,-,-,cprndNrdmpBlce,"{""bsns_year"": ""2017"", ""corp_code"": ""00176792"", ""reprt_code"": ""11011""}",20180330001804,api_row,2026-08-31T16:10:07+09:00,000,run_20260831_152517_1241,raw/cprndNrdmpBlce/00176792_2017_11011.json,be507431afb072b6a913b6b6cad56573c63942172976fdab4ca480fde973b560,0
오렌지라이프생명보험,생보,선행법인,00176792,오렌지라이프생명보험,2017,11011,사업보고서,IFRS4,E,"보고서 사업연도 >= 2023 이면 IFRS17, 아니면 IFRS4",미상환잔액,사모,-,2017-12-31,api,-,-,-,-,-,-,-,cprndNrdmpBlce,"{""bsns_year"": ""2017"", ""corp_code"": ""00176792"", ""reprt_code"": ""11011""}",20180330001804,api_row,2026-08-31T16:10:07+09:00,000,run_20260831_152517_1241,raw/cprndNrdmpBlce/00176792_2017_11011.json,be507431afb072b6a913b6b6cad56573c63942172976fdab4ca480fde973b560,0
오렌지라이프생명보험,생보,선행법인,00176792,오렌지라이프생명보험,2017,11011,사업보고서,IFRS4,E,"보고서 사업연도 >= 2023 이면 IFRS17, 아니면 IFRS4",미상환잔액,합계,-,2017-12-31,api,-,-,-,-,-,-,-,cprndNrdmpBlce,"{""bsns_year"": ""2017"", ""corp_code"": ""00176792"", ""reprt_code"": ""11011""}",20180330001804,api_row,2026-08-31T16:10:07+09:00,000,run_20260831_152517_1241,raw/cprndNrdmpBlce/00176792_2017_11011.json,be507431afb072b6a913b6b6cad56573c63942172976fdab4ca480fde973b560,0
오렌지라이프생명보험,생보,선행법인,00176792,오렌지라이프생명보험,2018,11011,사업보고서,IFRS4,E,"보고서 사업연도 >= 2023 이면 IFRS17, 아니면 IFRS4",미상환잔액,공모,-,2018-12-31,api,-,-,-,-,-,-,-,cprndNrdmpBlce,"{""bsns_year"": ""2018"", ""corp_code"": ""00176792"", ""reprt_code"": ""11011""}",20190328001973,api_row,2026-08-31T16:10:17+09:00,000,run_20260831_152517_1250,raw/cprndNrdmpBlce/00176792_2018_11011.json,90c02a55a6ab3b671558d3bd85c0de1a309d4f27fb4c3edb4dc2c6a5b66c946c,0
오렌지라이프생명보험,생보,선행법인,00176792,오렌지라이프생명보험,2018,11011,사업보고서,IFRS4,E,"보고서 사업연도 >= 2023 이면 IFRS17, 아니면 IFRS4",미상환잔액,사모,-,2018-12-31,api,-,-,-,-,-,-,-,cprndNrdmpBlce,"{""bsns_year"": ""2018"", ""corp_code"": ""00176792"", ""reprt_code"": ""11011""}",20190328001973,api_row,2026-08-31T16:10:17+09:00,000,run_20260831_152517_1250,raw/cprndNrdmpBlce/00176792_2018_11011.json,90c02a55a6ab3b671558d3bd85c0de1a309d4f27fb4c3edb4dc2c6a5b66c946c,0
오렌지라이프생명보험,생보,선행법인,00176792,오렌지라이프생명보험,2018,11011,사업보고서,IFRS4,E,"보고서 사업연도 >= 2023 이면 IFRS17, 아니면 IFRS4",미상환잔액,합계,-,2018-12-31,api,-,-,-,-,-,-,-,cprndNrdmpBlce,"{""bsns_year"": ""2018"", ""corp_code"": ""00176792"", ""reprt_code"": ""11011""}",20190328001973,api_row,2026-08-31T16:10:17+09:00,000,run_20260831_152517_1250,raw/cprndNrdmpBlce/00176792_2018_11011.json,90c02a55a6ab3b671558d3bd85c0de1a309d4f27fb4c3edb4dc2c6a5b66c946c,0
오렌지라이프생명보험,생보,선행법인,00176792,오렌지라이프생명보험,2019,11011,사업보고서,IFRS4,E,"보고서 사업연도 >= 2023 이면 IFRS17, 아니면 IFRS4",미상환잔액,공모,-,2019-12-31,api,-,-,-,-,-,-,-,cprndNrdmpBlce,"{""bsns_year"": ""2019"", ""corp_code"": ""00176792"", ""reprt_code"": ""11011""}",20200330003387,api_row,2026-08-31T16:10:28+09:00,000,run_20260831_152517_1259,raw/cprndNrdmpBlce/00176792_2019_11011.json,65189984c48c564bc306a9417ecb3571b4a2a90df1decdef71e296a71e020061,0
오렌지라이프생명보험,생보,선행법인,00176792,오렌지라이프생명보험,2019,11011,사업보고서,IFRS4,E,"보고서 사업연도 >= 2023 이면 IFRS17, 아니면 IFRS4",미상환잔액,사모,-,2019-12-31,api,-,-,-,-,-,-,-,cprndNrdmpBlce,"{""bsns_year"": ""2019"", ""corp_code"": ""00176792"", ""reprt_code"": ""11011""}",20200330003387,api_row,2026-08-31T16:10:28+09:00,000,run_20260831_152517_1259,raw/cprndNrdmpBlce/00176792_2019_11011.json,65189984c48c564bc306a9417ecb3571b4a2a90df1decdef71e296a71e020061,0
오렌지라이프생명보험,생보,선행법인,00176792,오렌지라이프생명보험,2019,11011,사업보고서,IFRS4,E,"보고서 사업연도 >= 2023 이면 IFRS17, 아니면 IFRS4",미상환잔액,합계,-,2019-12-31,api,-,-,-,-,-,-,-,cprndNrdmpBlce,"{""bsns_year"": ""2019"", ""corp_code"": ""00176792"", ""reprt_code"": ""11011""}",20200330003387,api_row,2026-08-31T16:10:28+09:00,000,run_20260831_152517_1259,raw/cprndNrdmpBlce/00176792_2019_11011.json,65189984c48c564bc306a9417ecb3571b4a2a90df1decdef71e296a71e020061,0
오렌지라이프생명보험,생보,선행법인,00176792,오렌지라이프생명보험,2020,11011,사업보고서,IFRS4,E,"보고서 사업연도 >= 2023 이면 IFRS17, 아니면 IFRS4",미상환잔액,공모,-,2020-12-31,api,-,-,-,-,-,-,-,cprndNrdmpBlce,"{""bsns_year"": ""2020"", ""corp_code"": ""00176792"", ""reprt_code"": ""11011""}",20210330001517,api_row,2026-08-31T16:10:38+09:00,000,run_20260831_152517_1268,raw/cprndNrdmpBlce/00176792_2020_11011.json,69f4e45dd086d21113b1ab42547df6b5e9a8f64a26ca853ab70154f8586f615f,0
오렌지라이프생명보험,생보,선행법인,00176792,오렌지라이프생명보험,2020,11011,사업보고서,IFRS4,E,"보고서 사업연도 >= 2023 이면 IFRS17, 아니면 IFRS4",미상환잔액,사모,-,2020-12-31,api,-,-,-,-,-,-,-,cprndNrdmpBlce,"{""bsns_year"": ""2020"", ""corp_code"": ""00176792"", ""reprt_code"": ""11011""}",20210330001517,api_row,2026-08-31T16:10:38+09:00,000,run_20260831_152517_1268,raw/cprndNrdmpBlce/00176792_2020_11011.json,69f4e45dd086d21113b1ab42547df6b5e9a8f64a26ca853ab70154f8586f615f,0
오렌지라이프생명보험,생보,선행법인,00176792,오렌지라이프생명보험,2020,11011,사업보고서,IFRS4,E,"보고서 사업연도 >= 2023 이면 IFRS17, 아니면 IFRS4",미상환잔액,합계,-,2020-12-31,api,-,-,-,-,-,-,-,cprndNrdmpBlce,"{""bsns_year"": ""2020"", ""corp_code"": ""00176792"", ""reprt_code"": ""11011""}",20210330001517,api_row,2026-08-31T16:10:38+09:00,000,run_20260831_152517_1268,raw/cprndNrdmpBlce/00176792_2020_11011.json,69f4e45dd086d21113b1ab42547df6b5e9a8f64a26ca853ab70154f8586f615f,0
우리금융지주,지주,지주,01350869,우리금융지주,2019,11011,사업보고서,IFRS4,Y,"보고서 사업연도 >= 2023 이면 IFRS17, 아니면 IFRS4",미상환잔액,공모,"26,149,288,000,000",2019-12-31,api,-,"10,018,138,000,000","7,132,800,000,000","4,450,000,000,000","3,247,340,000,000","1,301,010,000,000",-,cprndNrdmpBlce,"{""bsns_year"": ""2019"", ""corp_code"": ""01350869"", ""reprt_code"": ""11011""}",20200330004490,api_row,2026-08-31T15:42:53+09:00,000,run_20260831_152517_0477,raw/cprndNrdmpBlce/01350869_2019_11011.json,18663658cd2893d00e327f9d09e30d33df2104c980d7dd095ee0c06307030974,0
우리금융지주,지주,지주,01350869,우리금융지주,2019,11011,사업보고서,IFRS4,Y,"보고서 사업연도 >= 2023 이면 IFRS17, 아니면 IFRS4",미상환잔액,사모,"1,401,787,000,000",2019-12-31,api,-,"615,020,000,000","482,051,000,000","304,716,000,000",-,-,-,cprndNrdmpBlce,"{""bsns_year"": ""2019"", ""corp_code"": ""01350869"", ""reprt_code"": ""11011""}",20200330004490,api_row,2026-08-31T15:42:53+09:00,000,run_20260831_152517_0477,raw/cprndNrdmpBlce/01350869_2019_11011.json,18663658cd2893d00e327f9d09e30d33df2104c980d7dd095ee0c06307030974,0
우리금융지주,지주,지주,01350869,우리금융지주,2019,11011,사업보고서,IFRS4,Y,"보고서 사업연도 >= 2023 이면 IFRS17, 아니면 IFRS4",미상환잔액,합계,"27,551,075,000,000",2019-12-31,api,-,"10,633,158,000,000","7,614,851,000,000","4,754,716,000,000","3,247,340,000,000","1,301,010,000,000",-,cprndNrdmpBlce,"{""bsns_year"": ""2019"", ""corp_code"": ""01350869"", ""reprt_code"": ""11011""}",20200330004490,api_row,2026-08-31T15:42:53+09:00,000,run_20260831_152517_0477,raw/cprndNrdmpBlce/01350869_2019_11011.json,18663658cd2893d00e327f9d09e30d33df2104c980d7dd095ee0c06307030974,0
우리금융지주,지주,지주,01350869,우리금융지주,2020,11011,사업보고서,IFRS4,Y,"보고서 사업연도 >= 2023 이면 IFRS17, 아니면 IFRS4",미상환잔액,공모,"31,788,010,000,000",2020-12-31,api,-,"12,585,386,000,000","8,332,000,000,000","7,211,024,000,000","2,399,600,000,000","1,090,000,000,000","170,000,000,000",cprndNrdmpBlce,"{""bsns_year"": ""2020"", ""corp_code"": ""01350869"", ""reprt_code"": ""11011""}",20210318001162,api_row,2026-08-31T15:43:04+09:00,000,run_20260831_152517_0486,raw/cprndNrdmpBlce/01350869_2020_11011.json,13d598d936bd36ca1821d0ea3de422293ffda79f7d5e3b9925ee4f00e54be8c6,0
우리금융지주,지주,지주,01350869,우리금융지주,2020,11011,사업보고서,IFRS4,Y,"보고서 사업연도 >= 2023 이면 IFRS17, 아니면 IFRS4",미상환잔액,사모,"1,448,777,000,000",2020-12-31,api,-,"702,457,000,000","289,360,000,000","310,080,000,000",-,"146,880,000,000",-,cprndNrdmpBlce,"{""bsns_year"": ""2020"", ""corp_code"": ""01350869"", ""reprt_code"": ""11011""}",20210318001162,api_row,2026-08-31T15:43:04+09:00,000,run_20260831_152517_0486,raw/cprndNrdmpBlce/01350869_2020_11011.json,13d598d936bd36ca1821d0ea3de422293ffda79f7d5e3b9925ee4f00e54be8c6,0
우리금융지주,지주,지주,01350869,우리금융지주,2020,11011,사업보고서,IFRS4,Y,"보고서 사업연도 >= 2023 이면 IFRS17, 아니면 IFRS4",미상환잔액,합계,"33,236,787,000,000",2020-12-31,api,-,"13,287,843,000,000","8,621,360,000,000","7,521,104,000,000","2,399,600,000,000","1,236,880,000,000","170,000,000,000",cprndNrdmpBlce,"{""bsns_year"": ""2020"", ""corp_code"": ""01350869"", ""reprt_code"": ""11011""}",20210318001162,api_row,2026-08-31T15:43:04+09:00,000,run_20260831_152517_0486,raw/cprndNrdmpBlce/01350869_2020_11011.json,13d598d936bd36ca1821d0ea3de422293ffda79f7d5e3b9925ee4f00e54be8c6,0
우리금융지주,지주,지주,01350869,우리금융지주,2021,11011,사업보고서,IFRS4,Y,"보고서 사업연도 >= 2023 이면 IFRS17, 아니면 IFRS4",미상환잔액,공모,"420,000,000,000",2021-12-31,api,-,-,"260,000,000,000","100,000,000,000",-,-,"60,000,000,000",cprndNrdmpBlce,"{""bsns_year"": ""2021"", ""corp_code"": ""01350869"", ""reprt_code"": ""11011""}",20220317001124,api_row,2026-08-31T15:43:14+09:00,000,run_20260831_152517_0495,raw/cprndNrdmpBlce/01350869_2021_11011.json,99b9b59bc06a12dafae2ff35d474ef7083c425413ddc6181a4b3c1da16378993,0
우리금융지주,지주,지주,01350869,우리금융지주,2021,11011,사업보고서,IFRS4,Y,"보고서 사업연도 >= 2023 이면 IFRS17, 아니면 IFRS4",미상환잔액,사모,-,2021-12-31,api,-,-,-,-,-,-,-,cprndNrdmpBlce,"{""bsns_year"": ""2021"", ""corp_code"": ""01350869"", ""reprt_code"": ""11011""}",20220317001124,api_row,2026-08-31T15:43:14+09:00,000,run_20260831_152517_0495,raw/cprndNrdmpBlce/01350869_2021_11011.json,99b9b59bc06a12dafae2ff35d474ef7083c425413ddc6181a4b3c1da16378993,0
우리금융지주,지주,지주,01350869,우리금융지주,2021,11011,사업보고서,IFRS4,Y,"보고서 사업연도 >= 2023 이면 IFRS17, 아니면 IFRS4",미상환잔액,합계,"420,000,000,000",2021-12-31,api,-,-,"260,000,000,000","100,000,000,000",-,-,"60,000,000,000",cprndNrdmpBlce,"{""bsns_year"": ""2021"", ""corp_code"": ""01350869"", ""reprt_code"": ""11011""}",20220317001124,api_row,2026-08-31T15:43:14+09:00,000,run_20260831_152517_0495,raw/cprndNrdmpBlce/01350869_2021_11011.json,99b9b59bc06a12dafae2ff35d474ef7083c425413ddc6181a4b3c1da16378993,0
우리금융지주,지주,지주,01350869,우리금융지주,2022,11011,사업보고서,IFRS4,Y,"보고서 사업연도 >= 2023 이면 IFRS17, 아니면 IFRS4",미상환잔액,공모,"500,000,000,000",2022-12-31,api,-,"260,000,000,000","100,000,000,000","30,000,000,000",-,"50,000,000,000","60,000,000,000",cprndNrdmpBlce,"{""bsns_year"": ""2022"", ""corp_code"": ""01350869"", ""reprt_code"": ""11011""}",20230316001455,api_row,2026-08-31T15:43:25+09:00,000,run_20260831_152517_0504,raw/cprndNrdmpBlce/01350869_2022_11011.json,0591bb3e14d32384b542eb376b2da6725742f44a4fcfc823a6ff4875fa689817,0
우리금융지주,지주,지주,01350869,우리금융지주,2022,11011,사업보고서,IFRS4,Y,"보고서 사업연도 >= 2023 이면 IFRS17, 아니면 IFRS4",미상환잔액,사모,-,2022-12-31,api,-,-,-,-,-,-,-,cprndNrdmpBlce,"{""bsns_year"": ""2022"", ""corp_code"": ""01350869"", ""reprt_code"": ""11011""}",20230316001455,api_row,2026-08-31T15:43:25+09:00,000,run_20260831_152517_0504,raw/cprndNrdmpBlce/01350869_2022_11011.json,0591bb3e14d32384b542eb376b2da6725742f44a4fcfc823a6ff4875fa689817,0
우리금융지주,지주,지주,01350869,우리금융지주,2022,11011,사업보고서,IFRS4,Y,"보고서 사업연도 >= 2023 이면 IFRS17, 아니면 IFRS4",미상환잔액,합계,"500,000,000,000",2022-12-31,api,-,"260,000,000,000","100,000,000,000","30,000,000,000",-,"50,000,000,000","60,000,000,000",cprndNrdmpBlce,"{""bsns_year"": ""2022"", ""corp_code"": ""01350869"", ""reprt_code"": ""11011""}",20230316001455,api_row,2026-08-31T15:43:25+09:00,000,run_20260831_152517_0504,raw/cprndNrdmpBlce/01350869_2022_11011.json,0591bb3e14d32384b542eb376b2da6725742f44a4fcfc823a6ff4875fa689817,0
우리금융지주,지주,지주,01350869,우리금융지주,2023,11011,사업보고서,IFRS17,Y,"보고서 사업연도 >= 2023 이면 IFRS17, 아니면 IFRS4",미상환잔액,공모,"640,000,000,000",2023-12-31,api,-,"150,000,000,000","160,000,000,000","220,000,000,000","50,000,000,000",-,"60,000,000,000",cprndNrdmpBlce,"{""bsns_year"": ""2023"", ""corp_code"": ""01350869"", ""reprt_code"": ""11011""}",20240516001472,api_row,2026-08-31T15:43:36+09:00,000,run_20260831_152517_0513,raw/cprndNrdmpBlce/01350869_2023_11011.json,21bfd099a506fb30d9bee2c91f633d28d81fb53dc7d8717a85160bb724d3edf4,0
우리금융지주,지주,지주,01350869,우리금융지주,2023,11011,사업보고서,IFRS17,Y,"보고서 사업연도 >= 2023 이면 IFRS17, 아니면 IFRS4",미상환잔액,사모,-,2023-12-31,api,-,-,-,-,-,-,-,cprndNrdmpBlce,"{""bsns_year"": ""2023"", ""corp_code"": ""01350869"", ""reprt_code"": ""11011""}",20240516001472,api_row,2026-08-31T15:43:36+09:00,000,run_20260831_152517_0513,raw/cprndNrdmpBlce/01350869_2023_11011.json,21bfd099a506fb30d9bee2c91f633d28d81fb53dc7d8717a85160bb724d3edf4,0
우리금융지주,지주,지주,01350869,우리금융지주,2023,11011,사업보고서,IFRS17,Y,"보고서 사업연도 >= 2023 이면 IFRS17, 아니면 IFRS4",미상환잔액,합계,"640,000,000,000",2023-12-31,api,-,"150,000,000,000","160,000,000,000","220,000,000,000","50,000,000,000",-,"60,000,000,000",cprndNrdmpBlce,"{""bsns_year"": ""2023"", ""corp_code"": ""01350869"", ""reprt_code"": ""11011""}",20240516001472,api_row,2026-08-31T15:43:36+09:00,000,run_20260831_152517_0513,raw/cprndNrdmpBlce/01350869_2023_11011.json,21bfd099a506fb30d9bee2c91f633d28d81fb53dc7d8717a85160bb724d3edf4,0
우리금융지주,지주,지주,01350869,우리금융지주,2024,11011,사업보고서,IFRS17,Y,"보고서 사업연도 >= 2023 이면 IFRS17, 아니면 IFRS4",미상환잔액,공모,"1,090,000,000,000",2024-12-31,api,-,"310,000,000,000","620,000,000,000","100,000,000,000",-,-,"60,000,000,000",cprndNrdmpBlce,"{""bsns_year"": ""2024"", ""corp_code"": ""01350869"", ""reprt_code"": ""11011""}",20250318001196,api_row,2026-08-31T15:44:04+09:00,000,run_20260831_152517_0522,raw/cprndNrdmpBlce/01350869_2024_11011.json,ac7790f716470f53ff2a039f441e4c123913dd0c283c87af0181b39cc1ec2f20,0
우리금융지주,지주,지주,01350869,우리금융지주,2024,11011,사업보고서,IFRS17,Y,"보고서 사업연도 >= 2023 이면 IFRS17, 아니면 IFRS4",미상환잔액,사모,-,2024-12-31,api,-,-,-,-,-,-,-,cprndNrdmpBlce,"{""bsns_year"": ""2024"", ""corp_code"": ""01350869"", ""reprt_code"": ""11011""}",20250318001196,api_row,2026-08-31T15:44:04+09:00,000,run_20260831_152517_0522,raw/cprndNrdmpBlce/01350869_2024_11011.json,ac7790f716470f53ff2a039f441e4c123913dd0c283c87af0181b39cc1ec2f20,0
우리금융지주,지주,지주,01350869,우리금융지주,2024,11011,사업보고서,IFRS17,Y,"보고서 사업연도 >= 2023 이면 IFRS17, 아니면 IFRS4",미상환잔액,합계,"1,090,000,000,000",2024-12-31,api,-,"310,000,000,000","620,000,000,000","100,000,000,000",-,-,"60,000,000,000",cprndNrdmpBlce,"{""bsns_year"": ""2024"", ""corp_code"": ""01350869"", ""reprt_code"": ""11011""}",20250318001196,api_row,2026-08-31T15:44:04+09:00,000,run_20260831_152517_0522,raw/cprndNrdmpBlce/01350869_2024_11011.json,ac7790f716470f53ff2a039f441e4c123913dd0c283c87af0181b39cc1ec2f20,0
우리금융지주,지주,지주,01350869,우리금융지주,2025,11011,사업보고서,IFRS17,Y,"보고서 사업연도 >= 2023 이면 IFRS17, 아니면 IFRS4",미상환잔액,공모,"1,720,000,000,000",2025-12-31,api,-,"810,000,000,000","340,000,000,000","510,000,000,000",-,-,"60,000,000,000",cprndNrdmpBlce,"{""bsns_year"": ""2025"", ""corp_code"": ""01350869"", ""reprt_code"": ""11011""}",20260313001235,api_row,2026-08-31T15:44:31+09:00,000,run_20260831_152517_0531,raw/cprndNrdmpBlce/01350869_2025_11011.json,86f98488a5b3aa0b81e3c2071e566397eaf1dbe6a565c1b963c92c4a11ab313d,0
우리금융지주,지주,지주,01350869,우리금융지주,2025,11011,사업보고서,IFRS17,Y,"보고서 사업연도 >= 2023 이면 IFRS17, 아니면 IFRS4",미상환잔액,사모,-,2025-12-31,api,-,-,-,-,-,-,-,cprndNrdmpBlce,"{""bsns_year"": ""2025"", ""corp_code"": ""01350869"", ""reprt_code"": ""11011""}",20260313001235,api_row,2026-08-31T15:44:31+09:00,000,run_20260831_152517_0531,raw/cprndNrdmpBlce/01350869_2025_11011.json,86f98488a5b3aa0b81e3c2071e566397eaf1dbe6a565c1b963c92c4a11ab313d,0
우리금융지주,지주,지주,01350869,우리금융지주,2025,11011,사업보고서,IFRS17,Y,"보고서 사업연도 >= 2023 이면 IFRS17, 아니면 IFRS4",미상환잔액,합계,"1,720,000,000,000",2025-12-31,api,-,"810,000,000,000","340,000,000,000","510,000,000,000",-,-,"60,000,000,000",cprndNrdmpBlce,"{""bsns_year"": ""2025"", ""corp_code"": ""01350869"", ""reprt_code"": ""11011""}",20260313001235,api_row,2026-08-31T15:44:31+09:00,000,run_20260831_152517_0531,raw/cprndNrdmpBlce/01350869_2025_11011.json,86f98488a5b3aa0b81e3c2071e566397eaf1dbe6a565c1b963c92c4a11ab313d,0
우리금융지주,지주,지주,01350869,우리금융지주,2025,11012,반기보고서,IFRS17,Y,"보고서 사업연도 >= 2023 이면 IFRS17, 아니면 IFRS4",미상환잔액,공모,"1,590,000,000,000",2025-06-30,api,-,"450,000,000,000","740,000,000,000","340,000,000,000",-,-,"60,000,000,000",cprndNrdmpBlce,"{""bsns_year"": ""2025"", ""corp_code"": ""01350869"", ""reprt_code"": ""11012""}",20250814004065,api_row,2026-08-31T15:45:01+09:00,000,run_20260831_152517_0540,raw/cprndNrdmpBlce/01350869_2025_11012.json,b8b0f2ba507a85c91619a8fb052bc2ce23549b574b860a1230439b7461c25c2c,0
우리금융지주,지주,지주,01350869,우리금융지주,2025,11012,반기보고서,IFRS17,Y,"보고서 사업연도 >= 2023 이면 IFRS17, 아니면 IFRS4",미상환잔액,사모,-,2025-06-30,api,-,-,-,-,-,-,-,cprndNrdmpBlce,"{""bsns_year"": ""2025"", ""corp_code"": ""01350869"", ""reprt_code"": ""11012""}",20250814004065,api_row,2026-08-31T15:45:01+09:00,000,run_20260831_152517_0540,raw/cprndNrdmpBlce/01350869_2025_11012.json,b8b0f2ba507a85c91619a8fb052bc2ce23549b574b860a1230439b7461c25c2c,0
우리금융지주,지주,지주,01350869,우리금융지주,2025,11012,반기보고서,IFRS17,Y,"보고서 사업연도 >= 2023 이면 IFRS17, 아니면 IFRS4",미상환잔액,합계,"1,590,000,000,000",2025-06-30,api,-,"450,000,000,000","740,000,000,000","340,000,000,000",-,-,"60,000,000,000",cprndNrdmpBlce,"{""bsns_year"": ""2025"", ""corp_code"": ""01350869"", ""reprt_code"": ""11012""}",20250814004065,api_row,2026-08-31T15:45:01+09:00,000,run_20260831_152517_0540,raw/cprndNrdmpBlce/01350869_2025_11012.json,b8b0f2ba507a85c91619a8fb052bc2ce23549b574b860a1230439b7461c25c2c,0
우리금융지주,지주,지주,01350869,우리금융지주,2026,11012,반기보고서,IFRS17,Y,"보고서 사업연도 >= 2023 이면 IFRS17, 아니면 IFRS4",미상환잔액,공모,"2,590,000,000,000",2026-06-30,api,-,"1,300,000,000,000","1,010,000,000,000","220,000,000,000",-,-,"60,000,000,000",cprndNrdmpBlce,"{""bsns_year"": ""2026"", ""corp_code"": ""01350869"", ""reprt_code"": ""11012""}",20260814003410,api_row,2026-08-31T15:45:27+09:00,000,run_20260831_152517_0549,raw/cprndNrdmpBlce/01350869_2026_11012.json,ac7283b32eddb2500be837fc06c241dd59df13adef5b39b58ea1414fbf1d41b9,0
우리금융지주,지주,지주,01350869,우리금융지주,2026,11012,반기보고서,IFRS17,Y,"보고서 사업연도 >= 2023 이면 IFRS17, 아니면 IFRS4",미상환잔액,사모,-,2026-06-30,api,-,-,-,-,-,-,-,cprndNrdmpBlce,"{""bsns_year"": ""2026"", ""corp_code"": ""01350869"", ""reprt_code"": ""11012""}",20260814003410,api_row,2026-08-31T15:45:27+09:00,000,run_20260831_152517_0549,raw/cprndNrdmpBlce/01350869_2026_11012.json,ac7283b32eddb2500be837fc06c241dd59df13adef5b39b58ea1414fbf1d41b9,0
우리금융지주,지주,지주,01350869,우리금융지주,2026,11012,반기보고서,IFRS17,Y,"보고서 사업연도 >= 2023 이면 IFRS17, 아니면 IFRS4",미상환잔액,합계,"2,590,000,000,000",2026-06-30,api,-,"1,300,000,000,000","1,010,000,000,000","220,000,000,000",-,-,"60,000,000,000",cprndNrdmpBlce,"{""bsns_year"": ""2026"", ""corp_code"": ""01350869"", ""reprt_code"": ""11012""}",20260814003410,api_row,2026-08-31T15:45:27+09:00,000,run_20260831_152517_0549,raw/cprndNrdmpBlce/01350869_2026_11012.json,ac7283b32eddb2500be837fc06c241dd59df13adef5b39b58ea1414fbf1d41b9,0
한화생명보험,생보,지주,00113058,한화생명,2015,11011,사업보고서,IFRS4,Y,"보고서 사업연도 >= 2023 이면 IFRS17, 아니면 IFRS4",미상환잔액,공모,-,2015-12-31,api,-,-,-,-,-,-,-,cprndNrdmpBlce,"{""bsns_year"": ""2015"", ""corp_code"": ""00113058"", ""reprt_code"": ""11011""}",20160516001514,api_row,2026-08-31T15:45:56+09:00,000,run_20260831_152517_0558,raw/cprndNrdmpBlce/00113058_2015_11011.json,3803ce3590b82eb5fa8b52f204b58538efd56e5bd8453d716a7c95470e28eb92,0
한화생명보험,생보,지주,00113058,한화생명,2015,11011,사업보고서,IFRS4,Y,"보고서 사업연도 >= 2023 이면 IFRS17, 아니면 IFRS4",미상환잔액,사모,-,2015-12-31,api,-,-,-,-,-,-,-,cprndNrdmpBlce,"{""bsns_year"": ""2015"", ""corp_code"": ""00113058"", ""reprt_code"": ""11011""}",20160516001514,api_row,2026-08-31T15:45:56+09:00,000,run_20260831_152517_0558,raw/cprndNrdmpBlce/00113058_2015_11011.json,3803ce3590b82eb5fa8b52f204b58538efd56e5bd8453d716a7c95470e28eb92,0
한화생명보험,생보,지주,00113058,한화생명,2015,11011,사업보고서,IFRS4,Y,"보고서 사업연도 >= 2023 이면 IFRS17, 아니면 IFRS4",미상환잔액,합계,-,2015-12-31,api,-,-,-,-,-,-,-,cprndNrdmpBlce,"{""bsns_year"": ""2015"", ""corp_code"": ""00113058"", ""reprt_code"": ""11011""}",20160516001514,api_row,2026-08-31T15:45:56+09:00,000,run_20260831_152517_0558,raw/cprndNrdmpBlce/00113058_2015_11011.json,3803ce3590b82eb5fa8b52f204b58538efd56e5bd8453d716a7c95470e28eb92,0
한화생명보험,생보,지주,00113058,한화생명,2016,11011,사업보고서,IFRS4,Y,"보고서 사업연도 >= 2023 이면 IFRS17, 아니면 IFRS4",미상환잔액,공모,"253,000,000,000",2016-12-31,api,-,"35,000,000,000",-,"90,000,000,000",-,-,"128,000,000,000",cprndNrdmpBlce,"{""bsns_year"": ""2016"", ""corp_code"": ""00113058"", ""reprt_code"": ""11011""}",20170331005451,api_row,2026-08-31T15:46:06+09:00,000,run_20260831_152517_0567,raw/cprndNrdmpBlce/00113058_2016_11011.json,dece8615fd7cab2b1599e838a14469216667ceea870c8efb7c45d37279ad29f9,0
한화생명보험,생보,지주,00113058,한화생명,2016,11011,사업보고서,IFRS4,Y,"보고서 사업연도 >= 2023 이면 IFRS17, 아니면 IFRS4",미상환잔액,사모,-,2016-12-31,api,-,-,-,-,-,-,-,cprndNrdmpBlce,"{""bsns_year"": ""2016"", ""corp_code"": ""00113058"", ""reprt_code"": ""11011""}",20170331005451,api_row,2026-08-31T15:46:06+09:00,000,run_20260831_152517_0567,raw/cprndNrdmpBlce/00113058_2016_11011.json,dece8615fd7cab2b1599e838a14469216667ceea870c8efb7c45d37279ad29f9,0
한화생명보험,생보,지주,00113058,한화생명,2016,11011,사업보고서,IFRS4,Y,"보고서 사업연도 >= 2023 이면 IFRS17, 아니면 IFRS4",미상환잔액,합계,"253,000,000,000",2016-12-31,api,-,"35,000,000,000",-,"90,000,000,000",-,-,"128,000,000,000",cprndNrdmpBlce,"{""bsns_year"": ""2016"", ""corp_code"": ""00113058"", ""reprt_code"": ""11011""}",20170331005451,api_row,2026-08-31T15:46:06+09:00,000,run_20260831_152517_0567,raw/cprndNrdmpBlce/00113058_2016_11011.json,dece8615fd7cab2b1599e838a14469216667ceea870c8efb7c45d37279ad29f9,0
한화생명보험,생보,지주,00113058,한화생명,2017,11011,사업보고서,IFRS4,Y,"보고서 사업연도 >= 2023 이면 IFRS17, 아니면 IFRS4",미상환잔액,공모,-,2017-12-31,api,-,-,-,-,-,-,-,cprndNrdmpBlce,"{""bsns_year"": ""2017"", ""corp_code"": ""00113058"", ""reprt_code"": ""11011""}",20180402005271,api_row,2026-08-31T15:46:25+09:00,000,run_20260831_152517_0576,raw/cprndNrdmpBlce/00113058_2017_11011.json,321dadeec462a07b1abf2ba104c82e3ec24903a6a3371e66601369d960bb50c2,0
한화생명보험,생보,지주,00113058,한화생명,2017,11011,사업보고서,IFRS4,Y,"보고서 사업연도 >= 2023 이면 IFRS17, 아니면 IFRS4",미상환잔액,사모,-,2017-12-31,api,-,-,-,-,-,-,-,cprndNrdmpBlce,"{""bsns_year"": ""2017"", ""corp_code"": ""00113058"", ""reprt_code"": ""11011""}",20180402005271,api_row,2026-08-31T15:46:25+09:00,000,run_20260831_152517_0576,raw/cprndNrdmpBlce/00113058_2017_11011.json,321dadeec462a07b1abf2ba104c82e3ec24903a6a3371e66601369d960bb50c2,0
한화생명보험,생보,지주,00113058,한화생명,2017,11011,사업보고서,IFRS4,Y,"보고서 사업연도 >= 2023 이면 IFRS17, 아니면 IFRS4",미상환잔액,합계,-,2017-12-31,api,-,-,-,-,-,-,-,cprndNrdmpBlce,"{""bsns_year"": ""2017"", ""corp_code"": ""00113058"", ""reprt_code"": ""11011""}",20180402005271,api_row,2026-08-31T15:46:25+09:00,000,run_20260831_152517_0576,raw/cprndNrdmpBlce/00113058_2017_11011.json,321dadeec462a07b1abf2ba104c82e3ec24903a6a3371e66601369d960bb50c2,0
한화생명보험,생보,지주,00113058,한화생명,2018,11011,사업보고서,IFRS4,Y,"보고서 사업연도 >= 2023 이면 IFRS17, 아니면 IFRS4",미상환잔액,공모,-,2018-12-31,api,-,-,-,-,-,-,-,cprndNrdmpBlce,"{""bsns_year"": ""2018"", ""corp_code"": ""00113058"", ""reprt_code"": ""11011""}",20190401005054,api_row,2026-08-31T15:46:43+09:00,000,run_20260831_152517_0585,raw/cprndNrdmpBlce/00113058_2018_11011.json,c1084de20056360cf4b877e6b600340c71835794bdd47cc674fe6de0c52dceb7,0
한화생명보험,생보,지주,00113058,한화생명,2018,11011,사업보고서,IFRS4,Y,"보고서 사업연도 >= 2023 이면 IFRS17, 아니면 IFRS4",미상환잔액,사모,-,2018-12-31,api,-,-,-,-,-,-,-,cprndNrdmpBlce,"{""bsns_year"": ""2018"", ""corp_code"": ""00113058"", ""reprt_code"": ""11011""}",20190401005054,api_row,2026-08-31T15:46:43+09:00,000,run_20260831_152517_0585,raw/cprndNrdmpBlce/00113058_2018_11011.json,c1084de20056360cf4b877e6b600340c71835794bdd47cc674fe6de0c52dceb7,0
한화생명보험,생보,지주,00113058,한화생명,2018,11011,사업보고서,IFRS4,Y,"보고서 사업연도 >= 2023 이면 IFRS17, 아니면 IFRS4",미상환잔액,합계,-,2018-12-31,api,-,-,-,-,-,-,-,cprndNrdmpBlce,"{""bsns_year"": ""2018"", ""corp_code"": ""00113058"", ""reprt_code"": ""11011""}",20190401005054,api_row,2026-08-31T15:46:43+09:00,000,run_20260831_152517_0585,raw/cprndNrdmpBlce/00113058_2018_11011.json,c1084de20056360cf4b877e6b600340c71835794bdd47cc674fe6de0c52dceb7,0
한화생명보험,생보,지주,00113058,한화생명,2019,11011,사업보고서,IFRS4,Y,"보고서 사업연도 >= 2023 이면 IFRS17, 아니면 IFRS4",미상환잔액,공모,-,2019-12-31,api,-,-,-,-,-,-,-,cprndNrdmpBlce,"{""bsns_year"": ""2019"", ""corp_code"": ""00113058"", ""reprt_code"": ""11011""}",20200331001872,api_row,2026-08-31T15:47:01+09:00,000,run_20260831_152517_0594,raw/cprndNrdmpBlce/00113058_2019_11011.json,4b5f1b96d428df1aa3e62b3a639d3c4bb3b8b5f080ee182011788d0d9af9e1e8,0
한화생명보험,생보,지주,00113058,한화생명,2019,11011,사업보고서,IFRS4,Y,"보고서 사업연도 >= 2023 이면 IFRS17, 아니면 IFRS4",미상환잔액,사모,-,2019-12-31,api,-,-,-,-,-,-,-,cprndNrdmpBlce,"{""bsns_year"": ""2019"", ""corp_code"": ""00113058"", ""reprt_code"": ""11011""}",20200331001872,api_row,2026-08-31T15:47:01+09:00,000,run_20260831_152517_0594,raw/cprndNrdmpBlce/00113058_2019_11011.json,4b5f1b96d428df1aa3e62b3a639d3c4bb3b8b5f080ee182011788d0d9af9e1e8,0
한화생명보험,생보,지주,00113058,한화생명,2019,11011,사업보고서,IFRS4,Y,"보고서 사업연도 >= 2023 이면 IFRS17, 아니면 IFRS4",미상환잔액,합계,-,2019-12-31,api,-,-,-,-,-,-,-,cprndNrdmpBlce,"{""bsns_year"": ""2019"", ""corp_code"": ""00113058"", ""reprt_code"": ""11011""}",20200331001872,api_row,2026-08-31T15:47:01+09:00,000,run_20260831_152517_0594,raw/cprndNrdmpBlce/00113058_2019_11011.json,4b5f1b96d428df1aa3e62b3a639d3c4bb3b8b5f080ee182011788d0d9af9e1e8,0
한화생명보험,생보,지주,00113058,한화생명,2020,11011,사업보고서,IFRS4,Y,"보고서 사업연도 >= 2023 이면 IFRS17, 아니면 IFRS4",미상환잔액,공모,-,2020-12-31,api,-,-,-,-,-,-,-,cprndNrdmpBlce,"{""bsns_year"": ""2020"", ""corp_code"": ""00113058"", ""reprt_code"": ""11011""}",20210305000803,api_row,2026-08-31T15:47:11+09:00,000,run_20260831_152517_0603,raw/cprndNrdmpBlce/00113058_2020_11011.json,a7117fb39ec53142534f3ff95dfe5a9bc28186391e79a17373dc9627b55d4a73,0
한화생명보험,생보,지주,00113058,한화생명,2020,11011,사업보고서,IFRS4,Y,"보고서 사업연도 >= 2023 이면 IFRS17, 아니면 IFRS4",미상환잔액,사모,-,2020-12-31,api,-,-,-,-,-,-,-,cprndNrdmpBlce,"{""bsns_year"": ""2020"", ""corp_code"": ""00113058"", ""reprt_code"": ""11011""}",20210305000803,api_row,2026-08-31T15:47:11+09:00,000,run_20260831_152517_0603,raw/cprndNrdmpBlce/00113058_2020_11011.json,a7117fb39ec53142534f3ff95dfe5a9bc28186391e79a17373dc9627b55d4a73,0
한화생명보험,생보,지주,00113058,한화생명,2020,11011,사업보고서,IFRS4,Y,"보고서 사업연도 >= 2023 이면 IFRS17, 아니면 IFRS4",미상환잔액,합계,-,2020-12-31,api,-,-,-,-,-,-,-,cprndNrdmpBlce,"{""bsns_year"": ""2020"", ""corp_code"": ""00113058"", ""reprt_code"": ""11011""}",20210305000803,api_row,2026-08-31T15:47:11+09:00,000,run_20260831_152517_0603,raw/cprndNrdmpBlce/00113058_2020_11011.json,a7117fb39ec53142534f3ff95dfe5a9bc28186391e79a17373dc9627b55d4a73,0
한화생명보험,생보,지주,00113058,한화생명,2021,11011,사업보고서,IFRS4,Y,"보고서 사업연도 >= 2023 이면 IFRS17, 아니면 IFRS4",미상환잔액,공모,-,2021-12-31,api,-,-,-,-,-,-,-,cprndNrdmpBlce,"{""bsns_year"": ""2021"", ""corp_code"": ""00113058"", ""reprt_code"": ""11011""}",20220316001424,api_row,2026-08-31T15:47:24+09:00,000,run_20260831_152517_0612,raw/cprndNrdmpBlce/00113058_2021_11011.json,a621ec6d59da2e68a28d44e7cc562db643a88d5cc499412922272bdb811c8def,0
한화생명보험,생보,지주,00113058,한화생명,2021,11011,사업보고서,IFRS4,Y,"보고서 사업연도 >= 2023 이면 IFRS17, 아니면 IFRS4",미상환잔액,사모,-,2021-12-31,api,-,-,-,-,-,-,-,cprndNrdmpBlce,"{""bsns_year"": ""2021"", ""corp_code"": ""00113058"", ""reprt_code"": ""11011""}",20220316001424,api_row,2026-08-31T15:47:24+09:00,000,run_20260831_152517_0612,raw/cprndNrdmpBlce/00113058_2021_11011.json,a621ec6d59da2e68a28d44e7cc562db643a88d5cc499412922272bdb811c8def,0
한화생명보험,생보,지주,00113058,한화생명,2021,11011,사업보고서,IFRS4,Y,"보고서 사업연도 >= 2023 이면 IFRS17, 아니면 IFRS4",미상환잔액,합계,-,2021-12-31,api,-,-,-,-,-,-,-,cprndNrdmpBlce,"{""bsns_year"": ""2021"", ""corp_code"": ""00113058"", ""reprt_code"": ""11011""}",20220316001424,api_row,2026-08-31T15:47:24+09:00,000,run_20260831_152517_0612,raw/cprndNrdmpBlce/00113058_2021_11011.json,a621ec6d59da2e68a28d44e7cc562db643a88d5cc499412922272bdb811c8def,0
한화생명보험,생보,지주,00113058,한화생명,2022,11011,사업보고서,IFRS4,Y,"보고서 사업연도 >= 2023 이면 IFRS17, 아니면 IFRS4",미상환잔액,공모,"1,304,050,000,000",2022-12-31,api,-,-,-,-,-,-,"1,304,050,000,000",cprndNrdmpBlce,"{""bsns_year"": ""2022"", ""corp_code"": ""00113058"", ""reprt_code"": ""11011""}",20230315001327,api_row,2026-08-31T15:47:38+09:00,000,run_20260831_152517_0621,raw/cprndNrdmpBlce/00113058_2022_11011.json,3034b2915ba3c66a6ffe9c9844742d31c36aae75455eabd6e93a88d6ba0002c6,0
한화생명보험,생보,지주,00113058,한화생명,2022,11011,사업보고서,IFRS4,Y,"보고서 사업연도 >= 2023 이면 IFRS17, 아니면 IFRS4",미상환잔액,사모,-,2022-12-31,api,-,-,-,-,-,-,-,cprndNrdmpBlce,"{""bsns_year"": ""2022"", ""corp_code"": ""00113058"", ""reprt_code"": ""11011""}",20230315001327,api_row,2026-08-31T15:47:38+09:00,000,run_20260831_152517_0621,raw/cprndNrdmpBlce/00113058_2022_11011.json,3034b2915ba3c66a6ffe9c9844742d31c36aae75455eabd6e93a88d6ba0002c6,0
한화생명보험,생보,지주,00113058,한화생명,2022,11011,사업보고서,IFRS4,Y,"보고서 사업연도 >= 2023 이면 IFRS17, 아니면 IFRS4",미상환잔액,합계,"1,304,050,000,000",2022-12-31,api,-,-,-,-,-,-,"1,304,050,000,000",cprndNrdmpBlce,"{""bsns_year"": ""2022"", ""corp_code"": ""00113058"", ""reprt_code"": ""11011""}",20230315001327,api_row,2026-08-31T15:47:38+09:00,000,run_20260831_152517_0621,raw/cprndNrdmpBlce/00113058_2022_11011.json,3034b2915ba3c66a6ffe9c9844742d31c36aae75455eabd6e93a88d6ba0002c6,0
한화생명보험,생보,지주,00113058,한화생명,2023,11011,사업보고서,IFRS17,Y,"보고서 사업연도 >= 2023 이면 IFRS17, 아니면 IFRS4",미상환잔액,공모,"1,804,050,000,000",2023-12-31,api,-,-,-,-,-,-,"1,804,050,000,000",cprndNrdmpBlce,"{""bsns_year"": ""2023"", ""corp_code"": ""00113058"", ""reprt_code"": ""11011""}",20240430000873,api_row,2026-08-31T15:47:51+09:00,000,run_20260831_152517_0630,raw/cprndNrdmpBlce/00113058_2023_11011.json,3579bece8b194e989e594415c99a5e0cf4670e3476c92b63b20cd8a4bbd149f0,0
한화생명보험,생보,지주,00113058,한화생명,2023,11011,사업보고서,IFRS17,Y,"보고서 사업연도 >= 2023 이면 IFRS17, 아니면 IFRS4",미상환잔액,사모,-,2023-12-31,api,-,-,-,-,-,-,-,cprndNrdmpBlce,"{""bsns_year"": ""2023"", ""corp_code"": ""00113058"", ""reprt_code"": ""11011""}",20240430000873,api_row,2026-08-31T15:47:51+09:00,000,run_20260831_152517_0630,raw/cprndNrdmpBlce/00113058_2023_11011.json,3579bece8b194e989e594415c99a5e0cf4670e3476c92b63b20cd8a4bbd149f0,0
한화생명보험,생보,지주,00113058,한화생명,2023,11011,사업보고서,IFRS17,Y,"보고서 사업연도 >= 2023 이면 IFRS17, 아니면 IFRS4",미상환잔액,합계,"1,804,050,000,000",2023-12-31,api,-,-,-,-,-,-,"1,804,050,000,000",cprndNrdmpBlce,"{""bsns_year"": ""2023"", ""corp_code"": ""00113058"", ""reprt_code"": ""11011""}",20240430000873,api_row,2026-08-31T15:47:51+09:00,000,run_20260831_152517_0630,raw/cprndNrdmpBlce/00113058_2023_11011.json,3579bece8b194e989e594415c99a5e0cf4670e3476c92b63b20cd8a4bbd149f0,0
한화생명보험,생보,지주,00113058,한화생명,2024,11011,사업보고서,IFRS17,Y,"보고서 사업연도 >= 2023 이면 IFRS17, 아니면 IFRS4",미상환잔액,공모,"2,604,050,000,000",2024-12-31,api,-,-,-,-,-,-,"2,604,050,000,000",cprndNrdmpBlce,"{""bsns_year"": ""2024"", ""corp_code"": ""00113058"", ""reprt_code"": ""11011""}",20250331003702,api_row,2026-08-31T15:48:29+09:00,000,run_20260831_152517_0639,raw/cprndNrdmpBlce/00113058_2024_11011.json,10225bf98ef23fdad3d69363f118c2f294840255a65b7dd9407d48189ec9bde7,0
한화생명보험,생보,지주,00113058,한화생명,2024,11011,사업보고서,IFRS17,Y,"보고서 사업연도 >= 2023 이면 IFRS17, 아니면 IFRS4",미상환잔액,사모,-,2024-12-31,api,-,-,-,-,-,-,-,cprndNrdmpBlce,"{""bsns_year"": ""2024"", ""corp_code"": ""00113058"", ""reprt_code"": ""11011""}",20250331003702,api_row,2026-08-31T15:48:29+09:00,000,run_20260831_152517_0639,raw/cprndNrdmpBlce/00113058_2024_11011.json,10225bf98ef23fdad3d69363f118c2f294840255a65b7dd9407d48189ec9bde7,0
한화생명보험,생보,지주,00113058,한화생명,2024,11011,사업보고서,IFRS17,Y,"보고서 사업연도 >= 2023 이면 IFRS17, 아니면 IFRS4",미상환잔액,합계,"2,604,050,000,000",2024-12-31,api,-,-,-,-,-,-,"2,604,050,000,000",cprndNrdmpBlce,"{""bsns_year"": ""2024"", ""corp_code"": ""00113058"", ""reprt_code"": ""11011""}",20250331003702,api_row,2026-08-31T15:48:29+09:00,000,run_20260831_152517_0639,raw/cprndNrdmpBlce/00113058_2024_11011.json,10225bf98ef23fdad3d69363f118c2f294840255a65b7dd9407d48189ec9bde7,0
한화생명보험,생보,지주,00113058,한화생명,2025,11011,사업보고서,IFRS17,Y,"보고서 사업연도 >= 2023 이면 IFRS17, 아니면 IFRS4",미상환잔액,공모,"2,604,050,000,000",2025-12-31,api,-,-,-,-,-,-,"2,604,050,000,000",cprndNrdmpBlce,"{""bsns_year"": ""2025"", ""corp_code"": ""00113058"", ""reprt_code"": ""11011""}",20260331003585,api_row,2026-08-31T15:49:05+09:00,000,run_20260831_152517_0648,raw/cprndNrdmpBlce/00113058_2025_11011.json,7f1594256ac723dc024b3c92e8a9edc88ad6462a1864131a9509f230b6d1120c,0
한화생명보험,생보,지주,00113058,한화생명,2025,11011,사업보고서,IFRS17,Y,"보고서 사업연도 >= 2023 이면 IFRS17, 아니면 IFRS4",미상환잔액,사모,-,2025-12-31,api,-,-,-,-,-,-,-,cprndNrdmpBlce,"{""bsns_year"": ""2025"", ""corp_code"": ""00113058"", ""reprt_code"": ""11011""}",20260331003585,api_row,2026-08-31T15:49:05+09:00,000,run_20260831_152517_0648,raw/cprndNrdmpBlce/00113058_2025_11011.json,7f1594256ac723dc024b3c92e8a9edc88ad6462a1864131a9509f230b6d1120c,0
한화생명보험,생보,지주,00113058,한화생명,2025,11011,사업보고서,IFRS17,Y,"보고서 사업연도 >= 2023 이면 IFRS17, 아니면 IFRS4",미상환잔액,합계,"2,604,050,000,000",2025-12-31,api,-,-,-,-,-,-,"2,604,050,000,000",cprndNrdmpBlce,"{""bsns_year"": ""2025"", ""corp_code"": ""00113058"", ""reprt_code"": ""11011""}",20260331003585,api_row,2026-08-31T15:49:05+09:00,000,run_20260831_152517_0648,raw/cprndNrdmpBlce/00113058_2025_11011.json,7f1594256ac723dc024b3c92e8a9edc88ad6462a1864131a9509f230b6d1120c,0
한화생명보험,생보,지주,00113058,한화생명,2025,11012,반기보고서,IFRS17,Y,"보고서 사업연도 >= 2023 이면 IFRS17, 아니면 IFRS4",미상환잔액,공모,"2,604,050,000,000",2025-06-30,api,-,-,-,-,-,-,"2,604,050,000,000",cprndNrdmpBlce,"{""bsns_year"": ""2025"", ""corp_code"": ""00113058"", ""reprt_code"": ""11012""}",20250828001120,api_row,2026-08-31T15:49:39+09:00,000,run_20260831_152517_0657,raw/cprndNrdmpBlce/00113058_2025_11012.json,cede0bc653a6d2b7c2da0346192bd9b7ce06ec7afa7f1e2c610cd05b81016842,0
한화생명보험,생보,지주,00113058,한화생명,2025,11012,반기보고서,IFRS17,Y,"보고서 사업연도 >= 2023 이면 IFRS17, 아니면 IFRS4",미상환잔액,사모,-,2025-06-30,api,-,-,-,-,-,-,-,cprndNrdmpBlce,"{""bsns_year"": ""2025"", ""corp_code"": ""00113058"", ""reprt_code"": ""11012""}",20250828001120,api_row,2026-08-31T15:49:39+09:00,000,run_20260831_152517_0657,raw/cprndNrdmpBlce/00113058_2025_11012.json,cede0bc653a6d2b7c2da0346192bd9b7ce06ec7afa7f1e2c610cd05b81016842,0
한화생명보험,생보,지주,00113058,한화생명,2025,11012,반기보고서,IFRS17,Y,"보고서 사업연도 >= 2023 이면 IFRS17, 아니면 IFRS4",미상환잔액,합계,"2,604,050,000,000",2025-06-30,api,-,-,-,-,-,-,"2,604,050,000,000",cprndNrdmpBlce,"{""bsns_year"": ""2025"", ""corp_code"": ""00113058"", ""reprt_code"": ""11012""}",20250828001120,api_row,2026-08-31T15:49:39+09:00,000,run_20260831_152517_0657,raw/cprndNrdmpBlce/00113058_2025_11012.json,cede0bc653a6d2b7c2da0346192bd9b7ce06ec7afa7f1e2c610cd05b81016842,0
한화손해보험,손보,보험자회사,00135917,한화손해보험,2021,11011,사업보고서,IFRS4,Y,"보고서 사업연도 >= 2023 이면 IFRS17, 아니면 IFRS4",미상환잔액,공모,"478,000,000,000",2021-12-31,api,-,-,"128,000,000,000",-,-,-,"350,000,000,000",cprndNrdmpBlce,"{""bsns_year"": ""2021"", ""corp_code"": ""00135917"", ""reprt_code"": ""11011""}",20220310000539,api_row,2026-08-31T15:53:14+09:00,000,run_20260831_152517_0736,raw/cprndNrdmpBlce/00135917_2021_11011.json,9b86ca102c4e012069330e6aa85ff1f14d3917bb2bb460dde346c6a9d9da866b,0
한화손해보험,손보,보험자회사,00135917,한화손해보험,2021,11011,사업보고서,IFRS4,Y,"보고서 사업연도 >= 2023 이면 IFRS17, 아니면 IFRS4",미상환잔액,사모,-,2021-12-31,api,-,-,-,-,-,-,-,cprndNrdmpBlce,"{""bsns_year"": ""2021"", ""corp_code"": ""00135917"", ""reprt_code"": ""11011""}",20220310000539,api_row,2026-08-31T15:53:14+09:00,000,run_20260831_152517_0736,raw/cprndNrdmpBlce/00135917_2021_11011.json,9b86ca102c4e012069330e6aa85ff1f14d3917bb2bb460dde346c6a9d9da866b,0
한화손해보험,손보,보험자회사,00135917,한화손해보험,2021,11011,사업보고서,IFRS4,Y,"보고서 사업연도 >= 2023 이면 IFRS17, 아니면 IFRS4",미상환잔액,합계,"478,000,000,000",2021-12-31,api,-,-,"128,000,000,000",-,-,-,"350,000,000,000",cprndNrdmpBlce,"{""bsns_year"": ""2021"", ""corp_code"": ""00135917"", ""reprt_code"": ""11011""}",20220310000539,api_row,2026-08-31T15:53:14+09:00,000,run_20260831_152517_0736,raw/cprndNrdmpBlce/00135917_2021_11011.json,9b86ca102c4e012069330e6aa85ff1f14d3917bb2bb460dde346c6a9d9da866b,0
한화손해보험,손보,보험자회사,00135917,한화손해보험,2022,11011,사업보고서,IFRS4,Y,"보고서 사업연도 >= 2023 이면 IFRS17, 아니면 IFRS4",미상환잔액,공모,"728,000,000,000",2022-12-31,api,-,"128,000,000,000",-,-,-,-,"600,000,000,000",cprndNrdmpBlce,"{""bsns_year"": ""2022"", ""corp_code"": ""00135917"", ""reprt_code"": ""11011""}",20230314001218,api_row,2026-08-31T15:53:27+09:00,000,run_20260831_152517_0745,raw/cprndNrdmpBlce/00135917_2022_11011.json,8d62db5143b1cda19f53e1eb9f80e8f614819aee74a51bc054fbd13acc51d099,0
한화손해보험,손보,보험자회사,00135917,한화손해보험,2022,11011,사업보고서,IFRS4,Y,"보고서 사업연도 >= 2023 이면 IFRS17, 아니면 IFRS4",미상환잔액,사모,-,2022-12-31,api,-,-,-,-,-,-,-,cprndNrdmpBlce,"{""bsns_year"": ""2022"", ""corp_code"": ""00135917"", ""reprt_code"": ""11011""}",20230314001218,api_row,2026-08-31T15:53:27+09:00,000,run_20260831_152517_0745,raw/cprndNrdmpBlce/00135917_2022_11011.json,8d62db5143b1cda19f53e1eb9f80e8f614819aee74a51bc054fbd13acc51d099,0
한화손해보험,손보,보험자회사,00135917,한화손해보험,2022,11011,사업보고서,IFRS4,Y,"보고서 사업연도 >= 2023 이면 IFRS17, 아니면 IFRS4",미상환잔액,합계,"728,000,000,000",2022-12-31,api,-,"128,000,000,000",-,-,-,-,"600,000,000,000",cprndNrdmpBlce,"{""bsns_year"": ""2022"", ""corp_code"": ""00135917"", ""reprt_code"": ""11011""}",20230314001218,api_row,2026-08-31T15:53:27+09:00,000,run_20260831_152517_0745,raw/cprndNrdmpBlce/00135917_2022_11011.json,8d62db5143b1cda19f53e1eb9f80e8f614819aee74a51bc054fbd13acc51d099,0
한화손해보험,손보,보험자회사,00135917,한화손해보험,2023,11011,사업보고서,IFRS17,Y,"보고서 사업연도 >= 2023 이면 IFRS17, 아니면 IFRS4",미상환잔액,공모,"250,000,000,000",2023-12-31,api,-,-,-,-,-,-,"250,000,000,000",cprndNrdmpBlce,"{""bsns_year"": ""2023"", ""corp_code"": ""00135917"", ""reprt_code"": ""11011""}",20240430000147,api_row,2026-08-31T15:53:39+09:00,000,run_20260831_152517_0754,raw/cprndNrdmpBlce/00135917_2023_11011.json,738c43648774807a0faa4aa3dd32e6c1a881017e10d9b131a03e2861ed76b382,0
한화손해보험,손보,보험자회사,00135917,한화손해보험,2023,11011,사업보고서,IFRS17,Y,"보고서 사업연도 >= 2023 이면 IFRS17, 아니면 IFRS4",미상환잔액,사모,-,2023-12-31,api,-,-,-,-,-,-,-,cprndNrdmpBlce,"{""bsns_year"": ""2023"", ""corp_code"": ""00135917"", ""reprt_code"": ""11011""}",20240430000147,api_row,2026-08-31T15:53:39+09:00,000,run_20260831_152517_0754,raw/cprndNrdmpBlce/00135917_2023_11011.json,738c43648774807a0faa4aa3dd32e6c1a881017e10d9b131a03e2861ed76b382,0
한화손해보험,손보,보험자회사,00135917,한화손해보험,2023,11011,사업보고서,IFRS17,Y,"보고서 사업연도 >= 2023 이면 IFRS17, 아니면 IFRS4",미상환잔액,합계,"250,000,000,000",2023-12-31,api,-,-,-,-,-,-,"250,000,000,000",cprndNrdmpBlce,"{""bsns_year"": ""2023"", ""corp_code"": ""00135917"", ""reprt_code"": ""11011""}",20240430000147,api_row,2026-08-31T15:53:39+09:00,000,run_20260831_152517_0754,raw/cprndNrdmpBlce/00135917_2023_11011.json,738c43648774807a0faa4aa3dd32e6c1a881017e10d9b131a03e2861ed76b382,0
한화손해보험,손보,보험자회사,00135917,한화손해보험,2024,11011,사업보고서,IFRS17,Y,"보고서 사업연도 >= 2023 이면 IFRS17, 아니면 IFRS4",미상환잔액,공모,"600,000,000,000",2024-12-31,api,-,-,-,-,-,-,"600,000,000,000",cprndNrdmpBlce,"{""bsns_year"": ""2024"", ""corp_code"": ""00135917"", ""reprt_code"": ""11011""}",20250331003267,api_row,2026-08-31T15:54:19+09:00,000,run_20260831_152517_0763,raw/cprndNrdmpBlce/00135917_2024_11011.json,9c0193dc4efca8171065386f8207a0d7da809a0713ae5304dc424dad094d21dc,0
한화손해보험,손보,보험자회사,00135917,한화손해보험,2024,11011,사업보고서,IFRS17,Y,"보고서 사업연도 >= 2023 이면 IFRS17, 아니면 IFRS4",미상환잔액,사모,-,2024-12-31,api,-,-,-,-,-,-,-,cprndNrdmpBlce,"{""bsns_year"": ""2024"", ""corp_code"": ""00135917"", ""reprt_code"": ""11011""}",20250331003267,api_row,2026-08-31T15:54:19+09:00,000,run_20260831_152517_0763,raw/cprndNrdmpBlce/00135917_2024_11011.json,9c0193dc4efca8171065386f8207a0d7da809a0713ae5304dc424dad094d21dc,0
한화손해보험,손보,보험자회사,00135917,한화손해보험,2024,11011,사업보고서,IFRS17,Y,"보고서 사업연도 >= 2023 이면 IFRS17, 아니면 IFRS4",미상환잔액,합계,"600,000,000,000",2024-12-31,api,-,-,-,-,-,-,"600,000,000,000",cprndNrdmpBlce,"{""bsns_year"": ""2024"", ""corp_code"": ""00135917"", ""reprt_code"": ""11011""}",20250331003267,api_row,2026-08-31T15:54:19+09:00,000,run_20260831_152517_0763,raw/cprndNrdmpBlce/00135917_2024_11011.json,9c0193dc4efca8171065386f8207a0d7da809a0713ae5304dc424dad094d21dc,0
한화손해보험,손보,보험자회사,00135917,한화손해보험,2025,11011,사업보고서,IFRS17,Y,"보고서 사업연도 >= 2023 이면 IFRS17, 아니면 IFRS4",미상환잔액,공모,"1,100,000,000,000",2025-12-31,api,-,-,-,-,-,-,"1,100,000,000,000",cprndNrdmpBlce,"{""bsns_year"": ""2025"", ""corp_code"": ""00135917"", ""reprt_code"": ""11011""}",20260331000594,api_row,2026-08-31T15:54:43+09:00,000,run_20260831_152517_0771,raw/cprndNrdmpBlce/00135917_2025_11011.json,76861d97b6d1cbf29ca755d945eb74cdd1fe031e7c72c176d450988d948a84c5,0
한화손해보험,손보,보험자회사,00135917,한화손해보험,2025,11011,사업보고서,IFRS17,Y,"보고서 사업연도 >= 2023 이면 IFRS17, 아니면 IFRS4",미상환잔액,사모,-,2025-12-31,api,-,-,-,-,-,-,-,cprndNrdmpBlce,"{""bsns_year"": ""2025"", ""corp_code"": ""00135917"", ""reprt_code"": ""11011""}",20260331000594,api_row,2026-08-31T15:54:43+09:00,000,run_20260831_152517_0771,raw/cprndNrdmpBlce/00135917_2025_11011.json,76861d97b6d1cbf29ca755d945eb74cdd1fe031e7c72c176d450988d948a84c5,0
한화손해보험,손보,보험자회사,00135917,한화손해보험,2025,11011,사업보고서,IFRS17,Y,"보고서 사업연도 >= 2023 이면 IFRS17, 아니면 IFRS4",미상환잔액,합계,"1,100,000,000,000",2025-12-31,api,-,-,-,-,-,-,"1,100,000,000,000",cprndNrdmpBlce,"{""bsns_year"": ""2025"", ""corp_code"": ""00135917"", ""reprt_code"": ""11011""}",20260331000594,api_row,2026-08-31T15:54:43+09:00,000,run_20260831_152517_0771,raw/cprndNrdmpBlce/00135917_2025_11011.json,76861d97b6d1cbf29ca755d945eb74cdd1fe031e7c72c176d450988d948a84c5,0
한화손해보험,손보,보험자회사,00135917,한화손해보험,2025,11012,반기보고서,IFRS17,Y,"보고서 사업연도 >= 2023 이면 IFRS17, 아니면 IFRS4",미상환잔액,공모,"1,100,000,000,000",2025-06-30,api,-,-,-,-,-,-,"1,100,000,000,000",cprndNrdmpBlce,"{""bsns_year"": ""2025"", ""corp_code"": ""00135917"", ""reprt_code"": ""11012""}",20250828000988,api_row,2026-08-31T15:55:17+09:00,000,run_20260831_152517_0780,raw/cprndNrdmpBlce/00135917_2025_11012.json,f81f11504742e310e7102c7832957914b60a38adb79df7caff69dfe50331ca16,0
한화손해보험,손보,보험자회사,00135917,한화손해보험,2025,11012,반기보고서,IFRS17,Y,"보고서 사업연도 >= 2023 이면 IFRS17, 아니면 IFRS4",미상환잔액,사모,-,2025-06-30,api,-,-,-,-,-,-,-,cprndNrdmpBlce,"{""bsns_year"": ""2025"", ""corp_code"": ""00135917"", ""reprt_code"": ""11012""}",20250828000988,api_row,2026-08-31T15:55:17+09:00,000,run_20260831_152517_0780,raw/cprndNrdmpBlce/00135917_2025_11012.json,f81f11504742e310e7102c7832957914b60a38adb79df7caff69dfe50331ca16,0
한화손해보험,손보,보험자회사,00135917,한화손해보험,2025,11012,반기보고서,IFRS17,Y,"보고서 사업연도 >= 2023 이면 IFRS17, 아니면 IFRS4",미상환잔액,합계,"1,100,000,000,000",2025-06-30,api,-,-,-,-,-,-,"1,100,000,000,000",cprndNrdmpBlce,"{""bsns_year"": ""2025"", ""corp_code"": ""00135917"", ""reprt_code"": ""11012""}",20250828000988,api_row,2026-08-31T15:55:17+09:00,000,run_20260831_152517_0780,raw/cprndNrdmpBlce/00135917_2025_11012.json,f81f11504742e310e7102c7832957914b60a38adb79df7caff69dfe50331ca16,0
한화손해보험,손보,보험자회사,00135917,한화손해보험,2026,11012,반기보고서,IFRS17,Y,"보고서 사업연도 >= 2023 이면 IFRS17, 아니면 IFRS4",미상환잔액,공모,"1,100,000,000,000",2026-06-30,api,-,-,-,-,-,-,"1,100,000,000,000",cprndNrdmpBlce,"{""bsns_year"": ""2026"", ""corp_code"": ""00135917"", ""reprt_code"": ""11012""}",20260831001182,api_row,2026-08-31T15:55:49+09:00,000,run_20260831_152517_0789,raw/cprndNrdmpBlce/00135917_2026_11012.json,f8fd00047e1c22ea4fadb1f2fcd2d6af830d856efcf568675e7000cd9e2b1f50,0
한화손해보험,손보,보험자회사,00135917,한화손해보험,2026,11012,반기보고서,IFRS17,Y,"보고서 사업연도 >= 2023 이면 IFRS17, 아니면 IFRS4",미상환잔액,사모,-,2026-06-30,api,-,-,-,-,-,-,-,cprndNrdmpBlce,"{""bsns_year"": ""2026"", ""corp_code"": ""00135917"", ""reprt_code"": ""11012""}",20260831001182,api_row,2026-08-31T15:55:49+09:00,000,run_20260831_152517_0789,raw/cprndNrdmpBlce/00135917_2026_11012.json,f8fd00047e1c22ea4fadb1f2fcd2d6af830d856efcf568675e7000cd9e2b1f50,0
한화손해보험,손보,보험자회사,00135917,한화손해보험,2026,11012,반기보고서,IFRS17,Y,"보고서 사업연도 >= 2023 이면 IFRS17, 아니면 IFRS4",미상환잔액,합계,"1,100,000,000,000",2026-06-30,api,-,-,-,-,-,-,"1,100,000,000,000",cprndNrdmpBlce,"{""bsns_year"": ""2026"", ""corp_code"": ""00135917"", ""reprt_code"": ""11012""}",20260831001182,api_row,2026-08-31T15:55:49+09:00,000,run_20260831_152517_0789,raw/cprndNrdmpBlce/00135917_2026_11012.json,f8fd00047e1c22ea4fadb1f2fcd2d6af830d856efcf568675e7000cd9e2b1f50,0
