corp_label,entity_type,group,corp_code,corp_name,bsns_year,reprt_code,reprt_nm,accounting_std_inferred,corp_cls,inference_rule,remndr_exprtn1,remndr_exprtn2,sm,stlm_dt,value_source,yy10_excess_yy15_below,yy15_excess_yy20_below,yy1_below,yy1_excess_yy5_below,yy20_excess_yy30_below,yy30_excess,yy5_excess_yy10_below,source_endpoint,source_params,rcept_no,rcept_no_source,fetched_at,status,call_id,raw_path,raw_sha256,data_age_days
ABL생명보험,생보,보험자회사,00148391,에이비엘생명보험,2022,11011,사업보고서,IFRS4,E,"보고서 사업연도 >= 2023 이면 IFRS17, 아니면 IFRS4",미상환잔액,공모,-,2022-12-31,api,-,-,-,-,-,-,-,newCaplScritsNrdmpBlce,"{""bsns_year"": ""2022"", ""corp_code"": ""00148391"", ""reprt_code"": ""11011""}",20230814002562,api_row,2026-08-31T16:06:49+09:00,000,run_20260831_152517_1118,raw/newCaplScritsNrdmpBlce/00148391_2022_11011.json,44830c2943bbd0364625d1ed8361b3582c5904ab40e83b6cecf48cfd41852e51,0
ABL생명보험,생보,보험자회사,00148391,에이비엘생명보험,2022,11011,사업보고서,IFRS4,E,"보고서 사업연도 >= 2023 이면 IFRS17, 아니면 IFRS4",미상환잔액,사모,-,2022-12-31,api,-,-,-,-,-,-,-,newCaplScritsNrdmpBlce,"{""bsns_year"": ""2022"", ""corp_code"": ""00148391"", ""reprt_code"": ""11011""}",20230814002562,api_row,2026-08-31T16:06:49+09:00,000,run_20260831_152517_1118,raw/newCaplScritsNrdmpBlce/00148391_2022_11011.json,44830c2943bbd0364625d1ed8361b3582c5904ab40e83b6cecf48cfd41852e51,0
ABL생명보험,생보,보험자회사,00148391,에이비엘생명보험,2022,11011,사업보고서,IFRS4,E,"보고서 사업연도 >= 2023 이면 IFRS17, 아니면 IFRS4",미상환잔액,합계,-,2022-12-31,api,-,-,-,-,-,-,-,newCaplScritsNrdmpBlce,"{""bsns_year"": ""2022"", ""corp_code"": ""00148391"", ""reprt_code"": ""11011""}",20230814002562,api_row,2026-08-31T16:06:49+09:00,000,run_20260831_152517_1118,raw/newCaplScritsNrdmpBlce/00148391_2022_11011.json,44830c2943bbd0364625d1ed8361b3582c5904ab40e83b6cecf48cfd41852e51,0
ABL생명보험,생보,보험자회사,00148391,에이비엘생명보험,2023,11011,사업보고서,IFRS17,E,"보고서 사업연도 >= 2023 이면 IFRS17, 아니면 IFRS4",미상환잔액,공모,-,2023-12-31,api,-,-,-,-,-,-,-,newCaplScritsNrdmpBlce,"{""bsns_year"": ""2023"", ""corp_code"": ""00148391"", ""reprt_code"": ""11011""}",20240430000559,api_row,2026-08-31T16:06:59+09:00,000,run_20260831_152517_1127,raw/newCaplScritsNrdmpBlce/00148391_2023_11011.json,7e7c633d537e534640049e553910533bc42f06dbe2209a9407e30d1b155524e9,0
ABL생명보험,생보,보험자회사,00148391,에이비엘생명보험,2023,11011,사업보고서,IFRS17,E,"보고서 사업연도 >= 2023 이면 IFRS17, 아니면 IFRS4",미상환잔액,사모,-,2023-12-31,api,-,-,-,-,-,-,-,newCaplScritsNrdmpBlce,"{""bsns_year"": ""2023"", ""corp_code"": ""00148391"", ""reprt_code"": ""11011""}",20240430000559,api_row,2026-08-31T16:06:59+09:00,000,run_20260831_152517_1127,raw/newCaplScritsNrdmpBlce/00148391_2023_11011.json,7e7c633d537e534640049e553910533bc42f06dbe2209a9407e30d1b155524e9,0
ABL생명보험,생보,보험자회사,00148391,에이비엘생명보험,2023,11011,사업보고서,IFRS17,E,"보고서 사업연도 >= 2023 이면 IFRS17, 아니면 IFRS4",미상환잔액,합계,-,2023-12-31,api,-,-,-,-,-,-,-,newCaplScritsNrdmpBlce,"{""bsns_year"": ""2023"", ""corp_code"": ""00148391"", ""reprt_code"": ""11011""}",20240430000559,api_row,2026-08-31T16:06:59+09:00,000,run_20260831_152517_1127,raw/newCaplScritsNrdmpBlce/00148391_2023_11011.json,7e7c633d537e534640049e553910533bc42f06dbe2209a9407e30d1b155524e9,0
ABL생명보험,생보,보험자회사,00148391,에이비엘생명보험,2024,11011,사업보고서,IFRS17,E,"보고서 사업연도 >= 2023 이면 IFRS17, 아니면 IFRS4",미상환잔액,공모,-,2024-12-31,api,-,-,-,-,-,-,-,newCaplScritsNrdmpBlce,"{""bsns_year"": ""2024"", ""corp_code"": ""00148391"", ""reprt_code"": ""11011""}",20250514001000,api_row,2026-08-31T16:07:27+09:00,000,run_20260831_152517_1136,raw/newCaplScritsNrdmpBlce/00148391_2024_11011.json,aaee68985f2243fe698f333a3ca1c95c9fa5891f7aceccb519a5fdf18056f2a1,0
ABL생명보험,생보,보험자회사,00148391,에이비엘생명보험,2024,11011,사업보고서,IFRS17,E,"보고서 사업연도 >= 2023 이면 IFRS17, 아니면 IFRS4",미상환잔액,사모,-,2024-12-31,api,-,-,-,-,-,-,-,newCaplScritsNrdmpBlce,"{""bsns_year"": ""2024"", ""corp_code"": ""00148391"", ""reprt_code"": ""11011""}",20250514001000,api_row,2026-08-31T16:07:27+09:00,000,run_20260831_152517_1136,raw/newCaplScritsNrdmpBlce/00148391_2024_11011.json,aaee68985f2243fe698f333a3ca1c95c9fa5891f7aceccb519a5fdf18056f2a1,0
ABL생명보험,생보,보험자회사,00148391,에이비엘생명보험,2024,11011,사업보고서,IFRS17,E,"보고서 사업연도 >= 2023 이면 IFRS17, 아니면 IFRS4",미상환잔액,합계,-,2024-12-31,api,-,-,-,-,-,-,-,newCaplScritsNrdmpBlce,"{""bsns_year"": ""2024"", ""corp_code"": ""00148391"", ""reprt_code"": ""11011""}",20250514001000,api_row,2026-08-31T16:07:27+09:00,000,run_20260831_152517_1136,raw/newCaplScritsNrdmpBlce/00148391_2024_11011.json,aaee68985f2243fe698f333a3ca1c95c9fa5891f7aceccb519a5fdf18056f2a1,0
ABL생명보험,생보,보험자회사,00148391,에이비엘생명보험,2025,11011,사업보고서,IFRS17,E,"보고서 사업연도 >= 2023 이면 IFRS17, 아니면 IFRS4",미상환잔액,공모,-,2025-12-31,api,-,-,-,-,-,-,-,newCaplScritsNrdmpBlce,"{""bsns_year"": ""2025"", ""corp_code"": ""00148391"", ""reprt_code"": ""11011""}",20260331003080,api_row,2026-08-31T16:07:43+09:00,000,run_20260831_152517_1144,raw/newCaplScritsNrdmpBlce/00148391_2025_11011.json,4fdbe8cf8e7015354d77aec9a21c7c4cb7f96ce5210408760f8d3616b3b68a5e,0
ABL생명보험,생보,보험자회사,00148391,에이비엘생명보험,2025,11011,사업보고서,IFRS17,E,"보고서 사업연도 >= 2023 이면 IFRS17, 아니면 IFRS4",미상환잔액,사모,-,2025-12-31,api,-,-,-,-,-,-,-,newCaplScritsNrdmpBlce,"{""bsns_year"": ""2025"", ""corp_code"": ""00148391"", ""reprt_code"": ""11011""}",20260331003080,api_row,2026-08-31T16:07:43+09:00,000,run_20260831_152517_1144,raw/newCaplScritsNrdmpBlce/00148391_2025_11011.json,4fdbe8cf8e7015354d77aec9a21c7c4cb7f96ce5210408760f8d3616b3b68a5e,0
ABL생명보험,생보,보험자회사,00148391,에이비엘생명보험,2025,11011,사업보고서,IFRS17,E,"보고서 사업연도 >= 2023 이면 IFRS17, 아니면 IFRS4",미상환잔액,합계,-,2025-12-31,api,-,-,-,-,-,-,-,newCaplScritsNrdmpBlce,"{""bsns_year"": ""2025"", ""corp_code"": ""00148391"", ""reprt_code"": ""11011""}",20260331003080,api_row,2026-08-31T16:07:43+09:00,000,run_20260831_152517_1144,raw/newCaplScritsNrdmpBlce/00148391_2025_11011.json,4fdbe8cf8e7015354d77aec9a21c7c4cb7f96ce5210408760f8d3616b3b68a5e,0
ABL생명보험,생보,보험자회사,00148391,에이비엘생명보험,2025,11012,반기보고서,IFRS17,E,"보고서 사업연도 >= 2023 이면 IFRS17, 아니면 IFRS4",미상환잔액,공모,-,2025-06-30,api,-,-,-,-,-,-,-,newCaplScritsNrdmpBlce,"{""bsns_year"": ""2025"", ""corp_code"": ""00148391"", ""reprt_code"": ""11012""}",20250829002137,api_row,2026-08-31T16:08:07+09:00,000,run_20260831_152517_1153,raw/newCaplScritsNrdmpBlce/00148391_2025_11012.json,1d8d7aa88ec4e6cf13c088cd99a919f85a5de73200dbe88227e4908ec2808ebf,0
ABL생명보험,생보,보험자회사,00148391,에이비엘생명보험,2025,11012,반기보고서,IFRS17,E,"보고서 사업연도 >= 2023 이면 IFRS17, 아니면 IFRS4",미상환잔액,사모,-,2025-06-30,api,-,-,-,-,-,-,-,newCaplScritsNrdmpBlce,"{""bsns_year"": ""2025"", ""corp_code"": ""00148391"", ""reprt_code"": ""11012""}",20250829002137,api_row,2026-08-31T16:08:07+09:00,000,run_20260831_152517_1153,raw/newCaplScritsNrdmpBlce/00148391_2025_11012.json,1d8d7aa88ec4e6cf13c088cd99a919f85a5de73200dbe88227e4908ec2808ebf,0
ABL생명보험,생보,보험자회사,00148391,에이비엘생명보험,2025,11012,반기보고서,IFRS17,E,"보고서 사업연도 >= 2023 이면 IFRS17, 아니면 IFRS4",미상환잔액,합계,-,2025-06-30,api,-,-,-,-,-,-,-,newCaplScritsNrdmpBlce,"{""bsns_year"": ""2025"", ""corp_code"": ""00148391"", ""reprt_code"": ""11012""}",20250829002137,api_row,2026-08-31T16:08:07+09:00,000,run_20260831_152517_1153,raw/newCaplScritsNrdmpBlce/00148391_2025_11012.json,1d8d7aa88ec4e6cf13c088cd99a919f85a5de73200dbe88227e4908ec2808ebf,0
ABL생명보험,생보,보험자회사,00148391,에이비엘생명보험,2026,11012,반기보고서,IFRS17,E,"보고서 사업연도 >= 2023 이면 IFRS17, 아니면 IFRS4",미상환잔액,공모,-,2026-06-30,api,-,-,-,-,-,-,-,newCaplScritsNrdmpBlce,"{""bsns_year"": ""2026"", ""corp_code"": ""00148391"", ""reprt_code"": ""11012""}",20260831000754,api_row,2026-08-31T16:08:31+09:00,000,run_20260831_152517_1162,raw/newCaplScritsNrdmpBlce/00148391_2026_11012.json,0033aec71432fffa9a5e4d2f15958aee3c8d5fb47cd1a1fcc739cc246e1faa19,0
ABL생명보험,생보,보험자회사,00148391,에이비엘생명보험,2026,11012,반기보고서,IFRS17,E,"보고서 사업연도 >= 2023 이면 IFRS17, 아니면 IFRS4",미상환잔액,사모,-,2026-06-30,api,-,-,-,-,-,-,-,newCaplScritsNrdmpBlce,"{""bsns_year"": ""2026"", ""corp_code"": ""00148391"", ""reprt_code"": ""11012""}",20260831000754,api_row,2026-08-31T16:08:31+09:00,000,run_20260831_152517_1162,raw/newCaplScritsNrdmpBlce/00148391_2026_11012.json,0033aec71432fffa9a5e4d2f15958aee3c8d5fb47cd1a1fcc739cc246e1faa19,0
ABL생명보험,생보,보험자회사,00148391,에이비엘생명보험,2026,11012,반기보고서,IFRS17,E,"보고서 사업연도 >= 2023 이면 IFRS17, 아니면 IFRS4",미상환잔액,합계,-,2026-06-30,api,-,-,-,-,-,-,-,newCaplScritsNrdmpBlce,"{""bsns_year"": ""2026"", ""corp_code"": ""00148391"", ""reprt_code"": ""11012""}",20260831000754,api_row,2026-08-31T16:08:31+09:00,000,run_20260831_152517_1162,raw/newCaplScritsNrdmpBlce/00148391_2026_11012.json,0033aec71432fffa9a5e4d2f15958aee3c8d5fb47cd1a1fcc739cc246e1faa19,0
KB금융,지주,지주,00688996,KB금융,2015,11011,사업보고서,IFRS4,Y,"보고서 사업연도 >= 2023 이면 IFRS17, 아니면 IFRS4",미상환잔액,공모,-,2015-12-31,api,-,-,-,-,-,-,-,newCaplScritsNrdmpBlce,"{""bsns_year"": ""2015"", ""corp_code"": ""00688996"", ""reprt_code"": ""11011""}",20160330004428,api_row,2026-08-31T15:35:33+09:00,000,run_20260831_152517_0250,raw/newCaplScritsNrdmpBlce/00688996_2015_11011.json,a02f41b58cfeaab8f3aa0033ddfb49eef1c70912024805ba13b29df998fb295a,0
KB금융,지주,지주,00688996,KB금융,2015,11011,사업보고서,IFRS4,Y,"보고서 사업연도 >= 2023 이면 IFRS17, 아니면 IFRS4",미상환잔액,사모,"100,000,000,000",2015-12-31,api,-,-,-,-,-,"100,000,000,000",-,newCaplScritsNrdmpBlce,"{""bsns_year"": ""2015"", ""corp_code"": ""00688996"", ""reprt_code"": ""11011""}",20160330004428,api_row,2026-08-31T15:35:33+09:00,000,run_20260831_152517_0250,raw/newCaplScritsNrdmpBlce/00688996_2015_11011.json,a02f41b58cfeaab8f3aa0033ddfb49eef1c70912024805ba13b29df998fb295a,0
KB금융,지주,지주,00688996,KB금융,2015,11011,사업보고서,IFRS4,Y,"보고서 사업연도 >= 2023 이면 IFRS17, 아니면 IFRS4",미상환잔액,합계,"100,000,000,000",2015-12-31,api,-,-,-,-,-,"100,000,000,000",-,newCaplScritsNrdmpBlce,"{""bsns_year"": ""2015"", ""corp_code"": ""00688996"", ""reprt_code"": ""11011""}",20160330004428,api_row,2026-08-31T15:35:33+09:00,000,run_20260831_152517_0250,raw/newCaplScritsNrdmpBlce/00688996_2015_11011.json,a02f41b58cfeaab8f3aa0033ddfb49eef1c70912024805ba13b29df998fb295a,0
KB금융,지주,지주,00688996,KB금융,2016,11011,사업보고서,IFRS4,Y,"보고서 사업연도 >= 2023 이면 IFRS17, 아니면 IFRS4",미상환잔액,공모,-,2016-12-31,api,-,-,-,-,-,-,-,newCaplScritsNrdmpBlce,"{""bsns_year"": ""2016"", ""corp_code"": ""00688996"", ""reprt_code"": ""11011""}",20170331004054,api_row,2026-08-31T15:35:41+09:00,000,run_20260831_152517_0257,raw/newCaplScritsNrdmpBlce/00688996_2016_11011.json,f973484d850b28ab5ca84b851545601e3d56459b615bca8bfda1333aac8fcd38,0
KB금융,지주,지주,00688996,KB금융,2016,11011,사업보고서,IFRS4,Y,"보고서 사업연도 >= 2023 이면 IFRS17, 아니면 IFRS4",미상환잔액,사모,"250,000,000,000",2016-12-31,api,-,-,-,-,"250,000,000,000",-,-,newCaplScritsNrdmpBlce,"{""bsns_year"": ""2016"", ""corp_code"": ""00688996"", ""reprt_code"": ""11011""}",20170331004054,api_row,2026-08-31T15:35:41+09:00,000,run_20260831_152517_0257,raw/newCaplScritsNrdmpBlce/00688996_2016_11011.json,f973484d850b28ab5ca84b851545601e3d56459b615bca8bfda1333aac8fcd38,0
KB금융,지주,지주,00688996,KB금융,2016,11011,사업보고서,IFRS4,Y,"보고서 사업연도 >= 2023 이면 IFRS17, 아니면 IFRS4",미상환잔액,합계,"250,000,000,000",2016-12-31,api,-,-,-,-,"250,000,000,000",-,-,newCaplScritsNrdmpBlce,"{""bsns_year"": ""2016"", ""corp_code"": ""00688996"", ""reprt_code"": ""11011""}",20170331004054,api_row,2026-08-31T15:35:41+09:00,000,run_20260831_152517_0257,raw/newCaplScritsNrdmpBlce/00688996_2016_11011.json,f973484d850b28ab5ca84b851545601e3d56459b615bca8bfda1333aac8fcd38,0
KB금융,지주,지주,00688996,KB금융,2017,11011,사업보고서,IFRS4,Y,"보고서 사업연도 >= 2023 이면 IFRS17, 아니면 IFRS4",미상환잔액,공모,-,2017-12-31,api,-,-,-,-,-,-,-,newCaplScritsNrdmpBlce,"{""bsns_year"": ""2017"", ""corp_code"": ""00688996"", ""reprt_code"": ""11011""}",20210427000354,api_row,2026-08-31T15:35:50+09:00,000,run_20260831_152517_0264,raw/newCaplScritsNrdmpBlce/00688996_2017_11011.json,524f5c59db0bdef0555f0eff13c048878a39b04ed0a053ab0964532c24fc3b8f,0
KB금융,지주,지주,00688996,KB금융,2017,11011,사업보고서,IFRS4,Y,"보고서 사업연도 >= 2023 이면 IFRS17, 아니면 IFRS4",미상환잔액,사모,"300,000,000,000",2017-12-31,api,-,-,-,-,"300,000,000,000",-,-,newCaplScritsNrdmpBlce,"{""bsns_year"": ""2017"", ""corp_code"": ""00688996"", ""reprt_code"": ""11011""}",20210427000354,api_row,2026-08-31T15:35:50+09:00,000,run_20260831_152517_0264,raw/newCaplScritsNrdmpBlce/00688996_2017_11011.json,524f5c59db0bdef0555f0eff13c048878a39b04ed0a053ab0964532c24fc3b8f,0
KB금융,지주,지주,00688996,KB금융,2017,11011,사업보고서,IFRS4,Y,"보고서 사업연도 >= 2023 이면 IFRS17, 아니면 IFRS4",미상환잔액,합계,"300,000,000,000",2017-12-31,api,-,-,-,-,"300,000,000,000",-,-,newCaplScritsNrdmpBlce,"{""bsns_year"": ""2017"", ""corp_code"": ""00688996"", ""reprt_code"": ""11011""}",20210427000354,api_row,2026-08-31T15:35:50+09:00,000,run_20260831_152517_0264,raw/newCaplScritsNrdmpBlce/00688996_2017_11011.json,524f5c59db0bdef0555f0eff13c048878a39b04ed0a053ab0964532c24fc3b8f,0
KB금융,지주,지주,00688996,KB금융,2018,11011,사업보고서,IFRS4,Y,"보고서 사업연도 >= 2023 이면 IFRS17, 아니면 IFRS4",미상환잔액,공모,-,2018-12-31,api,-,-,-,-,-,-,-,newCaplScritsNrdmpBlce,"{""bsns_year"": ""2018"", ""corp_code"": ""00688996"", ""reprt_code"": ""11011""}",20210427000426,api_row,2026-08-31T15:35:58+09:00,000,run_20260831_152517_0271,raw/newCaplScritsNrdmpBlce/00688996_2018_11011.json,7abb6a199dc5b89f4d61647f46ce1754fbfacb6580dbd3508683e5128ef73760,0
KB금융,지주,지주,00688996,KB금융,2018,11011,사업보고서,IFRS4,Y,"보고서 사업연도 >= 2023 이면 IFRS17, 아니면 IFRS4",미상환잔액,사모,"300,000,000,000",2018-12-31,api,-,-,-,-,"300,000,000,000",-,-,newCaplScritsNrdmpBlce,"{""bsns_year"": ""2018"", ""corp_code"": ""00688996"", ""reprt_code"": ""11011""}",20210427000426,api_row,2026-08-31T15:35:58+09:00,000,run_20260831_152517_0271,raw/newCaplScritsNrdmpBlce/00688996_2018_11011.json,7abb6a199dc5b89f4d61647f46ce1754fbfacb6580dbd3508683e5128ef73760,0
KB금융,지주,지주,00688996,KB금융,2018,11011,사업보고서,IFRS4,Y,"보고서 사업연도 >= 2023 이면 IFRS17, 아니면 IFRS4",미상환잔액,합계,"300,000,000,000",2018-12-31,api,-,-,-,-,"300,000,000,000",-,-,newCaplScritsNrdmpBlce,"{""bsns_year"": ""2018"", ""corp_code"": ""00688996"", ""reprt_code"": ""11011""}",20210427000426,api_row,2026-08-31T15:35:58+09:00,000,run_20260831_152517_0271,raw/newCaplScritsNrdmpBlce/00688996_2018_11011.json,7abb6a199dc5b89f4d61647f46ce1754fbfacb6580dbd3508683e5128ef73760,0
KB금융,지주,지주,00688996,KB금융,2019,11011,사업보고서,IFRS4,Y,"보고서 사업연도 >= 2023 이면 IFRS17, 아니면 IFRS4",미상환잔액,공모,"577,700,000,000",2019-12-31,api,-,-,-,-,-,"577,700,000,000",-,newCaplScritsNrdmpBlce,"{""bsns_year"": ""2019"", ""corp_code"": ""00688996"", ""reprt_code"": ""11011""}",20210427000468,api_row,2026-08-31T15:36:09+09:00,000,run_20260831_152517_0280,raw/newCaplScritsNrdmpBlce/00688996_2019_11011.json,f8b01f206e1741448e22ae5e8ffbaad3f8646a8c76b918bbde1a902e9ada2ac5,0
KB금융,지주,지주,00688996,KB금융,2019,11011,사업보고서,IFRS4,Y,"보고서 사업연도 >= 2023 이면 IFRS17, 아니면 IFRS4",미상환잔액,사모,"300,000,000,000",2019-12-31,api,-,-,-,-,"300,000,000,000",-,-,newCaplScritsNrdmpBlce,"{""bsns_year"": ""2019"", ""corp_code"": ""00688996"", ""reprt_code"": ""11011""}",20210427000468,api_row,2026-08-31T15:36:09+09:00,000,run_20260831_152517_0280,raw/newCaplScritsNrdmpBlce/00688996_2019_11011.json,f8b01f206e1741448e22ae5e8ffbaad3f8646a8c76b918bbde1a902e9ada2ac5,0
KB금융,지주,지주,00688996,KB금융,2019,11011,사업보고서,IFRS4,Y,"보고서 사업연도 >= 2023 이면 IFRS17, 아니면 IFRS4",미상환잔액,합계,"877,700,000,000",2019-12-31,api,-,-,-,-,"300,000,000,000","577,700,000,000",-,newCaplScritsNrdmpBlce,"{""bsns_year"": ""2019"", ""corp_code"": ""00688996"", ""reprt_code"": ""11011""}",20210427000468,api_row,2026-08-31T15:36:09+09:00,000,run_20260831_152517_0280,raw/newCaplScritsNrdmpBlce/00688996_2019_11011.json,f8b01f206e1741448e22ae5e8ffbaad3f8646a8c76b918bbde1a902e9ada2ac5,0
KB금융,지주,지주,00688996,KB금융,2020,11011,사업보고서,IFRS4,Y,"보고서 사업연도 >= 2023 이면 IFRS17, 아니면 IFRS4",미상환잔액,공모,"577,700,000,000",2020-12-31,api,-,-,-,-,-,"577,700,000,000",-,newCaplScritsNrdmpBlce,"{""bsns_year"": ""2020"", ""corp_code"": ""00688996"", ""reprt_code"": ""11011""}",20210427000533,api_row,2026-08-31T15:36:20+09:00,000,run_20260831_152517_0289,raw/newCaplScritsNrdmpBlce/00688996_2020_11011.json,f94b0f1e1405f8ea3a681b518be471c539d3d678c83cecf5d798dc638f99d1e4,0
KB금융,지주,지주,00688996,KB금융,2020,11011,사업보고서,IFRS4,Y,"보고서 사업연도 >= 2023 이면 IFRS17, 아니면 IFRS4",미상환잔액,사모,"400,000,000,000",2020-12-31,api,-,-,-,-,"400,000,000,000",-,-,newCaplScritsNrdmpBlce,"{""bsns_year"": ""2020"", ""corp_code"": ""00688996"", ""reprt_code"": ""11011""}",20210427000533,api_row,2026-08-31T15:36:20+09:00,000,run_20260831_152517_0289,raw/newCaplScritsNrdmpBlce/00688996_2020_11011.json,f94b0f1e1405f8ea3a681b518be471c539d3d678c83cecf5d798dc638f99d1e4,0
KB금융,지주,지주,00688996,KB금융,2020,11011,사업보고서,IFRS4,Y,"보고서 사업연도 >= 2023 이면 IFRS17, 아니면 IFRS4",미상환잔액,합계,"977,700,000,000",2020-12-31,api,-,-,-,-,"400,000,000,000","577,700,000,000",-,newCaplScritsNrdmpBlce,"{""bsns_year"": ""2020"", ""corp_code"": ""00688996"", ""reprt_code"": ""11011""}",20210427000533,api_row,2026-08-31T15:36:20+09:00,000,run_20260831_152517_0289,raw/newCaplScritsNrdmpBlce/00688996_2020_11011.json,f94b0f1e1405f8ea3a681b518be471c539d3d678c83cecf5d798dc638f99d1e4,0
KB금융,지주,지주,00688996,KB금융,2021,11011,사업보고서,IFRS4,Y,"보고서 사업연도 >= 2023 이면 IFRS17, 아니면 IFRS4",미상환잔액,공모,"577,700,000,000",2021-12-31,api,-,-,-,-,-,"577,700,000,000",-,newCaplScritsNrdmpBlce,"{""bsns_year"": ""2021"", ""corp_code"": ""00688996"", ""reprt_code"": ""11011""}",20220325001281,api_row,2026-08-31T15:36:30+09:00,000,run_20260831_152517_0298,raw/newCaplScritsNrdmpBlce/00688996_2021_11011.json,63a11a2d503ae70d4e4fb104fc0f8dad78e863e7e1cc51674cae52cf09f233ad,0
KB금융,지주,지주,00688996,KB금융,2021,11011,사업보고서,IFRS4,Y,"보고서 사업연도 >= 2023 이면 IFRS17, 아니면 IFRS4",미상환잔액,사모,"400,000,000,000",2021-12-31,api,-,-,-,-,"400,000,000,000",-,-,newCaplScritsNrdmpBlce,"{""bsns_year"": ""2021"", ""corp_code"": ""00688996"", ""reprt_code"": ""11011""}",20220325001281,api_row,2026-08-31T15:36:30+09:00,000,run_20260831_152517_0298,raw/newCaplScritsNrdmpBlce/00688996_2021_11011.json,63a11a2d503ae70d4e4fb104fc0f8dad78e863e7e1cc51674cae52cf09f233ad,0
KB금융,지주,지주,00688996,KB금융,2021,11011,사업보고서,IFRS4,Y,"보고서 사업연도 >= 2023 이면 IFRS17, 아니면 IFRS4",미상환잔액,합계,"977,700,000,000",2021-12-31,api,-,-,-,-,"400,000,000,000","577,700,000,000",-,newCaplScritsNrdmpBlce,"{""bsns_year"": ""2021"", ""corp_code"": ""00688996"", ""reprt_code"": ""11011""}",20220325001281,api_row,2026-08-31T15:36:30+09:00,000,run_20260831_152517_0298,raw/newCaplScritsNrdmpBlce/00688996_2021_11011.json,63a11a2d503ae70d4e4fb104fc0f8dad78e863e7e1cc51674cae52cf09f233ad,0
KB금융,지주,지주,00688996,KB금융,2022,11011,사업보고서,IFRS4,Y,"보고서 사업연도 >= 2023 이면 IFRS17, 아니면 IFRS4",미상환잔액,공모,"877,700,000,000",2022-12-31,api,-,-,-,-,-,"877,700,000,000",-,newCaplScritsNrdmpBlce,"{""bsns_year"": ""2022"", ""corp_code"": ""00688996"", ""reprt_code"": ""11011""}",20231005000471,api_row,2026-08-31T15:36:41+09:00,000,run_20260831_152517_0307,raw/newCaplScritsNrdmpBlce/00688996_2022_11011.json,4f27b2e05e6c8cfd47776620e0aa282638c70853d806e52ee147144098b42f90,0
KB금융,지주,지주,00688996,KB금융,2022,11011,사업보고서,IFRS4,Y,"보고서 사업연도 >= 2023 이면 IFRS17, 아니면 IFRS4",미상환잔액,사모,"1,065,000,000,000",2022-12-31,api,-,-,-,-,"1,065,000,000,000",-,-,newCaplScritsNrdmpBlce,"{""bsns_year"": ""2022"", ""corp_code"": ""00688996"", ""reprt_code"": ""11011""}",20231005000471,api_row,2026-08-31T15:36:41+09:00,000,run_20260831_152517_0307,raw/newCaplScritsNrdmpBlce/00688996_2022_11011.json,4f27b2e05e6c8cfd47776620e0aa282638c70853d806e52ee147144098b42f90,0
KB금융,지주,지주,00688996,KB금융,2022,11011,사업보고서,IFRS4,Y,"보고서 사업연도 >= 2023 이면 IFRS17, 아니면 IFRS4",미상환잔액,합계,"1,942,700,000,000",2022-12-31,api,-,-,-,-,"1,065,000,000,000","877,700,000,000",-,newCaplScritsNrdmpBlce,"{""bsns_year"": ""2022"", ""corp_code"": ""00688996"", ""reprt_code"": ""11011""}",20231005000471,api_row,2026-08-31T15:36:41+09:00,000,run_20260831_152517_0307,raw/newCaplScritsNrdmpBlce/00688996_2022_11011.json,4f27b2e05e6c8cfd47776620e0aa282638c70853d806e52ee147144098b42f90,0
KB금융,지주,지주,00688996,KB금융,2023,11011,사업보고서,IFRS17,Y,"보고서 사업연도 >= 2023 이면 IFRS17, 아니면 IFRS4",미상환잔액,공모,"5,045,000,000,000",2023-12-31,api,-,-,-,-,-,"5,045,000,000,000",-,newCaplScritsNrdmpBlce,"{""bsns_year"": ""2023"", ""corp_code"": ""00688996"", ""reprt_code"": ""11011""}",20240326000894,api_row,2026-08-31T15:36:52+09:00,000,run_20260831_152517_0316,raw/newCaplScritsNrdmpBlce/00688996_2023_11011.json,1d017f8e2a7aa5a34b4381b6a87903ae6a2a9f449e6df64b01dcf1ef060d0d9d,0
KB금융,지주,지주,00688996,KB금융,2023,11011,사업보고서,IFRS17,Y,"보고서 사업연도 >= 2023 이면 IFRS17, 아니면 IFRS4",미상환잔액,사모,-,2023-12-31,api,-,-,-,-,-,-,-,newCaplScritsNrdmpBlce,"{""bsns_year"": ""2023"", ""corp_code"": ""00688996"", ""reprt_code"": ""11011""}",20240326000894,api_row,2026-08-31T15:36:52+09:00,000,run_20260831_152517_0316,raw/newCaplScritsNrdmpBlce/00688996_2023_11011.json,1d017f8e2a7aa5a34b4381b6a87903ae6a2a9f449e6df64b01dcf1ef060d0d9d,0
KB금융,지주,지주,00688996,KB금융,2023,11011,사업보고서,IFRS17,Y,"보고서 사업연도 >= 2023 이면 IFRS17, 아니면 IFRS4",미상환잔액,합계,"5,045,000,000,000",2023-12-31,api,-,-,-,-,-,"5,045,000,000,000",-,newCaplScritsNrdmpBlce,"{""bsns_year"": ""2023"", ""corp_code"": ""00688996"", ""reprt_code"": ""11011""}",20240326000894,api_row,2026-08-31T15:36:52+09:00,000,run_20260831_152517_0316,raw/newCaplScritsNrdmpBlce/00688996_2023_11011.json,1d017f8e2a7aa5a34b4381b6a87903ae6a2a9f449e6df64b01dcf1ef060d0d9d,0
KB금융,지주,지주,00688996,KB금융,2024,11011,사업보고서,IFRS17,Y,"보고서 사업연도 >= 2023 이면 IFRS17, 아니면 IFRS4",미상환잔액,공모,"6,413,000,000,000",2024-12-31,api,-,-,-,-,"250,000,000,000","6,163,000,000,000",-,newCaplScritsNrdmpBlce,"{""bsns_year"": ""2024"", ""corp_code"": ""00688996"", ""reprt_code"": ""11011""}",20260324000822,api_row,2026-08-31T15:37:22+09:00,000,run_20260831_152517_0325,raw/newCaplScritsNrdmpBlce/00688996_2024_11011.json,c1ad2ca1a0eea9e719b315b7355501038e76910b75f9fb10527083cd0ee7152c,0
KB금융,지주,지주,00688996,KB금융,2024,11011,사업보고서,IFRS17,Y,"보고서 사업연도 >= 2023 이면 IFRS17, 아니면 IFRS4",미상환잔액,사모,"1,485,000,000,000",2024-12-31,api,-,-,-,-,"1,485,000,000,000",-,-,newCaplScritsNrdmpBlce,"{""bsns_year"": ""2024"", ""corp_code"": ""00688996"", ""reprt_code"": ""11011""}",20260324000822,api_row,2026-08-31T15:37:22+09:00,000,run_20260831_152517_0325,raw/newCaplScritsNrdmpBlce/00688996_2024_11011.json,c1ad2ca1a0eea9e719b315b7355501038e76910b75f9fb10527083cd0ee7152c,0
KB금융,지주,지주,00688996,KB금융,2024,11011,사업보고서,IFRS17,Y,"보고서 사업연도 >= 2023 이면 IFRS17, 아니면 IFRS4",미상환잔액,합계,"7,898,000,000,000",2024-12-31,api,-,-,-,-,"1,735,000,000,000","6,163,000,000,000",-,newCaplScritsNrdmpBlce,"{""bsns_year"": ""2024"", ""corp_code"": ""00688996"", ""reprt_code"": ""11011""}",20260324000822,api_row,2026-08-31T15:37:22+09:00,000,run_20260831_152517_0325,raw/newCaplScritsNrdmpBlce/00688996_2024_11011.json,c1ad2ca1a0eea9e719b315b7355501038e76910b75f9fb10527083cd0ee7152c,0
KB금융,지주,지주,00688996,KB금융,2025,11011,사업보고서,IFRS17,Y,"보고서 사업연도 >= 2023 이면 IFRS17, 아니면 IFRS4",미상환잔액,공모,"5,688,000,000,000",2025-12-31,api,-,-,-,-,"250,000,000,000","5,438,000,000,000",-,newCaplScritsNrdmpBlce,"{""bsns_year"": ""2025"", ""corp_code"": ""00688996"", ""reprt_code"": ""11011""}",20260619000667,api_row,2026-08-31T15:37:53+09:00,000,run_20260831_152517_0334,raw/newCaplScritsNrdmpBlce/00688996_2025_11011.json,162aa9e981bc5e4b415517c88f860b3cea1508adf8de8da7cf63203045072c43,0
KB금융,지주,지주,00688996,KB금융,2025,11011,사업보고서,IFRS17,Y,"보고서 사업연도 >= 2023 이면 IFRS17, 아니면 IFRS4",미상환잔액,사모,"1,485,000,000,000",2025-12-31,api,-,-,-,-,"1,315,000,000,000","170,000,000,000",-,newCaplScritsNrdmpBlce,"{""bsns_year"": ""2025"", ""corp_code"": ""00688996"", ""reprt_code"": ""11011""}",20260619000667,api_row,2026-08-31T15:37:53+09:00,000,run_20260831_152517_0334,raw/newCaplScritsNrdmpBlce/00688996_2025_11011.json,162aa9e981bc5e4b415517c88f860b3cea1508adf8de8da7cf63203045072c43,0
KB금융,지주,지주,00688996,KB금융,2025,11011,사업보고서,IFRS17,Y,"보고서 사업연도 >= 2023 이면 IFRS17, 아니면 IFRS4",미상환잔액,합계,"7,173,000,000,000",2025-12-31,api,-,-,-,-,"1,565,000,000,000","5,608,000,000,000",-,newCaplScritsNrdmpBlce,"{""bsns_year"": ""2025"", ""corp_code"": ""00688996"", ""reprt_code"": ""11011""}",20260619000667,api_row,2026-08-31T15:37:53+09:00,000,run_20260831_152517_0334,raw/newCaplScritsNrdmpBlce/00688996_2025_11011.json,162aa9e981bc5e4b415517c88f860b3cea1508adf8de8da7cf63203045072c43,0
KB금융,지주,지주,00688996,KB금융,2026,11012,반기보고서,IFRS17,Y,"보고서 사업연도 >= 2023 이면 IFRS17, 아니면 IFRS4",미상환잔액,공모,"4,217,000,000,000",2026-06-30,api,-,-,-,-,-,"4,217,000,000,000",-,newCaplScritsNrdmpBlce,"{""bsns_year"": ""2026"", ""corp_code"": ""00688996"", ""reprt_code"": ""11012""}",20260814004200,api_row,2026-08-31T15:38:48+09:00,000,run_20260831_152517_0352,raw/newCaplScritsNrdmpBlce/00688996_2026_11012.json,8f53cbbbe595a42700a2e7568d084f6ec2b42d5fc56358072d2371de70bc0102,0
KB금융,지주,지주,00688996,KB금융,2026,11012,반기보고서,IFRS17,Y,"보고서 사업연도 >= 2023 이면 IFRS17, 아니면 IFRS4",미상환잔액,사모,-,2026-06-30,api,-,-,-,-,-,-,-,newCaplScritsNrdmpBlce,"{""bsns_year"": ""2026"", ""corp_code"": ""00688996"", ""reprt_code"": ""11012""}",20260814004200,api_row,2026-08-31T15:38:48+09:00,000,run_20260831_152517_0352,raw/newCaplScritsNrdmpBlce/00688996_2026_11012.json,8f53cbbbe595a42700a2e7568d084f6ec2b42d5fc56358072d2371de70bc0102,0
KB금융,지주,지주,00688996,KB금융,2026,11012,반기보고서,IFRS17,Y,"보고서 사업연도 >= 2023 이면 IFRS17, 아니면 IFRS4",미상환잔액,합계,"4,217,000,000,000",2026-06-30,api,-,-,-,-,-,"4,217,000,000,000",-,newCaplScritsNrdmpBlce,"{""bsns_year"": ""2026"", ""corp_code"": ""00688996"", ""reprt_code"": ""11012""}",20260814004200,api_row,2026-08-31T15:38:48+09:00,000,run_20260831_152517_0352,raw/newCaplScritsNrdmpBlce/00688996_2026_11012.json,8f53cbbbe595a42700a2e7568d084f6ec2b42d5fc56358072d2371de70bc0102,0
KB라이프생명보험,생보,보험자회사,00160393,케이비라이프생명보험,2022,11011,사업보고서,IFRS4,E,"보고서 사업연도 >= 2023 이면 IFRS17, 아니면 IFRS4",미상환잔액,공모,-,2022-12-31,api,-,-,-,-,-,-,-,newCaplScritsNrdmpBlce,"{""bsns_year"": ""2022"", ""corp_code"": ""00160393"", ""reprt_code"": ""11011""}",20230316000539,api_row,2026-08-31T16:03:22+09:00,000,run_20260831_152517_0994,raw/newCaplScritsNrdmpBlce/00160393_2022_11011.json,0eec01cefd086888d1304a262002b9756d371cccc4590fcdc46139b9ba267e06,0
KB라이프생명보험,생보,보험자회사,00160393,케이비라이프생명보험,2022,11011,사업보고서,IFRS4,E,"보고서 사업연도 >= 2023 이면 IFRS17, 아니면 IFRS4",미상환잔액,사모,"50,000,000,000",2022-12-31,api,-,-,-,-,"50,000,000,000",-,-,newCaplScritsNrdmpBlce,"{""bsns_year"": ""2022"", ""corp_code"": ""00160393"", ""reprt_code"": ""11011""}",20230316000539,api_row,2026-08-31T16:03:22+09:00,000,run_20260831_152517_0994,raw/newCaplScritsNrdmpBlce/00160393_2022_11011.json,0eec01cefd086888d1304a262002b9756d371cccc4590fcdc46139b9ba267e06,0
KB라이프생명보험,생보,보험자회사,00160393,케이비라이프생명보험,2022,11011,사업보고서,IFRS4,E,"보고서 사업연도 >= 2023 이면 IFRS17, 아니면 IFRS4",미상환잔액,합계,"50,000,000,000",2022-12-31,api,-,-,-,-,"50,000,000,000",-,-,newCaplScritsNrdmpBlce,"{""bsns_year"": ""2022"", ""corp_code"": ""00160393"", ""reprt_code"": ""11011""}",20230316000539,api_row,2026-08-31T16:03:22+09:00,000,run_20260831_152517_0994,raw/newCaplScritsNrdmpBlce/00160393_2022_11011.json,0eec01cefd086888d1304a262002b9756d371cccc4590fcdc46139b9ba267e06,0
KB라이프생명보험,생보,보험자회사,00160393,케이비라이프생명보험,2023,11011,사업보고서,IFRS17,E,"보고서 사업연도 >= 2023 이면 IFRS17, 아니면 IFRS4",미상환잔액,공모,-,2023-12-31,api,-,-,-,-,-,-,-,newCaplScritsNrdmpBlce,"{""bsns_year"": ""2023"", ""corp_code"": ""00160393"", ""reprt_code"": ""11011""}",20240429000408,api_row,2026-08-31T16:03:38+09:00,000,run_20260831_152517_1003,raw/newCaplScritsNrdmpBlce/00160393_2023_11011.json,75e0991a8f0c75705b52b94298dc661f88bba743d8fb0d4b4aebd20fe2453ba4,0
KB라이프생명보험,생보,보험자회사,00160393,케이비라이프생명보험,2023,11011,사업보고서,IFRS17,E,"보고서 사업연도 >= 2023 이면 IFRS17, 아니면 IFRS4",미상환잔액,사모,"50,000,000,000",2023-12-31,api,-,-,-,-,"50,000,000,000",-,-,newCaplScritsNrdmpBlce,"{""bsns_year"": ""2023"", ""corp_code"": ""00160393"", ""reprt_code"": ""11011""}",20240429000408,api_row,2026-08-31T16:03:38+09:00,000,run_20260831_152517_1003,raw/newCaplScritsNrdmpBlce/00160393_2023_11011.json,75e0991a8f0c75705b52b94298dc661f88bba743d8fb0d4b4aebd20fe2453ba4,0
KB라이프생명보험,생보,보험자회사,00160393,케이비라이프생명보험,2023,11011,사업보고서,IFRS17,E,"보고서 사업연도 >= 2023 이면 IFRS17, 아니면 IFRS4",미상환잔액,합계,"50,000,000,000",2023-12-31,api,-,-,-,-,"50,000,000,000",-,-,newCaplScritsNrdmpBlce,"{""bsns_year"": ""2023"", ""corp_code"": ""00160393"", ""reprt_code"": ""11011""}",20240429000408,api_row,2026-08-31T16:03:38+09:00,000,run_20260831_152517_1003,raw/newCaplScritsNrdmpBlce/00160393_2023_11011.json,75e0991a8f0c75705b52b94298dc661f88bba743d8fb0d4b4aebd20fe2453ba4,0
KB라이프생명보험,생보,보험자회사,00160393,케이비라이프생명보험,2024,11011,사업보고서,IFRS17,E,"보고서 사업연도 >= 2023 이면 IFRS17, 아니면 IFRS4",미상환잔액,공모,-,2024-12-31,api,-,-,-,-,-,-,-,newCaplScritsNrdmpBlce,"{""bsns_year"": ""2024"", ""corp_code"": ""00160393"", ""reprt_code"": ""11011""}",20250428000500,api_row,2026-08-31T16:04:06+09:00,000,run_20260831_152517_1012,raw/newCaplScritsNrdmpBlce/00160393_2024_11011.json,fabac77578783f829fb2a1720097374b6bba732fb15403d06ac4fda4151727df,0
KB라이프생명보험,생보,보험자회사,00160393,케이비라이프생명보험,2024,11011,사업보고서,IFRS17,E,"보고서 사업연도 >= 2023 이면 IFRS17, 아니면 IFRS4",미상환잔액,사모,"50,000,000,000",2024-12-31,api,-,-,-,-,"50,000,000,000",-,-,newCaplScritsNrdmpBlce,"{""bsns_year"": ""2024"", ""corp_code"": ""00160393"", ""reprt_code"": ""11011""}",20250428000500,api_row,2026-08-31T16:04:06+09:00,000,run_20260831_152517_1012,raw/newCaplScritsNrdmpBlce/00160393_2024_11011.json,fabac77578783f829fb2a1720097374b6bba732fb15403d06ac4fda4151727df,0
KB라이프생명보험,생보,보험자회사,00160393,케이비라이프생명보험,2024,11011,사업보고서,IFRS17,E,"보고서 사업연도 >= 2023 이면 IFRS17, 아니면 IFRS4",미상환잔액,합계,"50,000,000,000",2024-12-31,api,-,-,-,-,"50,000,000,000",-,-,newCaplScritsNrdmpBlce,"{""bsns_year"": ""2024"", ""corp_code"": ""00160393"", ""reprt_code"": ""11011""}",20250428000500,api_row,2026-08-31T16:04:06+09:00,000,run_20260831_152517_1012,raw/newCaplScritsNrdmpBlce/00160393_2024_11011.json,fabac77578783f829fb2a1720097374b6bba732fb15403d06ac4fda4151727df,0
KB라이프생명보험,생보,보험자회사,00160393,케이비라이프생명보험,2025,11011,사업보고서,IFRS17,E,"보고서 사업연도 >= 2023 이면 IFRS17, 아니면 IFRS4",미상환잔액,공모,-,2025-12-31,api,-,-,-,-,-,-,-,newCaplScritsNrdmpBlce,"{""bsns_year"": ""2025"", ""corp_code"": ""00160393"", ""reprt_code"": ""11011""}",20260331003664,api_row,2026-08-31T16:04:25+09:00,000,run_20260831_152517_1020,raw/newCaplScritsNrdmpBlce/00160393_2025_11011.json,78700b98de4f54edcbc964682fa065548c41cd969c4bbf5697ab579655756062,0
KB라이프생명보험,생보,보험자회사,00160393,케이비라이프생명보험,2025,11011,사업보고서,IFRS17,E,"보고서 사업연도 >= 2023 이면 IFRS17, 아니면 IFRS4",미상환잔액,사모,"50,000,000,000",2025-12-31,api,-,-,-,-,"50,000,000,000",-,-,newCaplScritsNrdmpBlce,"{""bsns_year"": ""2025"", ""corp_code"": ""00160393"", ""reprt_code"": ""11011""}",20260331003664,api_row,2026-08-31T16:04:25+09:00,000,run_20260831_152517_1020,raw/newCaplScritsNrdmpBlce/00160393_2025_11011.json,78700b98de4f54edcbc964682fa065548c41cd969c4bbf5697ab579655756062,0
KB라이프생명보험,생보,보험자회사,00160393,케이비라이프생명보험,2025,11011,사업보고서,IFRS17,E,"보고서 사업연도 >= 2023 이면 IFRS17, 아니면 IFRS4",미상환잔액,합계,"50,000,000,000",2025-12-31,api,-,-,-,-,"50,000,000,000",-,-,newCaplScritsNrdmpBlce,"{""bsns_year"": ""2025"", ""corp_code"": ""00160393"", ""reprt_code"": ""11011""}",20260331003664,api_row,2026-08-31T16:04:25+09:00,000,run_20260831_152517_1020,raw/newCaplScritsNrdmpBlce/00160393_2025_11011.json,78700b98de4f54edcbc964682fa065548c41cd969c4bbf5697ab579655756062,0
KB라이프생명보험,생보,보험자회사,00160393,케이비라이프생명보험,2025,11012,반기보고서,IFRS17,E,"보고서 사업연도 >= 2023 이면 IFRS17, 아니면 IFRS4",미상환잔액,공모,-,2025-06-30,api,-,-,-,-,-,-,-,newCaplScritsNrdmpBlce,"{""bsns_year"": ""2025"", ""corp_code"": ""00160393"", ""reprt_code"": ""11012""}",20250829001661,api_row,2026-08-31T16:04:54+09:00,000,run_20260831_152517_1029,raw/newCaplScritsNrdmpBlce/00160393_2025_11012.json,8c9c9425e9ebc77364f515ea34578ee86c6817f41876a5beb8cc3ebd8191a889,0
KB라이프생명보험,생보,보험자회사,00160393,케이비라이프생명보험,2025,11012,반기보고서,IFRS17,E,"보고서 사업연도 >= 2023 이면 IFRS17, 아니면 IFRS4",미상환잔액,사모,"50,000,000,000",2025-06-30,api,-,-,-,-,"50,000,000,000",-,-,newCaplScritsNrdmpBlce,"{""bsns_year"": ""2025"", ""corp_code"": ""00160393"", ""reprt_code"": ""11012""}",20250829001661,api_row,2026-08-31T16:04:54+09:00,000,run_20260831_152517_1029,raw/newCaplScritsNrdmpBlce/00160393_2025_11012.json,8c9c9425e9ebc77364f515ea34578ee86c6817f41876a5beb8cc3ebd8191a889,0
KB라이프생명보험,생보,보험자회사,00160393,케이비라이프생명보험,2025,11012,반기보고서,IFRS17,E,"보고서 사업연도 >= 2023 이면 IFRS17, 아니면 IFRS4",미상환잔액,합계,"50,000,000,000",2025-06-30,api,-,-,-,-,"50,000,000,000",-,-,newCaplScritsNrdmpBlce,"{""bsns_year"": ""2025"", ""corp_code"": ""00160393"", ""reprt_code"": ""11012""}",20250829001661,api_row,2026-08-31T16:04:54+09:00,000,run_20260831_152517_1029,raw/newCaplScritsNrdmpBlce/00160393_2025_11012.json,8c9c9425e9ebc77364f515ea34578ee86c6817f41876a5beb8cc3ebd8191a889,0
KB라이프생명보험,생보,보험자회사,00160393,케이비라이프생명보험,2026,11012,반기보고서,IFRS17,E,"보고서 사업연도 >= 2023 이면 IFRS17, 아니면 IFRS4",미상환잔액,공모,-,2026-06-30,api,-,-,-,-,-,-,-,newCaplScritsNrdmpBlce,"{""bsns_year"": ""2026"", ""corp_code"": ""00160393"", ""reprt_code"": ""11012""}",20260831001095,api_row,2026-08-31T16:05:14+09:00,000,run_20260831_152517_1038,raw/newCaplScritsNrdmpBlce/00160393_2026_11012.json,c408bca5535014eaa502bc75ff3dfe5bbc2c2b5ed749a3dfe8b9eed158d2cc12,0
KB라이프생명보험,생보,보험자회사,00160393,케이비라이프생명보험,2026,11012,반기보고서,IFRS17,E,"보고서 사업연도 >= 2023 이면 IFRS17, 아니면 IFRS4",미상환잔액,사모,"50,000,000,000",2026-06-30,api,-,-,-,-,"50,000,000,000",-,-,newCaplScritsNrdmpBlce,"{""bsns_year"": ""2026"", ""corp_code"": ""00160393"", ""reprt_code"": ""11012""}",20260831001095,api_row,2026-08-31T16:05:14+09:00,000,run_20260831_152517_1038,raw/newCaplScritsNrdmpBlce/00160393_2026_11012.json,c408bca5535014eaa502bc75ff3dfe5bbc2c2b5ed749a3dfe8b9eed158d2cc12,0
KB라이프생명보험,생보,보험자회사,00160393,케이비라이프생명보험,2026,11012,반기보고서,IFRS17,E,"보고서 사업연도 >= 2023 이면 IFRS17, 아니면 IFRS4",미상환잔액,합계,"50,000,000,000",2026-06-30,api,-,-,-,-,"50,000,000,000",-,-,newCaplScritsNrdmpBlce,"{""bsns_year"": ""2026"", ""corp_code"": ""00160393"", ""reprt_code"": ""11012""}",20260831001095,api_row,2026-08-31T16:05:14+09:00,000,run_20260831_152517_1038,raw/newCaplScritsNrdmpBlce/00160393_2026_11012.json,c408bca5535014eaa502bc75ff3dfe5bbc2c2b5ed749a3dfe8b9eed158d2cc12,0
KB생명보험,생보,선행법인,00542065,케이비생명보험,2021,11011,사업보고서,IFRS4,E,"보고서 사업연도 >= 2023 이면 IFRS17, 아니면 IFRS4",미상환잔액,공모,-,2021-12-31,api,-,-,-,-,-,-,-,newCaplScritsNrdmpBlce,"{""bsns_year"": ""2021"", ""corp_code"": ""00542065"", ""reprt_code"": ""11011""}",20220317000445,api_row,2026-08-31T16:11:57+09:00,000,run_20260831_152517_1341,raw/newCaplScritsNrdmpBlce/00542065_2021_11011.json,3f1aafc4f308b1e5bdfba1af5156f509334ff05d9b2631113b9be8fdf7170813,0
KB생명보험,생보,선행법인,00542065,케이비생명보험,2021,11011,사업보고서,IFRS4,E,"보고서 사업연도 >= 2023 이면 IFRS17, 아니면 IFRS4",미상환잔액,사모,-,2021-12-31,api,-,-,-,-,-,-,-,newCaplScritsNrdmpBlce,"{""bsns_year"": ""2021"", ""corp_code"": ""00542065"", ""reprt_code"": ""11011""}",20220317000445,api_row,2026-08-31T16:11:57+09:00,000,run_20260831_152517_1341,raw/newCaplScritsNrdmpBlce/00542065_2021_11011.json,3f1aafc4f308b1e5bdfba1af5156f509334ff05d9b2631113b9be8fdf7170813,0
KB생명보험,생보,선행법인,00542065,케이비생명보험,2021,11011,사업보고서,IFRS4,E,"보고서 사업연도 >= 2023 이면 IFRS17, 아니면 IFRS4",미상환잔액,합계,-,2021-12-31,api,-,-,-,-,-,-,-,newCaplScritsNrdmpBlce,"{""bsns_year"": ""2021"", ""corp_code"": ""00542065"", ""reprt_code"": ""11011""}",20220317000445,api_row,2026-08-31T16:11:57+09:00,000,run_20260831_152517_1341,raw/newCaplScritsNrdmpBlce/00542065_2021_11011.json,3f1aafc4f308b1e5bdfba1af5156f509334ff05d9b2631113b9be8fdf7170813,0
KB손해보험,손보,보험자회사,00120216,KB손해보험,2021,11011,사업보고서,IFRS4,E,"보고서 사업연도 >= 2023 이면 IFRS17, 아니면 IFRS4",미상환잔액,공모,-,2021-12-31,api,-,-,-,-,-,-,-,newCaplScritsNrdmpBlce,"{""bsns_year"": ""2021"", ""corp_code"": ""00120216"", ""reprt_code"": ""11011""}",20220317000664,api_row,2026-08-31T16:00:12+09:00,000,run_20260831_152517_0923,raw/newCaplScritsNrdmpBlce/00120216_2021_11011.json,b04edf02760810916f9254a5af739627b29c67623e6ae093f8e987c205f8b2ed,0
KB손해보험,손보,보험자회사,00120216,KB손해보험,2021,11011,사업보고서,IFRS4,E,"보고서 사업연도 >= 2023 이면 IFRS17, 아니면 IFRS4",미상환잔액,사모,-,2021-12-31,api,-,-,-,-,-,-,-,newCaplScritsNrdmpBlce,"{""bsns_year"": ""2021"", ""corp_code"": ""00120216"", ""reprt_code"": ""11011""}",20220317000664,api_row,2026-08-31T16:00:12+09:00,000,run_20260831_152517_0923,raw/newCaplScritsNrdmpBlce/00120216_2021_11011.json,b04edf02760810916f9254a5af739627b29c67623e6ae093f8e987c205f8b2ed,0
KB손해보험,손보,보험자회사,00120216,KB손해보험,2021,11011,사업보고서,IFRS4,E,"보고서 사업연도 >= 2023 이면 IFRS17, 아니면 IFRS4",미상환잔액,합계,-,2021-12-31,api,-,-,-,-,-,-,-,newCaplScritsNrdmpBlce,"{""bsns_year"": ""2021"", ""corp_code"": ""00120216"", ""reprt_code"": ""11011""}",20220317000664,api_row,2026-08-31T16:00:12+09:00,000,run_20260831_152517_0923,raw/newCaplScritsNrdmpBlce/00120216_2021_11011.json,b04edf02760810916f9254a5af739627b29c67623e6ae093f8e987c205f8b2ed,0
KB손해보험,손보,보험자회사,00120216,KB손해보험,2022,11011,사업보고서,IFRS4,E,"보고서 사업연도 >= 2023 이면 IFRS17, 아니면 IFRS4",미상환잔액,공모,-,2022-12-31,api,-,-,-,-,-,-,-,newCaplScritsNrdmpBlce,"{""bsns_year"": ""2022"", ""corp_code"": ""00120216"", ""reprt_code"": ""11011""}",20230316000747,api_row,2026-08-31T16:00:31+09:00,000,run_20260831_152517_0932,raw/newCaplScritsNrdmpBlce/00120216_2022_11011.json,8385facb17a9cb5a3249eb33bcc433dfce048b770165ed2ceba625195d0c61dd,0
KB손해보험,손보,보험자회사,00120216,KB손해보험,2022,11011,사업보고서,IFRS4,E,"보고서 사업연도 >= 2023 이면 IFRS17, 아니면 IFRS4",미상환잔액,사모,-,2022-12-31,api,-,-,-,-,-,-,-,newCaplScritsNrdmpBlce,"{""bsns_year"": ""2022"", ""corp_code"": ""00120216"", ""reprt_code"": ""11011""}",20230316000747,api_row,2026-08-31T16:00:31+09:00,000,run_20260831_152517_0932,raw/newCaplScritsNrdmpBlce/00120216_2022_11011.json,8385facb17a9cb5a3249eb33bcc433dfce048b770165ed2ceba625195d0c61dd,0
KB손해보험,손보,보험자회사,00120216,KB손해보험,2022,11011,사업보고서,IFRS4,E,"보고서 사업연도 >= 2023 이면 IFRS17, 아니면 IFRS4",미상환잔액,합계,-,2022-12-31,api,-,-,-,-,-,-,-,newCaplScritsNrdmpBlce,"{""bsns_year"": ""2022"", ""corp_code"": ""00120216"", ""reprt_code"": ""11011""}",20230316000747,api_row,2026-08-31T16:00:31+09:00,000,run_20260831_152517_0932,raw/newCaplScritsNrdmpBlce/00120216_2022_11011.json,8385facb17a9cb5a3249eb33bcc433dfce048b770165ed2ceba625195d0c61dd,0
KB손해보험,손보,보험자회사,00120216,KB손해보험,2023,11011,사업보고서,IFRS17,E,"보고서 사업연도 >= 2023 이면 IFRS17, 아니면 IFRS4",미상환잔액,공모,-,2023-12-31,api,-,-,-,-,-,-,-,newCaplScritsNrdmpBlce,"{""bsns_year"": ""2023"", ""corp_code"": ""00120216"", ""reprt_code"": ""11011""}",20240430000217,api_row,2026-08-31T16:00:48+09:00,000,run_20260831_152517_0941,raw/newCaplScritsNrdmpBlce/00120216_2023_11011.json,4052787e3ee443a0ee3b4b4bd1bc4d67b60abbf5b1447b1f00789e52d73777df,0
KB손해보험,손보,보험자회사,00120216,KB손해보험,2023,11011,사업보고서,IFRS17,E,"보고서 사업연도 >= 2023 이면 IFRS17, 아니면 IFRS4",미상환잔액,사모,-,2023-12-31,api,-,-,-,-,-,-,-,newCaplScritsNrdmpBlce,"{""bsns_year"": ""2023"", ""corp_code"": ""00120216"", ""reprt_code"": ""11011""}",20240430000217,api_row,2026-08-31T16:00:48+09:00,000,run_20260831_152517_0941,raw/newCaplScritsNrdmpBlce/00120216_2023_11011.json,4052787e3ee443a0ee3b4b4bd1bc4d67b60abbf5b1447b1f00789e52d73777df,0
KB손해보험,손보,보험자회사,00120216,KB손해보험,2023,11011,사업보고서,IFRS17,E,"보고서 사업연도 >= 2023 이면 IFRS17, 아니면 IFRS4",미상환잔액,합계,-,2023-12-31,api,-,-,-,-,-,-,-,newCaplScritsNrdmpBlce,"{""bsns_year"": ""2023"", ""corp_code"": ""00120216"", ""reprt_code"": ""11011""}",20240430000217,api_row,2026-08-31T16:00:48+09:00,000,run_20260831_152517_0941,raw/newCaplScritsNrdmpBlce/00120216_2023_11011.json,4052787e3ee443a0ee3b4b4bd1bc4d67b60abbf5b1447b1f00789e52d73777df,0
KB손해보험,손보,보험자회사,00120216,KB손해보험,2024,11011,사업보고서,IFRS17,E,"보고서 사업연도 >= 2023 이면 IFRS17, 아니면 IFRS4",미상환잔액,공모,-,2024-12-31,api,-,-,-,-,-,-,-,newCaplScritsNrdmpBlce,"{""bsns_year"": ""2024"", ""corp_code"": ""00120216"", ""reprt_code"": ""11011""}",20250331004034,api_row,2026-08-31T16:01:22+09:00,000,run_20260831_152517_0950,raw/newCaplScritsNrdmpBlce/00120216_2024_11011.json,043dda362d5febccf0d99b6c7555256aefb06350edee3f05f2187ad3782b307e,0
KB손해보험,손보,보험자회사,00120216,KB손해보험,2024,11011,사업보고서,IFRS17,E,"보고서 사업연도 >= 2023 이면 IFRS17, 아니면 IFRS4",미상환잔액,사모,-,2024-12-31,api,-,-,-,-,-,-,-,newCaplScritsNrdmpBlce,"{""bsns_year"": ""2024"", ""corp_code"": ""00120216"", ""reprt_code"": ""11011""}",20250331004034,api_row,2026-08-31T16:01:22+09:00,000,run_20260831_152517_0950,raw/newCaplScritsNrdmpBlce/00120216_2024_11011.json,043dda362d5febccf0d99b6c7555256aefb06350edee3f05f2187ad3782b307e,0
KB손해보험,손보,보험자회사,00120216,KB손해보험,2024,11011,사업보고서,IFRS17,E,"보고서 사업연도 >= 2023 이면 IFRS17, 아니면 IFRS4",미상환잔액,합계,-,2024-12-31,api,-,-,-,-,-,-,-,newCaplScritsNrdmpBlce,"{""bsns_year"": ""2024"", ""corp_code"": ""00120216"", ""reprt_code"": ""11011""}",20250331004034,api_row,2026-08-31T16:01:22+09:00,000,run_20260831_152517_0950,raw/newCaplScritsNrdmpBlce/00120216_2024_11011.json,043dda362d5febccf0d99b6c7555256aefb06350edee3f05f2187ad3782b307e,0
KB손해보험,손보,보험자회사,00120216,KB손해보험,2025,11011,사업보고서,IFRS17,E,"보고서 사업연도 >= 2023 이면 IFRS17, 아니면 IFRS4",미상환잔액,공모,-,2025-12-31,api,-,-,-,-,-,-,-,newCaplScritsNrdmpBlce,"{""bsns_year"": ""2025"", ""corp_code"": ""00120216"", ""reprt_code"": ""11011""}",20260331003209,api_row,2026-08-31T16:01:45+09:00,000,run_20260831_152517_0958,raw/newCaplScritsNrdmpBlce/00120216_2025_11011.json,dcdbb44744bdc61a49067d2ea9ddb873f57869cd74149611f3f498f75a0e85d0,0
KB손해보험,손보,보험자회사,00120216,KB손해보험,2025,11011,사업보고서,IFRS17,E,"보고서 사업연도 >= 2023 이면 IFRS17, 아니면 IFRS4",미상환잔액,사모,-,2025-12-31,api,-,-,-,-,-,-,-,newCaplScritsNrdmpBlce,"{""bsns_year"": ""2025"", ""corp_code"": ""00120216"", ""reprt_code"": ""11011""}",20260331003209,api_row,2026-08-31T16:01:45+09:00,000,run_20260831_152517_0958,raw/newCaplScritsNrdmpBlce/00120216_2025_11011.json,dcdbb44744bdc61a49067d2ea9ddb873f57869cd74149611f3f498f75a0e85d0,0
KB손해보험,손보,보험자회사,00120216,KB손해보험,2025,11011,사업보고서,IFRS17,E,"보고서 사업연도 >= 2023 이면 IFRS17, 아니면 IFRS4",미상환잔액,합계,-,2025-12-31,api,-,-,-,-,-,-,-,newCaplScritsNrdmpBlce,"{""bsns_year"": ""2025"", ""corp_code"": ""00120216"", ""reprt_code"": ""11011""}",20260331003209,api_row,2026-08-31T16:01:45+09:00,000,run_20260831_152517_0958,raw/newCaplScritsNrdmpBlce/00120216_2025_11011.json,dcdbb44744bdc61a49067d2ea9ddb873f57869cd74149611f3f498f75a0e85d0,0
KB손해보험,손보,보험자회사,00120216,KB손해보험,2025,11012,반기보고서,IFRS17,E,"보고서 사업연도 >= 2023 이면 IFRS17, 아니면 IFRS4",미상환잔액,공모,-,2025-06-30,api,-,-,-,-,-,-,-,newCaplScritsNrdmpBlce,"{""bsns_year"": ""2025"", ""corp_code"": ""00120216"", ""reprt_code"": ""11012""}",20250829001942,api_row,2026-08-31T16:02:17+09:00,000,run_20260831_152517_0967,raw/newCaplScritsNrdmpBlce/00120216_2025_11012.json,40904cb77bedd813ac040e4b6155e7b97e9ca61a4a241cde096d47caa4d8d511,0
KB손해보험,손보,보험자회사,00120216,KB손해보험,2025,11012,반기보고서,IFRS17,E,"보고서 사업연도 >= 2023 이면 IFRS17, 아니면 IFRS4",미상환잔액,사모,-,2025-06-30,api,-,-,-,-,-,-,-,newCaplScritsNrdmpBlce,"{""bsns_year"": ""2025"", ""corp_code"": ""00120216"", ""reprt_code"": ""11012""}",20250829001942,api_row,2026-08-31T16:02:17+09:00,000,run_20260831_152517_0967,raw/newCaplScritsNrdmpBlce/00120216_2025_11012.json,40904cb77bedd813ac040e4b6155e7b97e9ca61a4a241cde096d47caa4d8d511,0
KB손해보험,손보,보험자회사,00120216,KB손해보험,2025,11012,반기보고서,IFRS17,E,"보고서 사업연도 >= 2023 이면 IFRS17, 아니면 IFRS4",미상환잔액,합계,-,2025-06-30,api,-,-,-,-,-,-,-,newCaplScritsNrdmpBlce,"{""bsns_year"": ""2025"", ""corp_code"": ""00120216"", ""reprt_code"": ""11012""}",20250829001942,api_row,2026-08-31T16:02:17+09:00,000,run_20260831_152517_0967,raw/newCaplScritsNrdmpBlce/00120216_2025_11012.json,40904cb77bedd813ac040e4b6155e7b97e9ca61a4a241cde096d47caa4d8d511,0
KB손해보험,손보,보험자회사,00120216,KB손해보험,2026,11012,반기보고서,IFRS17,E,"보고서 사업연도 >= 2023 이면 IFRS17, 아니면 IFRS4",미상환잔액,공모,-,2026-06-30,api,-,-,-,-,-,-,-,newCaplScritsNrdmpBlce,"{""bsns_year"": ""2026"", ""corp_code"": ""00120216"", ""reprt_code"": ""11012""}",20260831001102,api_row,2026-08-31T16:02:46+09:00,000,run_20260831_152517_0976,raw/newCaplScritsNrdmpBlce/00120216_2026_11012.json,3e311c0b9f5e220d9c58f54d95190f892ad86d22c179cd8eac9471c920e1eff9,0
KB손해보험,손보,보험자회사,00120216,KB손해보험,2026,11012,반기보고서,IFRS17,E,"보고서 사업연도 >= 2023 이면 IFRS17, 아니면 IFRS4",미상환잔액,사모,-,2026-06-30,api,-,-,-,-,-,-,-,newCaplScritsNrdmpBlce,"{""bsns_year"": ""2026"", ""corp_code"": ""00120216"", ""reprt_code"": ""11012""}",20260831001102,api_row,2026-08-31T16:02:46+09:00,000,run_20260831_152517_0976,raw/newCaplScritsNrdmpBlce/00120216_2026_11012.json,3e311c0b9f5e220d9c58f54d95190f892ad86d22c179cd8eac9471c920e1eff9,0
KB손해보험,손보,보험자회사,00120216,KB손해보험,2026,11012,반기보고서,IFRS17,E,"보고서 사업연도 >= 2023 이면 IFRS17, 아니면 IFRS4",미상환잔액,합계,-,2026-06-30,api,-,-,-,-,-,-,-,newCaplScritsNrdmpBlce,"{""bsns_year"": ""2026"", ""corp_code"": ""00120216"", ""reprt_code"": ""11012""}",20260831001102,api_row,2026-08-31T16:02:46+09:00,000,run_20260831_152517_0976,raw/newCaplScritsNrdmpBlce/00120216_2026_11012.json,3e311c0b9f5e220d9c58f54d95190f892ad86d22c179cd8eac9471c920e1eff9,0
iM금융지주,지주,지주,00878915,iM금융지주,2015,11011,사업보고서,IFRS4,Y,"보고서 사업연도 >= 2023 이면 IFRS17, 아니면 IFRS4",미상환잔액,공모,-,2015-12-31,api,-,-,-,-,-,-,-,newCaplScritsNrdmpBlce,"{""bsns_year"": ""2015"", ""corp_code"": ""00878915"", ""reprt_code"": ""11011""}",20160330001005,api_row,2026-08-31T15:39:14+09:00,000,run_20260831_152517_0361,raw/newCaplScritsNrdmpBlce/00878915_2015_11011.json,8783c8750bf0d03f9e3354613628f0d25fd574be612bd87b9ff850e8e67f3817,0
iM금융지주,지주,지주,00878915,iM금융지주,2015,11011,사업보고서,IFRS4,Y,"보고서 사업연도 >= 2023 이면 IFRS17, 아니면 IFRS4",미상환잔액,사모,-,2015-12-31,api,-,-,-,-,-,-,-,newCaplScritsNrdmpBlce,"{""bsns_year"": ""2015"", ""corp_code"": ""00878915"", ""reprt_code"": ""11011""}",20160330001005,api_row,2026-08-31T15:39:14+09:00,000,run_20260831_152517_0361,raw/newCaplScritsNrdmpBlce/00878915_2015_11011.json,8783c8750bf0d03f9e3354613628f0d25fd574be612bd87b9ff850e8e67f3817,0
iM금융지주,지주,지주,00878915,iM금융지주,2015,11011,사업보고서,IFRS4,Y,"보고서 사업연도 >= 2023 이면 IFRS17, 아니면 IFRS4",미상환잔액,합계,-,2015-12-31,api,-,-,-,-,-,-,-,newCaplScritsNrdmpBlce,"{""bsns_year"": ""2015"", ""corp_code"": ""00878915"", ""reprt_code"": ""11011""}",20160330001005,api_row,2026-08-31T15:39:14+09:00,000,run_20260831_152517_0361,raw/newCaplScritsNrdmpBlce/00878915_2015_11011.json,8783c8750bf0d03f9e3354613628f0d25fd574be612bd87b9ff850e8e67f3817,0
iM금융지주,지주,지주,00878915,iM금융지주,2016,11011,사업보고서,IFRS4,Y,"보고서 사업연도 >= 2023 이면 IFRS17, 아니면 IFRS4",미상환잔액,공모,-,2016-12-31,api,-,-,-,-,-,-,-,newCaplScritsNrdmpBlce,"{""bsns_year"": ""2016"", ""corp_code"": ""00878915"", ""reprt_code"": ""11011""}",20170331003962,api_row,2026-08-31T15:39:24+09:00,000,run_20260831_152517_0370,raw/newCaplScritsNrdmpBlce/00878915_2016_11011.json,b9d56d811c40193da5db32c22235573531f98d0a041309a87ee4aa5c08f3b796,0
iM금융지주,지주,지주,00878915,iM금융지주,2016,11011,사업보고서,IFRS4,Y,"보고서 사업연도 >= 2023 이면 IFRS17, 아니면 IFRS4",미상환잔액,사모,-,2016-12-31,api,-,-,-,-,-,-,-,newCaplScritsNrdmpBlce,"{""bsns_year"": ""2016"", ""corp_code"": ""00878915"", ""reprt_code"": ""11011""}",20170331003962,api_row,2026-08-31T15:39:24+09:00,000,run_20260831_152517_0370,raw/newCaplScritsNrdmpBlce/00878915_2016_11011.json,b9d56d811c40193da5db32c22235573531f98d0a041309a87ee4aa5c08f3b796,0
iM금융지주,지주,지주,00878915,iM금융지주,2016,11011,사업보고서,IFRS4,Y,"보고서 사업연도 >= 2023 이면 IFRS17, 아니면 IFRS4",미상환잔액,합계,-,2016-12-31,api,-,-,-,-,-,-,-,newCaplScritsNrdmpBlce,"{""bsns_year"": ""2016"", ""corp_code"": ""00878915"", ""reprt_code"": ""11011""}",20170331003962,api_row,2026-08-31T15:39:24+09:00,000,run_20260831_152517_0370,raw/newCaplScritsNrdmpBlce/00878915_2016_11011.json,b9d56d811c40193da5db32c22235573531f98d0a041309a87ee4aa5c08f3b796,0
iM금융지주,지주,지주,00878915,iM금융지주,2017,11011,사업보고서,IFRS4,Y,"보고서 사업연도 >= 2023 이면 IFRS17, 아니면 IFRS4",미상환잔액,공모,-,2017-12-31,api,-,-,-,-,-,-,-,newCaplScritsNrdmpBlce,"{""bsns_year"": ""2017"", ""corp_code"": ""00878915"", ""reprt_code"": ""11011""}",20180402004848,api_row,2026-08-31T15:39:34+09:00,000,run_20260831_152517_0379,raw/newCaplScritsNrdmpBlce/00878915_2017_11011.json,f855914c0b21471e64e1346467f4997bfa872522f35aba7b7d2484fe7d157701,0
iM금융지주,지주,지주,00878915,iM금융지주,2017,11011,사업보고서,IFRS4,Y,"보고서 사업연도 >= 2023 이면 IFRS17, 아니면 IFRS4",미상환잔액,사모,-,2017-12-31,api,-,-,-,-,-,-,-,newCaplScritsNrdmpBlce,"{""bsns_year"": ""2017"", ""corp_code"": ""00878915"", ""reprt_code"": ""11011""}",20180402004848,api_row,2026-08-31T15:39:34+09:00,000,run_20260831_152517_0379,raw/newCaplScritsNrdmpBlce/00878915_2017_11011.json,f855914c0b21471e64e1346467f4997bfa872522f35aba7b7d2484fe7d157701,0
iM금융지주,지주,지주,00878915,iM금융지주,2017,11011,사업보고서,IFRS4,Y,"보고서 사업연도 >= 2023 이면 IFRS17, 아니면 IFRS4",미상환잔액,합계,-,2017-12-31,api,-,-,-,-,-,-,-,newCaplScritsNrdmpBlce,"{""bsns_year"": ""2017"", ""corp_code"": ""00878915"", ""reprt_code"": ""11011""}",20180402004848,api_row,2026-08-31T15:39:34+09:00,000,run_20260831_152517_0379,raw/newCaplScritsNrdmpBlce/00878915_2017_11011.json,f855914c0b21471e64e1346467f4997bfa872522f35aba7b7d2484fe7d157701,0
iM금융지주,지주,지주,00878915,iM금융지주,2018,11011,사업보고서,IFRS4,Y,"보고서 사업연도 >= 2023 이면 IFRS17, 아니면 IFRS4",미상환잔액,공모,-,2018-12-31,api,-,-,-,-,-,-,-,newCaplScritsNrdmpBlce,"{""bsns_year"": ""2018"", ""corp_code"": ""00878915"", ""reprt_code"": ""11011""}",20190401004795,api_row,2026-08-31T15:39:44+09:00,000,run_20260831_152517_0388,raw/newCaplScritsNrdmpBlce/00878915_2018_11011.json,8aa3cd2a38f68122f4d08c7eb08e42d33a1aef26b1466e74c89e4682550d623c,0
iM금융지주,지주,지주,00878915,iM금융지주,2018,11011,사업보고서,IFRS4,Y,"보고서 사업연도 >= 2023 이면 IFRS17, 아니면 IFRS4",미상환잔액,사모,-,2018-12-31,api,-,-,-,-,-,-,-,newCaplScritsNrdmpBlce,"{""bsns_year"": ""2018"", ""corp_code"": ""00878915"", ""reprt_code"": ""11011""}",20190401004795,api_row,2026-08-31T15:39:44+09:00,000,run_20260831_152517_0388,raw/newCaplScritsNrdmpBlce/00878915_2018_11011.json,8aa3cd2a38f68122f4d08c7eb08e42d33a1aef26b1466e74c89e4682550d623c,0
iM금융지주,지주,지주,00878915,iM금융지주,2018,11011,사업보고서,IFRS4,Y,"보고서 사업연도 >= 2023 이면 IFRS17, 아니면 IFRS4",미상환잔액,합계,-,2018-12-31,api,-,-,-,-,-,-,-,newCaplScritsNrdmpBlce,"{""bsns_year"": ""2018"", ""corp_code"": ""00878915"", ""reprt_code"": ""11011""}",20190401004795,api_row,2026-08-31T15:39:44+09:00,000,run_20260831_152517_0388,raw/newCaplScritsNrdmpBlce/00878915_2018_11011.json,8aa3cd2a38f68122f4d08c7eb08e42d33a1aef26b1466e74c89e4682550d623c,0
iM금융지주,지주,지주,00878915,iM금융지주,2019,11011,사업보고서,IFRS4,Y,"보고서 사업연도 >= 2023 이면 IFRS17, 아니면 IFRS4",미상환잔액,공모,-,2019-12-31,api,-,-,-,-,-,-,-,newCaplScritsNrdmpBlce,"{""bsns_year"": ""2019"", ""corp_code"": ""00878915"", ""reprt_code"": ""11011""}",20200330003513,api_row,2026-08-31T15:39:54+09:00,000,run_20260831_152517_0397,raw/newCaplScritsNrdmpBlce/00878915_2019_11011.json,0ecd552c24bdf8841de028522f6a0b4935fb2ead5da3688402fecf5eb9baf142,0
iM금융지주,지주,지주,00878915,iM금융지주,2019,11011,사업보고서,IFRS4,Y,"보고서 사업연도 >= 2023 이면 IFRS17, 아니면 IFRS4",미상환잔액,사모,-,2019-12-31,api,-,-,-,-,-,-,-,newCaplScritsNrdmpBlce,"{""bsns_year"": ""2019"", ""corp_code"": ""00878915"", ""reprt_code"": ""11011""}",20200330003513,api_row,2026-08-31T15:39:54+09:00,000,run_20260831_152517_0397,raw/newCaplScritsNrdmpBlce/00878915_2019_11011.json,0ecd552c24bdf8841de028522f6a0b4935fb2ead5da3688402fecf5eb9baf142,0
iM금융지주,지주,지주,00878915,iM금융지주,2019,11011,사업보고서,IFRS4,Y,"보고서 사업연도 >= 2023 이면 IFRS17, 아니면 IFRS4",미상환잔액,합계,-,2019-12-31,api,-,-,-,-,-,-,-,newCaplScritsNrdmpBlce,"{""bsns_year"": ""2019"", ""corp_code"": ""00878915"", ""reprt_code"": ""11011""}",20200330003513,api_row,2026-08-31T15:39:54+09:00,000,run_20260831_152517_0397,raw/newCaplScritsNrdmpBlce/00878915_2019_11011.json,0ecd552c24bdf8841de028522f6a0b4935fb2ead5da3688402fecf5eb9baf142,0
iM금융지주,지주,지주,00878915,iM금융지주,2020,11011,사업보고서,IFRS4,Y,"보고서 사업연도 >= 2023 이면 IFRS17, 아니면 IFRS4",미상환잔액,공모,-,2020-12-31,api,-,-,-,-,-,-,-,newCaplScritsNrdmpBlce,"{""bsns_year"": ""2020"", ""corp_code"": ""00878915"", ""reprt_code"": ""11011""}",20210318000803,api_row,2026-08-31T15:40:05+09:00,000,run_20260831_152517_0406,raw/newCaplScritsNrdmpBlce/00878915_2020_11011.json,e0d39a2ba4d477fb7dc03200176f73d1b75205064be90e936acc79869bc41a19,0
iM금융지주,지주,지주,00878915,iM금융지주,2020,11011,사업보고서,IFRS4,Y,"보고서 사업연도 >= 2023 이면 IFRS17, 아니면 IFRS4",미상환잔액,사모,-,2020-12-31,api,-,-,-,-,-,-,-,newCaplScritsNrdmpBlce,"{""bsns_year"": ""2020"", ""corp_code"": ""00878915"", ""reprt_code"": ""11011""}",20210318000803,api_row,2026-08-31T15:40:05+09:00,000,run_20260831_152517_0406,raw/newCaplScritsNrdmpBlce/00878915_2020_11011.json,e0d39a2ba4d477fb7dc03200176f73d1b75205064be90e936acc79869bc41a19,0
iM금융지주,지주,지주,00878915,iM금융지주,2020,11011,사업보고서,IFRS4,Y,"보고서 사업연도 >= 2023 이면 IFRS17, 아니면 IFRS4",미상환잔액,합계,-,2020-12-31,api,-,-,-,-,-,-,-,newCaplScritsNrdmpBlce,"{""bsns_year"": ""2020"", ""corp_code"": ""00878915"", ""reprt_code"": ""11011""}",20210318000803,api_row,2026-08-31T15:40:05+09:00,000,run_20260831_152517_0406,raw/newCaplScritsNrdmpBlce/00878915_2020_11011.json,e0d39a2ba4d477fb7dc03200176f73d1b75205064be90e936acc79869bc41a19,0
iM금융지주,지주,지주,00878915,iM금융지주,2021,11011,사업보고서,IFRS4,Y,"보고서 사업연도 >= 2023 이면 IFRS17, 아니면 IFRS4",미상환잔액,공모,"290,000,000,000",2021-12-31,api,-,-,-,-,"290,000,000,000",-,-,newCaplScritsNrdmpBlce,"{""bsns_year"": ""2021"", ""corp_code"": ""00878915"", ""reprt_code"": ""11011""}",20220317001101,api_row,2026-08-31T15:40:16+09:00,000,run_20260831_152517_0415,raw/newCaplScritsNrdmpBlce/00878915_2021_11011.json,50ee3d792459f4009a244d9e9ab14161b4e0210c89c3a5d7d143fad7dbc8d339,0
iM금융지주,지주,지주,00878915,iM금융지주,2021,11011,사업보고서,IFRS4,Y,"보고서 사업연도 >= 2023 이면 IFRS17, 아니면 IFRS4",미상환잔액,사모,-,2021-12-31,api,-,-,-,-,-,-,-,newCaplScritsNrdmpBlce,"{""bsns_year"": ""2021"", ""corp_code"": ""00878915"", ""reprt_code"": ""11011""}",20220317001101,api_row,2026-08-31T15:40:16+09:00,000,run_20260831_152517_0415,raw/newCaplScritsNrdmpBlce/00878915_2021_11011.json,50ee3d792459f4009a244d9e9ab14161b4e0210c89c3a5d7d143fad7dbc8d339,0
iM금융지주,지주,지주,00878915,iM금융지주,2021,11011,사업보고서,IFRS4,Y,"보고서 사업연도 >= 2023 이면 IFRS17, 아니면 IFRS4",미상환잔액,합계,"290,000,000,000",2021-12-31,api,-,-,-,-,"290,000,000,000",-,-,newCaplScritsNrdmpBlce,"{""bsns_year"": ""2021"", ""corp_code"": ""00878915"", ""reprt_code"": ""11011""}",20220317001101,api_row,2026-08-31T15:40:16+09:00,000,run_20260831_152517_0415,raw/newCaplScritsNrdmpBlce/00878915_2021_11011.json,50ee3d792459f4009a244d9e9ab14161b4e0210c89c3a5d7d143fad7dbc8d339,0
iM금융지주,지주,지주,00878915,iM금융지주,2022,11011,사업보고서,IFRS4,Y,"보고서 사업연도 >= 2023 이면 IFRS17, 아니면 IFRS4",미상환잔액,공모,"290,000,000,000",2022-12-31,api,-,-,-,-,"290,000,000,000",-,-,newCaplScritsNrdmpBlce,"{""bsns_year"": ""2022"", ""corp_code"": ""00878915"", ""reprt_code"": ""11011""}",20230322000869,api_row,2026-08-31T15:40:26+09:00,000,run_20260831_152517_0424,raw/newCaplScritsNrdmpBlce/00878915_2022_11011.json,8496fbba76d86cb8284e6d4d82b2e7efeb15d16cb06d6ddb5f84426675b6c613,0
iM금융지주,지주,지주,00878915,iM금융지주,2022,11011,사업보고서,IFRS4,Y,"보고서 사업연도 >= 2023 이면 IFRS17, 아니면 IFRS4",미상환잔액,사모,"295,000,000,000",2022-12-31,api,-,-,-,-,"295,000,000,000",-,-,newCaplScritsNrdmpBlce,"{""bsns_year"": ""2022"", ""corp_code"": ""00878915"", ""reprt_code"": ""11011""}",20230322000869,api_row,2026-08-31T15:40:26+09:00,000,run_20260831_152517_0424,raw/newCaplScritsNrdmpBlce/00878915_2022_11011.json,8496fbba76d86cb8284e6d4d82b2e7efeb15d16cb06d6ddb5f84426675b6c613,0
iM금융지주,지주,지주,00878915,iM금융지주,2022,11011,사업보고서,IFRS4,Y,"보고서 사업연도 >= 2023 이면 IFRS17, 아니면 IFRS4",미상환잔액,합계,"585,000,000,000",2022-12-31,api,-,-,-,-,"585,000,000,000",-,-,newCaplScritsNrdmpBlce,"{""bsns_year"": ""2022"", ""corp_code"": ""00878915"", ""reprt_code"": ""11011""}",20230322000869,api_row,2026-08-31T15:40:26+09:00,000,run_20260831_152517_0424,raw/newCaplScritsNrdmpBlce/00878915_2022_11011.json,8496fbba76d86cb8284e6d4d82b2e7efeb15d16cb06d6ddb5f84426675b6c613,0
iM금융지주,지주,지주,00878915,iM금융지주,2023,11011,사업보고서,IFRS17,Y,"보고서 사업연도 >= 2023 이면 IFRS17, 아니면 IFRS4",미상환잔액,공모,-,2023-12-31,api,-,-,-,-,-,-,-,newCaplScritsNrdmpBlce,"{""bsns_year"": ""2023"", ""corp_code"": ""00878915"", ""reprt_code"": ""11011""}",20240430000805,api_row,2026-08-31T15:40:37+09:00,000,run_20260831_152517_0433,raw/newCaplScritsNrdmpBlce/00878915_2023_11011.json,d208963ce56f27d15d88dea6601dea45afb44b24b28c748cb988be017e9b661a,0
iM금융지주,지주,지주,00878915,iM금융지주,2023,11011,사업보고서,IFRS17,Y,"보고서 사업연도 >= 2023 이면 IFRS17, 아니면 IFRS4",미상환잔액,사모,"295,000,000,000",2023-12-31,api,-,-,-,-,"295,000,000,000",-,-,newCaplScritsNrdmpBlce,"{""bsns_year"": ""2023"", ""corp_code"": ""00878915"", ""reprt_code"": ""11011""}",20240430000805,api_row,2026-08-31T15:40:37+09:00,000,run_20260831_152517_0433,raw/newCaplScritsNrdmpBlce/00878915_2023_11011.json,d208963ce56f27d15d88dea6601dea45afb44b24b28c748cb988be017e9b661a,0
iM금융지주,지주,지주,00878915,iM금융지주,2023,11011,사업보고서,IFRS17,Y,"보고서 사업연도 >= 2023 이면 IFRS17, 아니면 IFRS4",미상환잔액,합계,"295,000,000,000",2023-12-31,api,-,-,-,-,"295,000,000,000",-,-,newCaplScritsNrdmpBlce,"{""bsns_year"": ""2023"", ""corp_code"": ""00878915"", ""reprt_code"": ""11011""}",20240430000805,api_row,2026-08-31T15:40:37+09:00,000,run_20260831_152517_0433,raw/newCaplScritsNrdmpBlce/00878915_2023_11011.json,d208963ce56f27d15d88dea6601dea45afb44b24b28c748cb988be017e9b661a,0
iM금융지주,지주,지주,00878915,iM금융지주,2024,11011,사업보고서,IFRS17,Y,"보고서 사업연도 >= 2023 이면 IFRS17, 아니면 IFRS4",미상환잔액,공모,-,2024-12-31,api,-,-,-,-,-,-,-,newCaplScritsNrdmpBlce,"{""bsns_year"": ""2024"", ""corp_code"": ""00878915"", ""reprt_code"": ""11011""}",20250318000693,api_row,2026-08-31T15:41:06+09:00,000,run_20260831_152517_0442,raw/newCaplScritsNrdmpBlce/00878915_2024_11011.json,f81b9dee96ce76fb0e956cb453327079a50c1af005f91a8a987de4bfa8de46d8,0
iM금융지주,지주,지주,00878915,iM금융지주,2024,11011,사업보고서,IFRS17,Y,"보고서 사업연도 >= 2023 이면 IFRS17, 아니면 IFRS4",미상환잔액,사모,"295,000,000,000",2024-12-31,api,-,-,-,-,"295,000,000,000",-,-,newCaplScritsNrdmpBlce,"{""bsns_year"": ""2024"", ""corp_code"": ""00878915"", ""reprt_code"": ""11011""}",20250318000693,api_row,2026-08-31T15:41:06+09:00,000,run_20260831_152517_0442,raw/newCaplScritsNrdmpBlce/00878915_2024_11011.json,f81b9dee96ce76fb0e956cb453327079a50c1af005f91a8a987de4bfa8de46d8,0
iM금융지주,지주,지주,00878915,iM금융지주,2024,11011,사업보고서,IFRS17,Y,"보고서 사업연도 >= 2023 이면 IFRS17, 아니면 IFRS4",미상환잔액,합계,"295,000,000,000",2024-12-31,api,-,-,-,-,"295,000,000,000",-,-,newCaplScritsNrdmpBlce,"{""bsns_year"": ""2024"", ""corp_code"": ""00878915"", ""reprt_code"": ""11011""}",20250318000693,api_row,2026-08-31T15:41:06+09:00,000,run_20260831_152517_0442,raw/newCaplScritsNrdmpBlce/00878915_2024_11011.json,f81b9dee96ce76fb0e956cb453327079a50c1af005f91a8a987de4bfa8de46d8,0
iM금융지주,지주,지주,00878915,iM금융지주,2025,11011,사업보고서,IFRS17,Y,"보고서 사업연도 >= 2023 이면 IFRS17, 아니면 IFRS4",미상환잔액,공모,-,2025-12-31,api,-,-,-,-,-,-,-,newCaplScritsNrdmpBlce,"{""bsns_year"": ""2025"", ""corp_code"": ""00878915"", ""reprt_code"": ""11011""}",20260515000720,api_row,2026-08-31T15:41:35+09:00,000,run_20260831_152517_0451,raw/newCaplScritsNrdmpBlce/00878915_2025_11011.json,485765c55a7ef143db45da409bfc7aef5aa6a66468f1cf9bbe2f2fa3c692b9e0,0
iM금융지주,지주,지주,00878915,iM금융지주,2025,11011,사업보고서,IFRS17,Y,"보고서 사업연도 >= 2023 이면 IFRS17, 아니면 IFRS4",미상환잔액,사모,"495,000,000,000",2025-12-31,api,-,-,-,-,"495,000,000,000",-,-,newCaplScritsNrdmpBlce,"{""bsns_year"": ""2025"", ""corp_code"": ""00878915"", ""reprt_code"": ""11011""}",20260515000720,api_row,2026-08-31T15:41:35+09:00,000,run_20260831_152517_0451,raw/newCaplScritsNrdmpBlce/00878915_2025_11011.json,485765c55a7ef143db45da409bfc7aef5aa6a66468f1cf9bbe2f2fa3c692b9e0,0
iM금융지주,지주,지주,00878915,iM금융지주,2025,11011,사업보고서,IFRS17,Y,"보고서 사업연도 >= 2023 이면 IFRS17, 아니면 IFRS4",미상환잔액,합계,"495,000,000,000",2025-12-31,api,-,-,-,-,"495,000,000,000",-,-,newCaplScritsNrdmpBlce,"{""bsns_year"": ""2025"", ""corp_code"": ""00878915"", ""reprt_code"": ""11011""}",20260515000720,api_row,2026-08-31T15:41:35+09:00,000,run_20260831_152517_0451,raw/newCaplScritsNrdmpBlce/00878915_2025_11011.json,485765c55a7ef143db45da409bfc7aef5aa6a66468f1cf9bbe2f2fa3c692b9e0,0
iM금융지주,지주,지주,00878915,iM금융지주,2025,11012,반기보고서,IFRS17,Y,"보고서 사업연도 >= 2023 이면 IFRS17, 아니면 IFRS4",미상환잔액,공모,-,2025-06-30,api,-,-,-,-,-,-,-,newCaplScritsNrdmpBlce,"{""bsns_year"": ""2025"", ""corp_code"": ""00878915"", ""reprt_code"": ""11012""}",20250814003270,api_row,2026-08-31T15:42:03+09:00,000,run_20260831_152517_0460,raw/newCaplScritsNrdmpBlce/00878915_2025_11012.json,e1a4878f07979431a127f4018ac6ba8f89753118c4a692e801d90bce23b05292,0
iM금융지주,지주,지주,00878915,iM금융지주,2025,11012,반기보고서,IFRS17,Y,"보고서 사업연도 >= 2023 이면 IFRS17, 아니면 IFRS4",미상환잔액,사모,"295,000,000,000",2025-06-30,api,-,-,-,-,"295,000,000,000",-,-,newCaplScritsNrdmpBlce,"{""bsns_year"": ""2025"", ""corp_code"": ""00878915"", ""reprt_code"": ""11012""}",20250814003270,api_row,2026-08-31T15:42:03+09:00,000,run_20260831_152517_0460,raw/newCaplScritsNrdmpBlce/00878915_2025_11012.json,e1a4878f07979431a127f4018ac6ba8f89753118c4a692e801d90bce23b05292,0
iM금융지주,지주,지주,00878915,iM금융지주,2025,11012,반기보고서,IFRS17,Y,"보고서 사업연도 >= 2023 이면 IFRS17, 아니면 IFRS4",미상환잔액,합계,"295,000,000,000",2025-06-30,api,-,-,-,-,"295,000,000,000",-,-,newCaplScritsNrdmpBlce,"{""bsns_year"": ""2025"", ""corp_code"": ""00878915"", ""reprt_code"": ""11012""}",20250814003270,api_row,2026-08-31T15:42:03+09:00,000,run_20260831_152517_0460,raw/newCaplScritsNrdmpBlce/00878915_2025_11012.json,e1a4878f07979431a127f4018ac6ba8f89753118c4a692e801d90bce23b05292,0
iM금융지주,지주,지주,00878915,iM금융지주,2026,11012,반기보고서,IFRS17,Y,"보고서 사업연도 >= 2023 이면 IFRS17, 아니면 IFRS4",미상환잔액,공모,-,2026-06-30,api,-,-,-,-,-,-,-,newCaplScritsNrdmpBlce,"{""bsns_year"": ""2026"", ""corp_code"": ""00878915"", ""reprt_code"": ""11012""}",20260814003948,api_row,2026-08-31T15:42:29+09:00,000,run_20260831_152517_0469,raw/newCaplScritsNrdmpBlce/00878915_2026_11012.json,e8c0b85c9339200f032cc97c21a45de8c1e0b81aa57c27c0483a261ecc29b93b,0
iM금융지주,지주,지주,00878915,iM금융지주,2026,11012,반기보고서,IFRS17,Y,"보고서 사업연도 >= 2023 이면 IFRS17, 아니면 IFRS4",미상환잔액,사모,"495,000,000,000",2026-06-30,api,-,-,-,-,"495,000,000,000",-,-,newCaplScritsNrdmpBlce,"{""bsns_year"": ""2026"", ""corp_code"": ""00878915"", ""reprt_code"": ""11012""}",20260814003948,api_row,2026-08-31T15:42:29+09:00,000,run_20260831_152517_0469,raw/newCaplScritsNrdmpBlce/00878915_2026_11012.json,e8c0b85c9339200f032cc97c21a45de8c1e0b81aa57c27c0483a261ecc29b93b,0
iM금융지주,지주,지주,00878915,iM금융지주,2026,11012,반기보고서,IFRS17,Y,"보고서 사업연도 >= 2023 이면 IFRS17, 아니면 IFRS4",미상환잔액,합계,"495,000,000,000",2026-06-30,api,-,-,-,-,"495,000,000,000",-,-,newCaplScritsNrdmpBlce,"{""bsns_year"": ""2026"", ""corp_code"": ""00878915"", ""reprt_code"": ""11012""}",20260814003948,api_row,2026-08-31T15:42:29+09:00,000,run_20260831_152517_0469,raw/newCaplScritsNrdmpBlce/00878915_2026_11012.json,e8c0b85c9339200f032cc97c21a45de8c1e0b81aa57c27c0483a261ecc29b93b,0
동양생명보험,생보,보험자회사,00117267,동양생명보험,2021,11011,사업보고서,IFRS4,E,"보고서 사업연도 >= 2023 이면 IFRS17, 아니면 IFRS4",미상환잔액,공모,"348,180,000,000",2021-12-31,api,-,-,-,-,"348,180,000,000",-,-,newCaplScritsNrdmpBlce,"{""bsns_year"": ""2021"", ""corp_code"": ""00117267"", ""reprt_code"": ""11011""}",20220323001093,api_row,2026-08-31T15:50:35+09:00,000,run_20260831_152517_0676,raw/newCaplScritsNrdmpBlce/00117267_2021_11011.json,7190f5ba4b47b987119bec2d2c21ea54d087a7c02c41006e702117cf77143faa,0
동양생명보험,생보,보험자회사,00117267,동양생명보험,2021,11011,사업보고서,IFRS4,E,"보고서 사업연도 >= 2023 이면 IFRS17, 아니면 IFRS4",미상환잔액,사모,-,2021-12-31,api,-,-,-,-,-,-,-,newCaplScritsNrdmpBlce,"{""bsns_year"": ""2021"", ""corp_code"": ""00117267"", ""reprt_code"": ""11011""}",20220323001093,api_row,2026-08-31T15:50:35+09:00,000,run_20260831_152517_0676,raw/newCaplScritsNrdmpBlce/00117267_2021_11011.json,7190f5ba4b47b987119bec2d2c21ea54d087a7c02c41006e702117cf77143faa,0
동양생명보험,생보,보험자회사,00117267,동양생명보험,2021,11011,사업보고서,IFRS4,E,"보고서 사업연도 >= 2023 이면 IFRS17, 아니면 IFRS4",미상환잔액,합계,"348,180,000,000",2021-12-31,api,-,-,-,-,"348,180,000,000",-,-,newCaplScritsNrdmpBlce,"{""bsns_year"": ""2021"", ""corp_code"": ""00117267"", ""reprt_code"": ""11011""}",20220323001093,api_row,2026-08-31T15:50:35+09:00,000,run_20260831_152517_0676,raw/newCaplScritsNrdmpBlce/00117267_2021_11011.json,7190f5ba4b47b987119bec2d2c21ea54d087a7c02c41006e702117cf77143faa,0
동양생명보험,생보,보험자회사,00117267,동양생명보험,2022,11011,사업보고서,IFRS4,E,"보고서 사업연도 >= 2023 이면 IFRS17, 아니면 IFRS4",미상환잔액,공모,"348,180,000,000",2022-12-31,api,-,-,-,-,"348,180,000,000",-,-,newCaplScritsNrdmpBlce,"{""bsns_year"": ""2022"", ""corp_code"": ""00117267"", ""reprt_code"": ""11011""}",20230322001102,api_row,2026-08-31T15:50:50+09:00,000,run_20260831_152517_0685,raw/newCaplScritsNrdmpBlce/00117267_2022_11011.json,f806e7fc48c9256955a1b76fce8b3c1022e80a2844f6d5aac176d9ae030109d7,0
동양생명보험,생보,보험자회사,00117267,동양생명보험,2022,11011,사업보고서,IFRS4,E,"보고서 사업연도 >= 2023 이면 IFRS17, 아니면 IFRS4",미상환잔액,사모,-,2022-12-31,api,-,-,-,-,-,-,-,newCaplScritsNrdmpBlce,"{""bsns_year"": ""2022"", ""corp_code"": ""00117267"", ""reprt_code"": ""11011""}",20230322001102,api_row,2026-08-31T15:50:50+09:00,000,run_20260831_152517_0685,raw/newCaplScritsNrdmpBlce/00117267_2022_11011.json,f806e7fc48c9256955a1b76fce8b3c1022e80a2844f6d5aac176d9ae030109d7,0
동양생명보험,생보,보험자회사,00117267,동양생명보험,2022,11011,사업보고서,IFRS4,E,"보고서 사업연도 >= 2023 이면 IFRS17, 아니면 IFRS4",미상환잔액,합계,"348,180,000,000",2022-12-31,api,-,-,-,-,"348,180,000,000",-,-,newCaplScritsNrdmpBlce,"{""bsns_year"": ""2022"", ""corp_code"": ""00117267"", ""reprt_code"": ""11011""}",20230322001102,api_row,2026-08-31T15:50:50+09:00,000,run_20260831_152517_0685,raw/newCaplScritsNrdmpBlce/00117267_2022_11011.json,f806e7fc48c9256955a1b76fce8b3c1022e80a2844f6d5aac176d9ae030109d7,0
동양생명보험,생보,보험자회사,00117267,동양생명보험,2023,11011,사업보고서,IFRS17,E,"보고서 사업연도 >= 2023 이면 IFRS17, 아니면 IFRS4",미상환잔액,공모,"348,180,000,000",2023-12-31,api,-,-,-,-,"348,180,000,000",-,-,newCaplScritsNrdmpBlce,"{""bsns_year"": ""2023"", ""corp_code"": ""00117267"", ""reprt_code"": ""11011""}",20240430000184,api_row,2026-08-31T15:51:04+09:00,000,run_20260831_152517_0694,raw/newCaplScritsNrdmpBlce/00117267_2023_11011.json,144de833ce55d7b30b46aa095a3dbdb6ee6fc37295ac3a5b0bf32b4619869697,0
동양생명보험,생보,보험자회사,00117267,동양생명보험,2023,11011,사업보고서,IFRS17,E,"보고서 사업연도 >= 2023 이면 IFRS17, 아니면 IFRS4",미상환잔액,사모,-,2023-12-31,api,-,-,-,-,-,-,-,newCaplScritsNrdmpBlce,"{""bsns_year"": ""2023"", ""corp_code"": ""00117267"", ""reprt_code"": ""11011""}",20240430000184,api_row,2026-08-31T15:51:04+09:00,000,run_20260831_152517_0694,raw/newCaplScritsNrdmpBlce/00117267_2023_11011.json,144de833ce55d7b30b46aa095a3dbdb6ee6fc37295ac3a5b0bf32b4619869697,0
동양생명보험,생보,보험자회사,00117267,동양생명보험,2023,11011,사업보고서,IFRS17,E,"보고서 사업연도 >= 2023 이면 IFRS17, 아니면 IFRS4",미상환잔액,합계,"348,180,000,000",2023-12-31,api,-,-,-,-,"348,180,000,000",-,-,newCaplScritsNrdmpBlce,"{""bsns_year"": ""2023"", ""corp_code"": ""00117267"", ""reprt_code"": ""11011""}",20240430000184,api_row,2026-08-31T15:51:04+09:00,000,run_20260831_152517_0694,raw/newCaplScritsNrdmpBlce/00117267_2023_11011.json,144de833ce55d7b30b46aa095a3dbdb6ee6fc37295ac3a5b0bf32b4619869697,0
동양생명보험,생보,보험자회사,00117267,동양생명보험,2024,11011,사업보고서,IFRS17,E,"보고서 사업연도 >= 2023 이면 IFRS17, 아니면 IFRS4",미상환잔액,공모,"348,180,000,000",2024-12-31,api,-,-,-,-,"348,180,000,000",-,-,newCaplScritsNrdmpBlce,"{""bsns_year"": ""2024"", ""corp_code"": ""00117267"", ""reprt_code"": ""11011""}",20250331000321,api_row,2026-08-31T15:51:32+09:00,000,run_20260831_152517_0703,raw/newCaplScritsNrdmpBlce/00117267_2024_11011.json,cbf31df04b3e895bd5e38c5ad317ad55ab7c5c348d4ebc975a84fa17f4614db5,0
동양생명보험,생보,보험자회사,00117267,동양생명보험,2024,11011,사업보고서,IFRS17,E,"보고서 사업연도 >= 2023 이면 IFRS17, 아니면 IFRS4",미상환잔액,사모,-,2024-12-31,api,-,-,-,-,-,-,-,newCaplScritsNrdmpBlce,"{""bsns_year"": ""2024"", ""corp_code"": ""00117267"", ""reprt_code"": ""11011""}",20250331000321,api_row,2026-08-31T15:51:32+09:00,000,run_20260831_152517_0703,raw/newCaplScritsNrdmpBlce/00117267_2024_11011.json,cbf31df04b3e895bd5e38c5ad317ad55ab7c5c348d4ebc975a84fa17f4614db5,0
동양생명보험,생보,보험자회사,00117267,동양생명보험,2024,11011,사업보고서,IFRS17,E,"보고서 사업연도 >= 2023 이면 IFRS17, 아니면 IFRS4",미상환잔액,합계,"348,180,000,000",2024-12-31,api,-,-,-,-,"348,180,000,000",-,-,newCaplScritsNrdmpBlce,"{""bsns_year"": ""2024"", ""corp_code"": ""00117267"", ""reprt_code"": ""11011""}",20250331000321,api_row,2026-08-31T15:51:32+09:00,000,run_20260831_152517_0703,raw/newCaplScritsNrdmpBlce/00117267_2024_11011.json,cbf31df04b3e895bd5e38c5ad317ad55ab7c5c348d4ebc975a84fa17f4614db5,0
동양생명보험,생보,보험자회사,00117267,동양생명보험,2025,11011,사업보고서,IFRS17,E,"보고서 사업연도 >= 2023 이면 IFRS17, 아니면 IFRS4",미상환잔액,공모,-,2025-12-31,api,-,-,-,-,-,-,-,newCaplScritsNrdmpBlce,"{""bsns_year"": ""2025"", ""corp_code"": ""00117267"", ""reprt_code"": ""11011""}",20260331004234,api_row,2026-08-31T15:51:44+09:00,000,run_20260831_152517_0710,raw/newCaplScritsNrdmpBlce/00117267_2025_11011.json,addef584c0385210e09b12477f241c02609f23d7ce71b43e6aafff3da286a557,0
동양생명보험,생보,보험자회사,00117267,동양생명보험,2025,11011,사업보고서,IFRS17,E,"보고서 사업연도 >= 2023 이면 IFRS17, 아니면 IFRS4",미상환잔액,사모,-,2025-12-31,api,-,-,-,-,-,-,-,newCaplScritsNrdmpBlce,"{""bsns_year"": ""2025"", ""corp_code"": ""00117267"", ""reprt_code"": ""11011""}",20260331004234,api_row,2026-08-31T15:51:44+09:00,000,run_20260831_152517_0710,raw/newCaplScritsNrdmpBlce/00117267_2025_11011.json,addef584c0385210e09b12477f241c02609f23d7ce71b43e6aafff3da286a557,0
동양생명보험,생보,보험자회사,00117267,동양생명보험,2025,11011,사업보고서,IFRS17,E,"보고서 사업연도 >= 2023 이면 IFRS17, 아니면 IFRS4",미상환잔액,합계,-,2025-12-31,api,-,-,-,-,-,-,-,newCaplScritsNrdmpBlce,"{""bsns_year"": ""2025"", ""corp_code"": ""00117267"", ""reprt_code"": ""11011""}",20260331004234,api_row,2026-08-31T15:51:44+09:00,000,run_20260831_152517_0710,raw/newCaplScritsNrdmpBlce/00117267_2025_11011.json,addef584c0385210e09b12477f241c02609f23d7ce71b43e6aafff3da286a557,0
동양생명보험,생보,보험자회사,00117267,동양생명보험,2025,11012,반기보고서,IFRS17,E,"보고서 사업연도 >= 2023 이면 IFRS17, 아니면 IFRS4",미상환잔액,공모,"348,180,000,000",2025-06-30,api,-,-,-,-,"348,180,000,000",-,-,newCaplScritsNrdmpBlce,"{""bsns_year"": ""2025"", ""corp_code"": ""00117267"", ""reprt_code"": ""11012""}",20251114001680,api_row,2026-08-31T15:52:17+09:00,000,run_20260831_152517_0719,raw/newCaplScritsNrdmpBlce/00117267_2025_11012.json,dd848a31a56beb8d5c5be6a1eb27f3cffb47effd89b835802b9b09b5a9e8cb05,0
동양생명보험,생보,보험자회사,00117267,동양생명보험,2025,11012,반기보고서,IFRS17,E,"보고서 사업연도 >= 2023 이면 IFRS17, 아니면 IFRS4",미상환잔액,사모,0,2025-06-30,api,-,-,-,-,-,-,-,newCaplScritsNrdmpBlce,"{""bsns_year"": ""2025"", ""corp_code"": ""00117267"", ""reprt_code"": ""11012""}",20251114001680,api_row,2026-08-31T15:52:17+09:00,000,run_20260831_152517_0719,raw/newCaplScritsNrdmpBlce/00117267_2025_11012.json,dd848a31a56beb8d5c5be6a1eb27f3cffb47effd89b835802b9b09b5a9e8cb05,0
동양생명보험,생보,보험자회사,00117267,동양생명보험,2025,11012,반기보고서,IFRS17,E,"보고서 사업연도 >= 2023 이면 IFRS17, 아니면 IFRS4",미상환잔액,합계,"348,180,000,000",2025-06-30,api,0,0,0,0,"348,180,000,000",0,0,newCaplScritsNrdmpBlce,"{""bsns_year"": ""2025"", ""corp_code"": ""00117267"", ""reprt_code"": ""11012""}",20251114001680,api_row,2026-08-31T15:52:17+09:00,000,run_20260831_152517_0719,raw/newCaplScritsNrdmpBlce/00117267_2025_11012.json,dd848a31a56beb8d5c5be6a1eb27f3cffb47effd89b835802b9b09b5a9e8cb05,0
동양생명보험,생보,보험자회사,00117267,동양생명보험,2026,11012,반기보고서,IFRS17,E,"보고서 사업연도 >= 2023 이면 IFRS17, 아니면 IFRS4",미상환잔액,공모,-,2026-06-30,api,-,-,-,-,-,-,-,newCaplScritsNrdmpBlce,"{""bsns_year"": ""2026"", ""corp_code"": ""00117267"", ""reprt_code"": ""11012""}",20260831001171,api_row,2026-08-31T15:52:44+09:00,000,run_20260831_152517_0728,raw/newCaplScritsNrdmpBlce/00117267_2026_11012.json,1fb78030497b934a18005121c7056a54708d0ccd41742d53846fafd47466eec4,0
동양생명보험,생보,보험자회사,00117267,동양생명보험,2026,11012,반기보고서,IFRS17,E,"보고서 사업연도 >= 2023 이면 IFRS17, 아니면 IFRS4",미상환잔액,사모,-,2026-06-30,api,-,-,-,-,-,-,-,newCaplScritsNrdmpBlce,"{""bsns_year"": ""2026"", ""corp_code"": ""00117267"", ""reprt_code"": ""11012""}",20260831001171,api_row,2026-08-31T15:52:44+09:00,000,run_20260831_152517_0728,raw/newCaplScritsNrdmpBlce/00117267_2026_11012.json,1fb78030497b934a18005121c7056a54708d0ccd41742d53846fafd47466eec4,0
동양생명보험,생보,보험자회사,00117267,동양생명보험,2026,11012,반기보고서,IFRS17,E,"보고서 사업연도 >= 2023 이면 IFRS17, 아니면 IFRS4",미상환잔액,합계,-,2026-06-30,api,-,-,-,-,-,-,-,newCaplScritsNrdmpBlce,"{""bsns_year"": ""2026"", ""corp_code"": ""00117267"", ""reprt_code"": ""11012""}",20260831001171,api_row,2026-08-31T15:52:44+09:00,000,run_20260831_152517_0728,raw/newCaplScritsNrdmpBlce/00117267_2026_11012.json,1fb78030497b934a18005121c7056a54708d0ccd41742d53846fafd47466eec4,0
신한라이프생명보험,생보,보험자회사,00137517,신한라이프생명보험,2021,11011,사업보고서,IFRS4,E,"보고서 사업연도 >= 2023 이면 IFRS17, 아니면 IFRS4",미상환잔액,공모,"300,000,000,000",2021-12-31,api,-,-,-,-,"300,000,000,000",-,-,newCaplScritsNrdmpBlce,"{""bsns_year"": ""2021"", ""corp_code"": ""00137517"", ""reprt_code"": ""11011""}",20220331002124,api_row,2026-08-31T15:56:18+09:00,000,run_20260831_152517_0799,raw/newCaplScritsNrdmpBlce/00137517_2021_11011.json,68de611b599dafeb89bac84c025f7ff6525d373339e086f14ef86c2c46ab6bb0,0
신한라이프생명보험,생보,보험자회사,00137517,신한라이프생명보험,2021,11011,사업보고서,IFRS4,E,"보고서 사업연도 >= 2023 이면 IFRS17, 아니면 IFRS4",미상환잔액,사모,-,2021-12-31,api,-,-,-,-,-,-,-,newCaplScritsNrdmpBlce,"{""bsns_year"": ""2021"", ""corp_code"": ""00137517"", ""reprt_code"": ""11011""}",20220331002124,api_row,2026-08-31T15:56:18+09:00,000,run_20260831_152517_0799,raw/newCaplScritsNrdmpBlce/00137517_2021_11011.json,68de611b599dafeb89bac84c025f7ff6525d373339e086f14ef86c2c46ab6bb0,0
신한라이프생명보험,생보,보험자회사,00137517,신한라이프생명보험,2021,11011,사업보고서,IFRS4,E,"보고서 사업연도 >= 2023 이면 IFRS17, 아니면 IFRS4",미상환잔액,합계,"300,000,000,000",2021-12-31,api,-,-,-,-,"300,000,000,000",-,-,newCaplScritsNrdmpBlce,"{""bsns_year"": ""2021"", ""corp_code"": ""00137517"", ""reprt_code"": ""11011""}",20220331002124,api_row,2026-08-31T15:56:18+09:00,000,run_20260831_152517_0799,raw/newCaplScritsNrdmpBlce/00137517_2021_11011.json,68de611b599dafeb89bac84c025f7ff6525d373339e086f14ef86c2c46ab6bb0,0
신한라이프생명보험,생보,보험자회사,00137517,신한라이프생명보험,2022,11011,사업보고서,IFRS4,E,"보고서 사업연도 >= 2023 이면 IFRS17, 아니면 IFRS4",미상환잔액,공모,"300,000,000,000",2022-12-31,api,-,-,-,-,"300,000,000,000",-,-,newCaplScritsNrdmpBlce,"{""bsns_year"": ""2022"", ""corp_code"": ""00137517"", ""reprt_code"": ""11011""}",20230315001232,api_row,2026-08-31T15:56:31+09:00,000,run_20260831_152517_0808,raw/newCaplScritsNrdmpBlce/00137517_2022_11011.json,acc0903265621c312881f375461d56d6251e93ab40301c2643fa7b1d264cccc5,0
신한라이프생명보험,생보,보험자회사,00137517,신한라이프생명보험,2022,11011,사업보고서,IFRS4,E,"보고서 사업연도 >= 2023 이면 IFRS17, 아니면 IFRS4",미상환잔액,사모,-,2022-12-31,api,-,-,-,-,-,-,-,newCaplScritsNrdmpBlce,"{""bsns_year"": ""2022"", ""corp_code"": ""00137517"", ""reprt_code"": ""11011""}",20230315001232,api_row,2026-08-31T15:56:31+09:00,000,run_20260831_152517_0808,raw/newCaplScritsNrdmpBlce/00137517_2022_11011.json,acc0903265621c312881f375461d56d6251e93ab40301c2643fa7b1d264cccc5,0
신한라이프생명보험,생보,보험자회사,00137517,신한라이프생명보험,2022,11011,사업보고서,IFRS4,E,"보고서 사업연도 >= 2023 이면 IFRS17, 아니면 IFRS4",미상환잔액,합계,"300,000,000,000",2022-12-31,api,-,-,-,-,"300,000,000,000",-,-,newCaplScritsNrdmpBlce,"{""bsns_year"": ""2022"", ""corp_code"": ""00137517"", ""reprt_code"": ""11011""}",20230315001232,api_row,2026-08-31T15:56:31+09:00,000,run_20260831_152517_0808,raw/newCaplScritsNrdmpBlce/00137517_2022_11011.json,acc0903265621c312881f375461d56d6251e93ab40301c2643fa7b1d264cccc5,0
신한라이프생명보험,생보,보험자회사,00137517,신한라이프생명보험,2023,11011,사업보고서,IFRS17,E,"보고서 사업연도 >= 2023 이면 IFRS17, 아니면 IFRS4",미상환잔액,공모,"300,000,000,000",2023-12-31,api,-,-,-,-,"300,000,000,000",-,-,newCaplScritsNrdmpBlce,"{""bsns_year"": ""2023"", ""corp_code"": ""00137517"", ""reprt_code"": ""11011""}",20240430001046,api_row,2026-08-31T15:56:45+09:00,000,run_20260831_152517_0817,raw/newCaplScritsNrdmpBlce/00137517_2023_11011.json,795352905a293e5cda2f7a976b78a7b867b6cd62052d1d0294fd20835de49a9b,0
신한라이프생명보험,생보,보험자회사,00137517,신한라이프생명보험,2023,11011,사업보고서,IFRS17,E,"보고서 사업연도 >= 2023 이면 IFRS17, 아니면 IFRS4",미상환잔액,사모,-,2023-12-31,api,-,-,-,-,-,-,-,newCaplScritsNrdmpBlce,"{""bsns_year"": ""2023"", ""corp_code"": ""00137517"", ""reprt_code"": ""11011""}",20240430001046,api_row,2026-08-31T15:56:45+09:00,000,run_20260831_152517_0817,raw/newCaplScritsNrdmpBlce/00137517_2023_11011.json,795352905a293e5cda2f7a976b78a7b867b6cd62052d1d0294fd20835de49a9b,0
신한라이프생명보험,생보,보험자회사,00137517,신한라이프생명보험,2023,11011,사업보고서,IFRS17,E,"보고서 사업연도 >= 2023 이면 IFRS17, 아니면 IFRS4",미상환잔액,합계,"300,000,000,000",2023-12-31,api,-,-,-,-,"300,000,000,000",-,-,newCaplScritsNrdmpBlce,"{""bsns_year"": ""2023"", ""corp_code"": ""00137517"", ""reprt_code"": ""11011""}",20240430001046,api_row,2026-08-31T15:56:45+09:00,000,run_20260831_152517_0817,raw/newCaplScritsNrdmpBlce/00137517_2023_11011.json,795352905a293e5cda2f7a976b78a7b867b6cd62052d1d0294fd20835de49a9b,0
신한라이프생명보험,생보,보험자회사,00137517,신한라이프생명보험,2024,11011,사업보고서,IFRS17,E,"보고서 사업연도 >= 2023 이면 IFRS17, 아니면 IFRS4",미상환잔액,공모,"300,000,000,000",2024-12-31,api,-,-,-,-,"300,000,000,000",-,-,newCaplScritsNrdmpBlce,"{""bsns_year"": ""2024"", ""corp_code"": ""00137517"", ""reprt_code"": ""11011""}",20250331002957,api_row,2026-08-31T15:57:23+09:00,000,run_20260831_152517_0826,raw/newCaplScritsNrdmpBlce/00137517_2024_11011.json,a767351f8dd6be4661a45662f770daf12d4de62c14417412edc691b7dc667ee8,0
신한라이프생명보험,생보,보험자회사,00137517,신한라이프생명보험,2024,11011,사업보고서,IFRS17,E,"보고서 사업연도 >= 2023 이면 IFRS17, 아니면 IFRS4",미상환잔액,사모,-,2024-12-31,api,-,-,-,-,-,-,-,newCaplScritsNrdmpBlce,"{""bsns_year"": ""2024"", ""corp_code"": ""00137517"", ""reprt_code"": ""11011""}",20250331002957,api_row,2026-08-31T15:57:23+09:00,000,run_20260831_152517_0826,raw/newCaplScritsNrdmpBlce/00137517_2024_11011.json,a767351f8dd6be4661a45662f770daf12d4de62c14417412edc691b7dc667ee8,0
신한라이프생명보험,생보,보험자회사,00137517,신한라이프생명보험,2024,11011,사업보고서,IFRS17,E,"보고서 사업연도 >= 2023 이면 IFRS17, 아니면 IFRS4",미상환잔액,합계,"300,000,000,000",2024-12-31,api,-,-,-,-,"300,000,000,000",-,-,newCaplScritsNrdmpBlce,"{""bsns_year"": ""2024"", ""corp_code"": ""00137517"", ""reprt_code"": ""11011""}",20250331002957,api_row,2026-08-31T15:57:23+09:00,000,run_20260831_152517_0826,raw/newCaplScritsNrdmpBlce/00137517_2024_11011.json,a767351f8dd6be4661a45662f770daf12d4de62c14417412edc691b7dc667ee8,0
신한라이프생명보험,생보,보험자회사,00137517,신한라이프생명보험,2025,11011,사업보고서,IFRS17,E,"보고서 사업연도 >= 2023 이면 IFRS17, 아니면 IFRS4",미상환잔액,공모,-,2025-12-31,api,-,-,-,-,-,-,-,newCaplScritsNrdmpBlce,"{""bsns_year"": ""2025"", ""corp_code"": ""00137517"", ""reprt_code"": ""11011""}",20260331004136,api_row,2026-08-31T15:57:42+09:00,000,run_20260831_152517_0834,raw/newCaplScritsNrdmpBlce/00137517_2025_11011.json,2744820e81776071bac32cbb58a3e9d24d646e4d4af4d1e10f7bc796ad145aa7,0
신한라이프생명보험,생보,보험자회사,00137517,신한라이프생명보험,2025,11011,사업보고서,IFRS17,E,"보고서 사업연도 >= 2023 이면 IFRS17, 아니면 IFRS4",미상환잔액,사모,-,2025-12-31,api,-,-,-,-,-,-,-,newCaplScritsNrdmpBlce,"{""bsns_year"": ""2025"", ""corp_code"": ""00137517"", ""reprt_code"": ""11011""}",20260331004136,api_row,2026-08-31T15:57:42+09:00,000,run_20260831_152517_0834,raw/newCaplScritsNrdmpBlce/00137517_2025_11011.json,2744820e81776071bac32cbb58a3e9d24d646e4d4af4d1e10f7bc796ad145aa7,0
신한라이프생명보험,생보,보험자회사,00137517,신한라이프생명보험,2025,11011,사업보고서,IFRS17,E,"보고서 사업연도 >= 2023 이면 IFRS17, 아니면 IFRS4",미상환잔액,합계,-,2025-12-31,api,-,-,-,-,-,-,-,newCaplScritsNrdmpBlce,"{""bsns_year"": ""2025"", ""corp_code"": ""00137517"", ""reprt_code"": ""11011""}",20260331004136,api_row,2026-08-31T15:57:42+09:00,000,run_20260831_152517_0834,raw/newCaplScritsNrdmpBlce/00137517_2025_11011.json,2744820e81776071bac32cbb58a3e9d24d646e4d4af4d1e10f7bc796ad145aa7,0
신한라이프생명보험,생보,보험자회사,00137517,신한라이프생명보험,2025,11012,반기보고서,IFRS17,E,"보고서 사업연도 >= 2023 이면 IFRS17, 아니면 IFRS4",미상환잔액,공모,"300,000,000,000",2025-06-30,api,-,-,-,-,"300,000,000,000",-,-,newCaplScritsNrdmpBlce,"{""bsns_year"": ""2025"", ""corp_code"": ""00137517"", ""reprt_code"": ""11012""}",20250829002109,api_row,2026-08-31T15:58:12+09:00,000,run_20260831_152517_0843,raw/newCaplScritsNrdmpBlce/00137517_2025_11012.json,5993df01d67d550ea82f837e48e23027caa3ab7266e0348b78447ae06b9e6192,0
신한라이프생명보험,생보,보험자회사,00137517,신한라이프생명보험,2025,11012,반기보고서,IFRS17,E,"보고서 사업연도 >= 2023 이면 IFRS17, 아니면 IFRS4",미상환잔액,사모,-,2025-06-30,api,-,-,-,-,-,-,-,newCaplScritsNrdmpBlce,"{""bsns_year"": ""2025"", ""corp_code"": ""00137517"", ""reprt_code"": ""11012""}",20250829002109,api_row,2026-08-31T15:58:12+09:00,000,run_20260831_152517_0843,raw/newCaplScritsNrdmpBlce/00137517_2025_11012.json,5993df01d67d550ea82f837e48e23027caa3ab7266e0348b78447ae06b9e6192,0
신한라이프생명보험,생보,보험자회사,00137517,신한라이프생명보험,2025,11012,반기보고서,IFRS17,E,"보고서 사업연도 >= 2023 이면 IFRS17, 아니면 IFRS4",미상환잔액,합계,"300,000,000,000",2025-06-30,api,-,-,-,-,"300,000,000,000",-,-,newCaplScritsNrdmpBlce,"{""bsns_year"": ""2025"", ""corp_code"": ""00137517"", ""reprt_code"": ""11012""}",20250829002109,api_row,2026-08-31T15:58:12+09:00,000,run_20260831_152517_0843,raw/newCaplScritsNrdmpBlce/00137517_2025_11012.json,5993df01d67d550ea82f837e48e23027caa3ab7266e0348b78447ae06b9e6192,0
신한라이프생명보험,생보,보험자회사,00137517,신한라이프생명보험,2026,11012,반기보고서,IFRS17,E,"보고서 사업연도 >= 2023 이면 IFRS17, 아니면 IFRS4",미상환잔액,공모,-,2026-06-30,api,-,-,-,-,-,-,-,newCaplScritsNrdmpBlce,"{""bsns_year"": ""2026"", ""corp_code"": ""00137517"", ""reprt_code"": ""11012""}",20260814001090,api_row,2026-08-31T15:58:39+09:00,000,run_20260831_152517_0852,raw/newCaplScritsNrdmpBlce/00137517_2026_11012.json,a31a568d99789028685f576e4a2ce188a20dabd0fa6fa377121519d3ba197945,0
신한라이프생명보험,생보,보험자회사,00137517,신한라이프생명보험,2026,11012,반기보고서,IFRS17,E,"보고서 사업연도 >= 2023 이면 IFRS17, 아니면 IFRS4",미상환잔액,사모,-,2026-06-30,api,-,-,-,-,-,-,-,newCaplScritsNrdmpBlce,"{""bsns_year"": ""2026"", ""corp_code"": ""00137517"", ""reprt_code"": ""11012""}",20260814001090,api_row,2026-08-31T15:58:39+09:00,000,run_20260831_152517_0852,raw/newCaplScritsNrdmpBlce/00137517_2026_11012.json,a31a568d99789028685f576e4a2ce188a20dabd0fa6fa377121519d3ba197945,0
신한라이프생명보험,생보,보험자회사,00137517,신한라이프생명보험,2026,11012,반기보고서,IFRS17,E,"보고서 사업연도 >= 2023 이면 IFRS17, 아니면 IFRS4",미상환잔액,합계,-,2026-06-30,api,-,-,-,-,-,-,-,newCaplScritsNrdmpBlce,"{""bsns_year"": ""2026"", ""corp_code"": ""00137517"", ""reprt_code"": ""11012""}",20260814001090,api_row,2026-08-31T15:58:39+09:00,000,run_20260831_152517_0852,raw/newCaplScritsNrdmpBlce/00137517_2026_11012.json,a31a568d99789028685f576e4a2ce188a20dabd0fa6fa377121519d3ba197945,0
신한지주,지주,지주,00382199,신한지주,2015,11011,사업보고서,IFRS4,Y,"보고서 사업연도 >= 2023 이면 IFRS17, 아니면 IFRS4",미상환잔액,공모,"540,000,000,000",2015-12-31,api,-,-,-,-,"540,000,000,000",-,-,newCaplScritsNrdmpBlce,"{""bsns_year"": ""2015"", ""corp_code"": ""00382199"", ""reprt_code"": ""11011""}",20160401000272,api_row,2026-08-31T15:31:34+09:00,000,run_20260831_152517_0141,raw/newCaplScritsNrdmpBlce/00382199_2015_11011.json,2cb8ea29591bb62551247721c13c75d670e69fe1d7d9f400e39f2f3dc0c5652b,0
신한지주,지주,지주,00382199,신한지주,2015,11011,사업보고서,IFRS4,Y,"보고서 사업연도 >= 2023 이면 IFRS17, 아니면 IFRS4",미상환잔액,사모,-,2015-12-31,api,-,-,-,-,-,-,-,newCaplScritsNrdmpBlce,"{""bsns_year"": ""2015"", ""corp_code"": ""00382199"", ""reprt_code"": ""11011""}",20160401000272,api_row,2026-08-31T15:31:34+09:00,000,run_20260831_152517_0141,raw/newCaplScritsNrdmpBlce/00382199_2015_11011.json,2cb8ea29591bb62551247721c13c75d670e69fe1d7d9f400e39f2f3dc0c5652b,0
신한지주,지주,지주,00382199,신한지주,2015,11011,사업보고서,IFRS4,Y,"보고서 사업연도 >= 2023 이면 IFRS17, 아니면 IFRS4",미상환잔액,합계,"540,000,000,000",2015-12-31,api,-,-,-,-,"540,000,000,000",-,-,newCaplScritsNrdmpBlce,"{""bsns_year"": ""2015"", ""corp_code"": ""00382199"", ""reprt_code"": ""11011""}",20160401000272,api_row,2026-08-31T15:31:34+09:00,000,run_20260831_152517_0141,raw/newCaplScritsNrdmpBlce/00382199_2015_11011.json,2cb8ea29591bb62551247721c13c75d670e69fe1d7d9f400e39f2f3dc0c5652b,0
신한지주,지주,지주,00382199,신한지주,2016,11011,사업보고서,IFRS4,Y,"보고서 사업연도 >= 2023 이면 IFRS17, 아니면 IFRS4",미상환잔액,공모,"300,000,000,000",2016-12-31,api,-,-,-,-,"300,000,000,000",-,-,newCaplScritsNrdmpBlce,"{""bsns_year"": ""2016"", ""corp_code"": ""00382199"", ""reprt_code"": ""11011""}",20170331003963,api_row,2026-08-31T15:31:41+09:00,000,run_20260831_152517_0148,raw/newCaplScritsNrdmpBlce/00382199_2016_11011.json,b6a9a5f316129a8896ade34737230e5e163c996f6bf00309fbb24675613a8594,0
신한지주,지주,지주,00382199,신한지주,2016,11011,사업보고서,IFRS4,Y,"보고서 사업연도 >= 2023 이면 IFRS17, 아니면 IFRS4",미상환잔액,사모,-,2016-12-31,api,-,-,-,-,-,-,-,newCaplScritsNrdmpBlce,"{""bsns_year"": ""2016"", ""corp_code"": ""00382199"", ""reprt_code"": ""11011""}",20170331003963,api_row,2026-08-31T15:31:41+09:00,000,run_20260831_152517_0148,raw/newCaplScritsNrdmpBlce/00382199_2016_11011.json,b6a9a5f316129a8896ade34737230e5e163c996f6bf00309fbb24675613a8594,0
신한지주,지주,지주,00382199,신한지주,2016,11011,사업보고서,IFRS4,Y,"보고서 사업연도 >= 2023 이면 IFRS17, 아니면 IFRS4",미상환잔액,합계,"300,000,000,000",2016-12-31,api,-,-,-,-,"300,000,000,000",-,-,newCaplScritsNrdmpBlce,"{""bsns_year"": ""2016"", ""corp_code"": ""00382199"", ""reprt_code"": ""11011""}",20170331003963,api_row,2026-08-31T15:31:41+09:00,000,run_20260831_152517_0148,raw/newCaplScritsNrdmpBlce/00382199_2016_11011.json,b6a9a5f316129a8896ade34737230e5e163c996f6bf00309fbb24675613a8594,0
신한지주,지주,지주,00382199,신한지주,2017,11011,사업보고서,IFRS4,Y,"보고서 사업연도 >= 2023 이면 IFRS17, 아니면 IFRS4",미상환잔액,공모,-,2017-12-31,api,-,-,-,-,-,-,-,newCaplScritsNrdmpBlce,"{""bsns_year"": ""2017"", ""corp_code"": ""00382199"", ""reprt_code"": ""11011""}",20190705000433,api_row,2026-08-31T15:31:49+09:00,000,run_20260831_152517_0155,raw/newCaplScritsNrdmpBlce/00382199_2017_11011.json,036f5f547df4ff25f2e1596c357fd2985380f5b9aa683f31a8120603010d4e9d,0
신한지주,지주,지주,00382199,신한지주,2017,11011,사업보고서,IFRS4,Y,"보고서 사업연도 >= 2023 이면 IFRS17, 아니면 IFRS4",미상환잔액,사모,-,2017-12-31,api,-,-,-,-,-,-,-,newCaplScritsNrdmpBlce,"{""bsns_year"": ""2017"", ""corp_code"": ""00382199"", ""reprt_code"": ""11011""}",20190705000433,api_row,2026-08-31T15:31:49+09:00,000,run_20260831_152517_0155,raw/newCaplScritsNrdmpBlce/00382199_2017_11011.json,036f5f547df4ff25f2e1596c357fd2985380f5b9aa683f31a8120603010d4e9d,0
신한지주,지주,지주,00382199,신한지주,2017,11011,사업보고서,IFRS4,Y,"보고서 사업연도 >= 2023 이면 IFRS17, 아니면 IFRS4",미상환잔액,합계,-,2017-12-31,api,-,-,-,-,-,-,-,newCaplScritsNrdmpBlce,"{""bsns_year"": ""2017"", ""corp_code"": ""00382199"", ""reprt_code"": ""11011""}",20190705000433,api_row,2026-08-31T15:31:49+09:00,000,run_20260831_152517_0155,raw/newCaplScritsNrdmpBlce/00382199_2017_11011.json,036f5f547df4ff25f2e1596c357fd2985380f5b9aa683f31a8120603010d4e9d,0
신한지주,지주,지주,00382199,신한지주,2018,11011,사업보고서,IFRS4,Y,"보고서 사업연도 >= 2023 이면 IFRS17, 아니면 IFRS4",미상환잔액,공모,-,2018-12-31,api,-,-,-,-,-,-,-,newCaplScritsNrdmpBlce,"{""bsns_year"": ""2018"", ""corp_code"": ""00382199"", ""reprt_code"": ""11011""}",20190705000438,api_row,2026-08-31T15:31:57+09:00,000,run_20260831_152517_0162,raw/newCaplScritsNrdmpBlce/00382199_2018_11011.json,5b0d8fb62d678bd8012920516aeb16cd52d85a006c64ece5640980f1e3b52aef,0
신한지주,지주,지주,00382199,신한지주,2018,11011,사업보고서,IFRS4,Y,"보고서 사업연도 >= 2023 이면 IFRS17, 아니면 IFRS4",미상환잔액,사모,-,2018-12-31,api,-,-,-,-,-,-,-,newCaplScritsNrdmpBlce,"{""bsns_year"": ""2018"", ""corp_code"": ""00382199"", ""reprt_code"": ""11011""}",20190705000438,api_row,2026-08-31T15:31:57+09:00,000,run_20260831_152517_0162,raw/newCaplScritsNrdmpBlce/00382199_2018_11011.json,5b0d8fb62d678bd8012920516aeb16cd52d85a006c64ece5640980f1e3b52aef,0
신한지주,지주,지주,00382199,신한지주,2018,11011,사업보고서,IFRS4,Y,"보고서 사업연도 >= 2023 이면 IFRS17, 아니면 IFRS4",미상환잔액,합계,-,2018-12-31,api,-,-,-,-,-,-,-,newCaplScritsNrdmpBlce,"{""bsns_year"": ""2018"", ""corp_code"": ""00382199"", ""reprt_code"": ""11011""}",20190705000438,api_row,2026-08-31T15:31:57+09:00,000,run_20260831_152517_0162,raw/newCaplScritsNrdmpBlce/00382199_2018_11011.json,5b0d8fb62d678bd8012920516aeb16cd52d85a006c64ece5640980f1e3b52aef,0
신한지주,지주,지주,00382199,신한지주,2019,11011,사업보고서,IFRS4,Y,"보고서 사업연도 >= 2023 이면 IFRS17, 아니면 IFRS4",미상환잔액,공모,-,2019-12-31,api,-,-,-,-,-,-,-,newCaplScritsNrdmpBlce,"{""bsns_year"": ""2019"", ""corp_code"": ""00382199"", ""reprt_code"": ""11011""}",20200515002127,api_row,2026-08-31T15:32:08+09:00,000,run_20260831_152517_0171,raw/newCaplScritsNrdmpBlce/00382199_2019_11011.json,b470e78f351a844fadc60bfc1b8c85e875616bf034284d80eef1e6dddabd3668,0
신한지주,지주,지주,00382199,신한지주,2019,11011,사업보고서,IFRS4,Y,"보고서 사업연도 >= 2023 이면 IFRS17, 아니면 IFRS4",미상환잔액,사모,-,2019-12-31,api,-,-,-,-,-,-,-,newCaplScritsNrdmpBlce,"{""bsns_year"": ""2019"", ""corp_code"": ""00382199"", ""reprt_code"": ""11011""}",20200515002127,api_row,2026-08-31T15:32:08+09:00,000,run_20260831_152517_0171,raw/newCaplScritsNrdmpBlce/00382199_2019_11011.json,b470e78f351a844fadc60bfc1b8c85e875616bf034284d80eef1e6dddabd3668,0
신한지주,지주,지주,00382199,신한지주,2019,11011,사업보고서,IFRS4,Y,"보고서 사업연도 >= 2023 이면 IFRS17, 아니면 IFRS4",미상환잔액,합계,-,2019-12-31,api,-,-,-,-,-,-,-,newCaplScritsNrdmpBlce,"{""bsns_year"": ""2019"", ""corp_code"": ""00382199"", ""reprt_code"": ""11011""}",20200515002127,api_row,2026-08-31T15:32:08+09:00,000,run_20260831_152517_0171,raw/newCaplScritsNrdmpBlce/00382199_2019_11011.json,b470e78f351a844fadc60bfc1b8c85e875616bf034284d80eef1e6dddabd3668,0
신한지주,지주,지주,00382199,신한지주,2020,11011,사업보고서,IFRS4,Y,"보고서 사업연도 >= 2023 이면 IFRS17, 아니면 IFRS4",미상환잔액,공모,-,2020-12-31,api,-,-,-,-,-,-,-,newCaplScritsNrdmpBlce,"{""bsns_year"": ""2020"", ""corp_code"": ""00382199"", ""reprt_code"": ""11011""}",20210317001127,api_row,2026-08-31T15:32:19+09:00,000,run_20260831_152517_0180,raw/newCaplScritsNrdmpBlce/00382199_2020_11011.json,18f6586b41fd97d708eedcfd7802d989354ae0be4163a33ba4d8c29578fd58df,0
신한지주,지주,지주,00382199,신한지주,2020,11011,사업보고서,IFRS4,Y,"보고서 사업연도 >= 2023 이면 IFRS17, 아니면 IFRS4",미상환잔액,사모,-,2020-12-31,api,-,-,-,-,-,-,-,newCaplScritsNrdmpBlce,"{""bsns_year"": ""2020"", ""corp_code"": ""00382199"", ""reprt_code"": ""11011""}",20210317001127,api_row,2026-08-31T15:32:19+09:00,000,run_20260831_152517_0180,raw/newCaplScritsNrdmpBlce/00382199_2020_11011.json,18f6586b41fd97d708eedcfd7802d989354ae0be4163a33ba4d8c29578fd58df,0
신한지주,지주,지주,00382199,신한지주,2020,11011,사업보고서,IFRS4,Y,"보고서 사업연도 >= 2023 이면 IFRS17, 아니면 IFRS4",미상환잔액,합계,-,2020-12-31,api,-,-,-,-,-,-,-,newCaplScritsNrdmpBlce,"{""bsns_year"": ""2020"", ""corp_code"": ""00382199"", ""reprt_code"": ""11011""}",20210317001127,api_row,2026-08-31T15:32:19+09:00,000,run_20260831_152517_0180,raw/newCaplScritsNrdmpBlce/00382199_2020_11011.json,18f6586b41fd97d708eedcfd7802d989354ae0be4163a33ba4d8c29578fd58df,0
신한지주,지주,지주,00382199,신한지주,2021,11011,사업보고서,IFRS4,Y,"보고서 사업연도 >= 2023 이면 IFRS17, 아니면 IFRS4",미상환잔액,공모,-,2021-12-31,api,-,-,-,-,-,-,-,newCaplScritsNrdmpBlce,"{""bsns_year"": ""2021"", ""corp_code"": ""00382199"", ""reprt_code"": ""11011""}",20220316000748,api_row,2026-08-31T15:32:30+09:00,000,run_20260831_152517_0189,raw/newCaplScritsNrdmpBlce/00382199_2021_11011.json,e42ce16d84d88e6295408bb3627f16286d4d9c4121d31ec3b42ea5c0c70cf3a5,0
신한지주,지주,지주,00382199,신한지주,2021,11011,사업보고서,IFRS4,Y,"보고서 사업연도 >= 2023 이면 IFRS17, 아니면 IFRS4",미상환잔액,사모,-,2021-12-31,api,-,-,-,-,-,-,-,newCaplScritsNrdmpBlce,"{""bsns_year"": ""2021"", ""corp_code"": ""00382199"", ""reprt_code"": ""11011""}",20220316000748,api_row,2026-08-31T15:32:30+09:00,000,run_20260831_152517_0189,raw/newCaplScritsNrdmpBlce/00382199_2021_11011.json,e42ce16d84d88e6295408bb3627f16286d4d9c4121d31ec3b42ea5c0c70cf3a5,0
신한지주,지주,지주,00382199,신한지주,2021,11011,사업보고서,IFRS4,Y,"보고서 사업연도 >= 2023 이면 IFRS17, 아니면 IFRS4",미상환잔액,합계,-,2021-12-31,api,-,-,-,-,-,-,-,newCaplScritsNrdmpBlce,"{""bsns_year"": ""2021"", ""corp_code"": ""00382199"", ""reprt_code"": ""11011""}",20220316000748,api_row,2026-08-31T15:32:30+09:00,000,run_20260831_152517_0189,raw/newCaplScritsNrdmpBlce/00382199_2021_11011.json,e42ce16d84d88e6295408bb3627f16286d4d9c4121d31ec3b42ea5c0c70cf3a5,0
신한지주,지주,지주,00382199,신한지주,2022,11011,사업보고서,IFRS4,Y,"보고서 사업연도 >= 2023 이면 IFRS17, 아니면 IFRS4",미상환잔액,공모,-,2022-12-31,api,-,-,-,-,-,-,-,newCaplScritsNrdmpBlce,"{""bsns_year"": ""2022"", ""corp_code"": ""00382199"", ""reprt_code"": ""11011""}",20230315001015,api_row,2026-08-31T15:32:41+09:00,000,run_20260831_152517_0198,raw/newCaplScritsNrdmpBlce/00382199_2022_11011.json,58961f1d8fb939eff6dcaf19322648253adb554a56dc55e005ebaba991c5046a,0
신한지주,지주,지주,00382199,신한지주,2022,11011,사업보고서,IFRS4,Y,"보고서 사업연도 >= 2023 이면 IFRS17, 아니면 IFRS4",미상환잔액,사모,-,2022-12-31,api,-,-,-,-,-,-,-,newCaplScritsNrdmpBlce,"{""bsns_year"": ""2022"", ""corp_code"": ""00382199"", ""reprt_code"": ""11011""}",20230315001015,api_row,2026-08-31T15:32:41+09:00,000,run_20260831_152517_0198,raw/newCaplScritsNrdmpBlce/00382199_2022_11011.json,58961f1d8fb939eff6dcaf19322648253adb554a56dc55e005ebaba991c5046a,0
신한지주,지주,지주,00382199,신한지주,2022,11011,사업보고서,IFRS4,Y,"보고서 사업연도 >= 2023 이면 IFRS17, 아니면 IFRS4",미상환잔액,합계,-,2022-12-31,api,-,-,-,-,-,-,-,newCaplScritsNrdmpBlce,"{""bsns_year"": ""2022"", ""corp_code"": ""00382199"", ""reprt_code"": ""11011""}",20230315001015,api_row,2026-08-31T15:32:41+09:00,000,run_20260831_152517_0198,raw/newCaplScritsNrdmpBlce/00382199_2022_11011.json,58961f1d8fb939eff6dcaf19322648253adb554a56dc55e005ebaba991c5046a,0
신한지주,지주,지주,00382199,신한지주,2023,11011,사업보고서,IFRS17,Y,"보고서 사업연도 >= 2023 이면 IFRS17, 아니면 IFRS4",미상환잔액,공모,-,2023-12-31,api,-,-,-,-,-,-,-,newCaplScritsNrdmpBlce,"{""bsns_year"": ""2023"", ""corp_code"": ""00382199"", ""reprt_code"": ""11011""}",20240502000081,api_row,2026-08-31T15:32:52+09:00,000,run_20260831_152517_0207,raw/newCaplScritsNrdmpBlce/00382199_2023_11011.json,efb540b73b3afbcce3a7aab047d66041535cb58a56ec59ae43e5d2aef1b6b07e,0
신한지주,지주,지주,00382199,신한지주,2023,11011,사업보고서,IFRS17,Y,"보고서 사업연도 >= 2023 이면 IFRS17, 아니면 IFRS4",미상환잔액,사모,-,2023-12-31,api,-,-,-,-,-,-,-,newCaplScritsNrdmpBlce,"{""bsns_year"": ""2023"", ""corp_code"": ""00382199"", ""reprt_code"": ""11011""}",20240502000081,api_row,2026-08-31T15:32:52+09:00,000,run_20260831_152517_0207,raw/newCaplScritsNrdmpBlce/00382199_2023_11011.json,efb540b73b3afbcce3a7aab047d66041535cb58a56ec59ae43e5d2aef1b6b07e,0
신한지주,지주,지주,00382199,신한지주,2023,11011,사업보고서,IFRS17,Y,"보고서 사업연도 >= 2023 이면 IFRS17, 아니면 IFRS4",미상환잔액,합계,-,2023-12-31,api,-,-,-,-,-,-,-,newCaplScritsNrdmpBlce,"{""bsns_year"": ""2023"", ""corp_code"": ""00382199"", ""reprt_code"": ""11011""}",20240502000081,api_row,2026-08-31T15:32:52+09:00,000,run_20260831_152517_0207,raw/newCaplScritsNrdmpBlce/00382199_2023_11011.json,efb540b73b3afbcce3a7aab047d66041535cb58a56ec59ae43e5d2aef1b6b07e,0
신한지주,지주,지주,00382199,신한지주,2024,11011,사업보고서,IFRS17,Y,"보고서 사업연도 >= 2023 이면 IFRS17, 아니면 IFRS4",미상환잔액,공모,-,2024-12-31,api,-,-,-,-,-,-,-,newCaplScritsNrdmpBlce,"{""bsns_year"": ""2024"", ""corp_code"": ""00382199"", ""reprt_code"": ""11011""}",20250318000993,api_row,2026-08-31T15:33:28+09:00,000,run_20260831_152517_0216,raw/newCaplScritsNrdmpBlce/00382199_2024_11011.json,a7de7c69ca192a9729c2c5ed9c877c8d93502d15a05a0603c499e72e384e46f0,0
신한지주,지주,지주,00382199,신한지주,2024,11011,사업보고서,IFRS17,Y,"보고서 사업연도 >= 2023 이면 IFRS17, 아니면 IFRS4",미상환잔액,사모,-,2024-12-31,api,-,-,-,-,-,-,-,newCaplScritsNrdmpBlce,"{""bsns_year"": ""2024"", ""corp_code"": ""00382199"", ""reprt_code"": ""11011""}",20250318000993,api_row,2026-08-31T15:33:28+09:00,000,run_20260831_152517_0216,raw/newCaplScritsNrdmpBlce/00382199_2024_11011.json,a7de7c69ca192a9729c2c5ed9c877c8d93502d15a05a0603c499e72e384e46f0,0
신한지주,지주,지주,00382199,신한지주,2024,11011,사업보고서,IFRS17,Y,"보고서 사업연도 >= 2023 이면 IFRS17, 아니면 IFRS4",미상환잔액,합계,-,2024-12-31,api,-,-,-,-,-,-,-,newCaplScritsNrdmpBlce,"{""bsns_year"": ""2024"", ""corp_code"": ""00382199"", ""reprt_code"": ""11011""}",20250318000993,api_row,2026-08-31T15:33:28+09:00,000,run_20260831_152517_0216,raw/newCaplScritsNrdmpBlce/00382199_2024_11011.json,a7de7c69ca192a9729c2c5ed9c877c8d93502d15a05a0603c499e72e384e46f0,0
신한지주,지주,지주,00382199,신한지주,2025,11011,사업보고서,IFRS17,Y,"보고서 사업연도 >= 2023 이면 IFRS17, 아니면 IFRS4",미상환잔액,공모,-,2025-12-31,api,-,-,-,-,-,-,-,newCaplScritsNrdmpBlce,"{""bsns_year"": ""2025"", ""corp_code"": ""00382199"", ""reprt_code"": ""11011""}",20260318000826,api_row,2026-08-31T15:34:02+09:00,000,run_20260831_152517_0225,raw/newCaplScritsNrdmpBlce/00382199_2025_11011.json,b95a82270e5066800014819ad7fa936ee3c3c68a9e5aa254159e7415c049bd0c,0
신한지주,지주,지주,00382199,신한지주,2025,11011,사업보고서,IFRS17,Y,"보고서 사업연도 >= 2023 이면 IFRS17, 아니면 IFRS4",미상환잔액,사모,-,2025-12-31,api,-,-,-,-,-,-,-,newCaplScritsNrdmpBlce,"{""bsns_year"": ""2025"", ""corp_code"": ""00382199"", ""reprt_code"": ""11011""}",20260318000826,api_row,2026-08-31T15:34:02+09:00,000,run_20260831_152517_0225,raw/newCaplScritsNrdmpBlce/00382199_2025_11011.json,b95a82270e5066800014819ad7fa936ee3c3c68a9e5aa254159e7415c049bd0c,0
신한지주,지주,지주,00382199,신한지주,2025,11011,사업보고서,IFRS17,Y,"보고서 사업연도 >= 2023 이면 IFRS17, 아니면 IFRS4",미상환잔액,합계,-,2025-12-31,api,-,-,-,-,-,-,-,newCaplScritsNrdmpBlce,"{""bsns_year"": ""2025"", ""corp_code"": ""00382199"", ""reprt_code"": ""11011""}",20260318000826,api_row,2026-08-31T15:34:02+09:00,000,run_20260831_152517_0225,raw/newCaplScritsNrdmpBlce/00382199_2025_11011.json,b95a82270e5066800014819ad7fa936ee3c3c68a9e5aa254159e7415c049bd0c,0
신한지주,지주,지주,00382199,신한지주,2025,11012,반기보고서,IFRS17,Y,"보고서 사업연도 >= 2023 이면 IFRS17, 아니면 IFRS4",미상환잔액,공모,-,2025-06-30,api,-,-,-,-,-,-,-,newCaplScritsNrdmpBlce,"{""bsns_year"": ""2025"", ""corp_code"": ""00382199"", ""reprt_code"": ""11012""}",20250814002920,api_row,2026-08-31T15:34:35+09:00,000,run_20260831_152517_0234,raw/newCaplScritsNrdmpBlce/00382199_2025_11012.json,8fd9c2376f527c54e02e7d76c73b08c79bceebe4e2d8abf4f3776501b2d420ce,0
신한지주,지주,지주,00382199,신한지주,2025,11012,반기보고서,IFRS17,Y,"보고서 사업연도 >= 2023 이면 IFRS17, 아니면 IFRS4",미상환잔액,사모,-,2025-06-30,api,-,-,-,-,-,-,-,newCaplScritsNrdmpBlce,"{""bsns_year"": ""2025"", ""corp_code"": ""00382199"", ""reprt_code"": ""11012""}",20250814002920,api_row,2026-08-31T15:34:35+09:00,000,run_20260831_152517_0234,raw/newCaplScritsNrdmpBlce/00382199_2025_11012.json,8fd9c2376f527c54e02e7d76c73b08c79bceebe4e2d8abf4f3776501b2d420ce,0
신한지주,지주,지주,00382199,신한지주,2025,11012,반기보고서,IFRS17,Y,"보고서 사업연도 >= 2023 이면 IFRS17, 아니면 IFRS4",미상환잔액,합계,-,2025-06-30,api,-,-,-,-,-,-,-,newCaplScritsNrdmpBlce,"{""bsns_year"": ""2025"", ""corp_code"": ""00382199"", ""reprt_code"": ""11012""}",20250814002920,api_row,2026-08-31T15:34:35+09:00,000,run_20260831_152517_0234,raw/newCaplScritsNrdmpBlce/00382199_2025_11012.json,8fd9c2376f527c54e02e7d76c73b08c79bceebe4e2d8abf4f3776501b2d420ce,0
신한지주,지주,지주,00382199,신한지주,2026,11012,반기보고서,IFRS17,Y,"보고서 사업연도 >= 2023 이면 IFRS17, 아니면 IFRS4",미상환잔액,공모,-,2026-06-30,api,-,-,-,-,-,-,-,newCaplScritsNrdmpBlce,"{""bsns_year"": ""2026"", ""corp_code"": ""00382199"", ""reprt_code"": ""11012""}",20260814003306,api_row,2026-08-31T15:35:05+09:00,000,run_20260831_152517_0243,raw/newCaplScritsNrdmpBlce/00382199_2026_11012.json,8b9d48f04d5866360ae4bdc8c7cb805b1b9534c7475251517607d09f797f363f,0
신한지주,지주,지주,00382199,신한지주,2026,11012,반기보고서,IFRS17,Y,"보고서 사업연도 >= 2023 이면 IFRS17, 아니면 IFRS4",미상환잔액,사모,-,2026-06-30,api,-,-,-,-,-,-,-,newCaplScritsNrdmpBlce,"{""bsns_year"": ""2026"", ""corp_code"": ""00382199"", ""reprt_code"": ""11012""}",20260814003306,api_row,2026-08-31T15:35:05+09:00,000,run_20260831_152517_0243,raw/newCaplScritsNrdmpBlce/00382199_2026_11012.json,8b9d48f04d5866360ae4bdc8c7cb805b1b9534c7475251517607d09f797f363f,0
신한지주,지주,지주,00382199,신한지주,2026,11012,반기보고서,IFRS17,Y,"보고서 사업연도 >= 2023 이면 IFRS17, 아니면 IFRS4",미상환잔액,합계,-,2026-06-30,api,-,-,-,-,-,-,-,newCaplScritsNrdmpBlce,"{""bsns_year"": ""2026"", ""corp_code"": ""00382199"", ""reprt_code"": ""11012""}",20260814003306,api_row,2026-08-31T15:35:05+09:00,000,run_20260831_152517_0243,raw/newCaplScritsNrdmpBlce/00382199_2026_11012.json,8b9d48f04d5866360ae4bdc8c7cb805b1b9534c7475251517607d09f797f363f,0
오렌지라이프생명보험,생보,선행법인,00176792,오렌지라이프생명보험,2017,11011,사업보고서,IFRS4,E,"보고서 사업연도 >= 2023 이면 IFRS17, 아니면 IFRS4",미상환잔액,공모,-,2017-12-31,api,-,-,-,-,-,-,-,newCaplScritsNrdmpBlce,"{""bsns_year"": ""2017"", ""corp_code"": ""00176792"", ""reprt_code"": ""11011""}",20180330001804,api_row,2026-08-31T16:10:08+09:00,000,run_20260831_152517_1242,raw/newCaplScritsNrdmpBlce/00176792_2017_11011.json,da14d2589d60c488acd824fce8674197f2c453e3c1434f69316e3d68e54a1e7e,0
오렌지라이프생명보험,생보,선행법인,00176792,오렌지라이프생명보험,2017,11011,사업보고서,IFRS4,E,"보고서 사업연도 >= 2023 이면 IFRS17, 아니면 IFRS4",미상환잔액,사모,-,2017-12-31,api,-,-,-,-,-,-,-,newCaplScritsNrdmpBlce,"{""bsns_year"": ""2017"", ""corp_code"": ""00176792"", ""reprt_code"": ""11011""}",20180330001804,api_row,2026-08-31T16:10:08+09:00,000,run_20260831_152517_1242,raw/newCaplScritsNrdmpBlce/00176792_2017_11011.json,da14d2589d60c488acd824fce8674197f2c453e3c1434f69316e3d68e54a1e7e,0
오렌지라이프생명보험,생보,선행법인,00176792,오렌지라이프생명보험,2017,11011,사업보고서,IFRS4,E,"보고서 사업연도 >= 2023 이면 IFRS17, 아니면 IFRS4",미상환잔액,합계,-,2017-12-31,api,-,-,-,-,-,-,-,newCaplScritsNrdmpBlce,"{""bsns_year"": ""2017"", ""corp_code"": ""00176792"", ""reprt_code"": ""11011""}",20180330001804,api_row,2026-08-31T16:10:08+09:00,000,run_20260831_152517_1242,raw/newCaplScritsNrdmpBlce/00176792_2017_11011.json,da14d2589d60c488acd824fce8674197f2c453e3c1434f69316e3d68e54a1e7e,0
오렌지라이프생명보험,생보,선행법인,00176792,오렌지라이프생명보험,2018,11011,사업보고서,IFRS4,E,"보고서 사업연도 >= 2023 이면 IFRS17, 아니면 IFRS4",미상환잔액,공모,-,2018-12-31,api,-,-,-,-,-,-,-,newCaplScritsNrdmpBlce,"{""bsns_year"": ""2018"", ""corp_code"": ""00176792"", ""reprt_code"": ""11011""}",20190328001973,api_row,2026-08-31T16:10:18+09:00,000,run_20260831_152517_1251,raw/newCaplScritsNrdmpBlce/00176792_2018_11011.json,955e91e4c2f08608350c716a0575d9a43db1716d39981d111d76f991a9109200,0
오렌지라이프생명보험,생보,선행법인,00176792,오렌지라이프생명보험,2018,11011,사업보고서,IFRS4,E,"보고서 사업연도 >= 2023 이면 IFRS17, 아니면 IFRS4",미상환잔액,사모,-,2018-12-31,api,-,-,-,-,-,-,-,newCaplScritsNrdmpBlce,"{""bsns_year"": ""2018"", ""corp_code"": ""00176792"", ""reprt_code"": ""11011""}",20190328001973,api_row,2026-08-31T16:10:18+09:00,000,run_20260831_152517_1251,raw/newCaplScritsNrdmpBlce/00176792_2018_11011.json,955e91e4c2f08608350c716a0575d9a43db1716d39981d111d76f991a9109200,0
오렌지라이프생명보험,생보,선행법인,00176792,오렌지라이프생명보험,2018,11011,사업보고서,IFRS4,E,"보고서 사업연도 >= 2023 이면 IFRS17, 아니면 IFRS4",미상환잔액,합계,-,2018-12-31,api,-,-,-,-,-,-,-,newCaplScritsNrdmpBlce,"{""bsns_year"": ""2018"", ""corp_code"": ""00176792"", ""reprt_code"": ""11011""}",20190328001973,api_row,2026-08-31T16:10:18+09:00,000,run_20260831_152517_1251,raw/newCaplScritsNrdmpBlce/00176792_2018_11011.json,955e91e4c2f08608350c716a0575d9a43db1716d39981d111d76f991a9109200,0
오렌지라이프생명보험,생보,선행법인,00176792,오렌지라이프생명보험,2019,11011,사업보고서,IFRS4,E,"보고서 사업연도 >= 2023 이면 IFRS17, 아니면 IFRS4",미상환잔액,공모,-,2019-12-31,api,-,-,-,-,-,-,-,newCaplScritsNrdmpBlce,"{""bsns_year"": ""2019"", ""corp_code"": ""00176792"", ""reprt_code"": ""11011""}",20200330003387,api_row,2026-08-31T16:10:29+09:00,000,run_20260831_152517_1260,raw/newCaplScritsNrdmpBlce/00176792_2019_11011.json,b68781f764638ba9a67f6b4691f6576b3097a1f0c161a5677f287c0636594d20,0
오렌지라이프생명보험,생보,선행법인,00176792,오렌지라이프생명보험,2019,11011,사업보고서,IFRS4,E,"보고서 사업연도 >= 2023 이면 IFRS17, 아니면 IFRS4",미상환잔액,사모,-,2019-12-31,api,-,-,-,-,-,-,-,newCaplScritsNrdmpBlce,"{""bsns_year"": ""2019"", ""corp_code"": ""00176792"", ""reprt_code"": ""11011""}",20200330003387,api_row,2026-08-31T16:10:29+09:00,000,run_20260831_152517_1260,raw/newCaplScritsNrdmpBlce/00176792_2019_11011.json,b68781f764638ba9a67f6b4691f6576b3097a1f0c161a5677f287c0636594d20,0
오렌지라이프생명보험,생보,선행법인,00176792,오렌지라이프생명보험,2019,11011,사업보고서,IFRS4,E,"보고서 사업연도 >= 2023 이면 IFRS17, 아니면 IFRS4",미상환잔액,합계,-,2019-12-31,api,-,-,-,-,-,-,-,newCaplScritsNrdmpBlce,"{""bsns_year"": ""2019"", ""corp_code"": ""00176792"", ""reprt_code"": ""11011""}",20200330003387,api_row,2026-08-31T16:10:29+09:00,000,run_20260831_152517_1260,raw/newCaplScritsNrdmpBlce/00176792_2019_11011.json,b68781f764638ba9a67f6b4691f6576b3097a1f0c161a5677f287c0636594d20,0
오렌지라이프생명보험,생보,선행법인,00176792,오렌지라이프생명보험,2020,11011,사업보고서,IFRS4,E,"보고서 사업연도 >= 2023 이면 IFRS17, 아니면 IFRS4",미상환잔액,공모,-,2020-12-31,api,-,-,-,-,-,-,-,newCaplScritsNrdmpBlce,"{""bsns_year"": ""2020"", ""corp_code"": ""00176792"", ""reprt_code"": ""11011""}",20210330001517,api_row,2026-08-31T16:10:39+09:00,000,run_20260831_152517_1269,raw/newCaplScritsNrdmpBlce/00176792_2020_11011.json,ec725d95de155df14b8d7a0f6b256f6212455a0a7bff0af11b14a0bcf07c56be,0
오렌지라이프생명보험,생보,선행법인,00176792,오렌지라이프생명보험,2020,11011,사업보고서,IFRS4,E,"보고서 사업연도 >= 2023 이면 IFRS17, 아니면 IFRS4",미상환잔액,사모,-,2020-12-31,api,-,-,-,-,-,-,-,newCaplScritsNrdmpBlce,"{""bsns_year"": ""2020"", ""corp_code"": ""00176792"", ""reprt_code"": ""11011""}",20210330001517,api_row,2026-08-31T16:10:39+09:00,000,run_20260831_152517_1269,raw/newCaplScritsNrdmpBlce/00176792_2020_11011.json,ec725d95de155df14b8d7a0f6b256f6212455a0a7bff0af11b14a0bcf07c56be,0
오렌지라이프생명보험,생보,선행법인,00176792,오렌지라이프생명보험,2020,11011,사업보고서,IFRS4,E,"보고서 사업연도 >= 2023 이면 IFRS17, 아니면 IFRS4",미상환잔액,합계,-,2020-12-31,api,-,-,-,-,-,-,-,newCaplScritsNrdmpBlce,"{""bsns_year"": ""2020"", ""corp_code"": ""00176792"", ""reprt_code"": ""11011""}",20210330001517,api_row,2026-08-31T16:10:39+09:00,000,run_20260831_152517_1269,raw/newCaplScritsNrdmpBlce/00176792_2020_11011.json,ec725d95de155df14b8d7a0f6b256f6212455a0a7bff0af11b14a0bcf07c56be,0
우리금융지주,지주,지주,01350869,우리금융지주,2019,11011,사업보고서,IFRS4,Y,"보고서 사업연도 >= 2023 이면 IFRS17, 아니면 IFRS4",미상환잔액,공모,"700,000,000,000",2019-12-31,api,-,-,-,-,"700,000,000,000",-,-,newCaplScritsNrdmpBlce,"{""bsns_year"": ""2019"", ""corp_code"": ""01350869"", ""reprt_code"": ""11011""}",20200330004490,api_row,2026-08-31T15:42:55+09:00,000,run_20260831_152517_0478,raw/newCaplScritsNrdmpBlce/01350869_2019_11011.json,358ea227a2321cfc7c3712700244b958c06fb72872170221316eb63776807d96,0
우리금융지주,지주,지주,01350869,우리금융지주,2019,11011,사업보고서,IFRS4,Y,"보고서 사업연도 >= 2023 이면 IFRS17, 아니면 IFRS4",미상환잔액,사모,-,2019-12-31,api,-,-,-,-,-,-,-,newCaplScritsNrdmpBlce,"{""bsns_year"": ""2019"", ""corp_code"": ""01350869"", ""reprt_code"": ""11011""}",20200330004490,api_row,2026-08-31T15:42:55+09:00,000,run_20260831_152517_0478,raw/newCaplScritsNrdmpBlce/01350869_2019_11011.json,358ea227a2321cfc7c3712700244b958c06fb72872170221316eb63776807d96,0
우리금융지주,지주,지주,01350869,우리금융지주,2019,11011,사업보고서,IFRS4,Y,"보고서 사업연도 >= 2023 이면 IFRS17, 아니면 IFRS4",미상환잔액,합계,"700,000,000,000",2019-12-31,api,-,-,-,-,"700,000,000,000",-,-,newCaplScritsNrdmpBlce,"{""bsns_year"": ""2019"", ""corp_code"": ""01350869"", ""reprt_code"": ""11011""}",20200330004490,api_row,2026-08-31T15:42:55+09:00,000,run_20260831_152517_0478,raw/newCaplScritsNrdmpBlce/01350869_2019_11011.json,358ea227a2321cfc7c3712700244b958c06fb72872170221316eb63776807d96,0
우리금융지주,지주,지주,01350869,우리금융지주,2020,11011,사업보고서,IFRS4,Y,"보고서 사업연도 >= 2023 이면 IFRS17, 아니면 IFRS4",미상환잔액,공모,"850,000,000,000",2020-12-31,api,-,-,-,-,"850,000,000,000",-,-,newCaplScritsNrdmpBlce,"{""bsns_year"": ""2020"", ""corp_code"": ""01350869"", ""reprt_code"": ""11011""}",20210318001162,api_row,2026-08-31T15:43:05+09:00,000,run_20260831_152517_0487,raw/newCaplScritsNrdmpBlce/01350869_2020_11011.json,3ac1bfe2bc5d1c717cc22108b4560380b8757c69fef13a28595b15a60169745b,0
우리금융지주,지주,지주,01350869,우리금융지주,2020,11011,사업보고서,IFRS4,Y,"보고서 사업연도 >= 2023 이면 IFRS17, 아니면 IFRS4",미상환잔액,사모,-,2020-12-31,api,-,-,-,-,-,-,-,newCaplScritsNrdmpBlce,"{""bsns_year"": ""2020"", ""corp_code"": ""01350869"", ""reprt_code"": ""11011""}",20210318001162,api_row,2026-08-31T15:43:05+09:00,000,run_20260831_152517_0487,raw/newCaplScritsNrdmpBlce/01350869_2020_11011.json,3ac1bfe2bc5d1c717cc22108b4560380b8757c69fef13a28595b15a60169745b,0
우리금융지주,지주,지주,01350869,우리금융지주,2020,11011,사업보고서,IFRS4,Y,"보고서 사업연도 >= 2023 이면 IFRS17, 아니면 IFRS4",미상환잔액,합계,"850,000,000,000",2020-12-31,api,-,-,-,-,"850,000,000,000",-,-,newCaplScritsNrdmpBlce,"{""bsns_year"": ""2020"", ""corp_code"": ""01350869"", ""reprt_code"": ""11011""}",20210318001162,api_row,2026-08-31T15:43:05+09:00,000,run_20260831_152517_0487,raw/newCaplScritsNrdmpBlce/01350869_2020_11011.json,3ac1bfe2bc5d1c717cc22108b4560380b8757c69fef13a28595b15a60169745b,0
우리금융지주,지주,지주,01350869,우리금융지주,2021,11011,사업보고서,IFRS4,Y,"보고서 사업연도 >= 2023 이면 IFRS17, 아니면 IFRS4",미상환잔액,공모,-,2021-12-31,api,-,-,-,-,-,-,-,newCaplScritsNrdmpBlce,"{""bsns_year"": ""2021"", ""corp_code"": ""01350869"", ""reprt_code"": ""11011""}",20220317001124,api_row,2026-08-31T15:43:15+09:00,000,run_20260831_152517_0496,raw/newCaplScritsNrdmpBlce/01350869_2021_11011.json,567eec46a35c7950dc54087dc58f36d7633bb661f1f62304c0c769abc51795dd,0
우리금융지주,지주,지주,01350869,우리금융지주,2021,11011,사업보고서,IFRS4,Y,"보고서 사업연도 >= 2023 이면 IFRS17, 아니면 IFRS4",미상환잔액,사모,-,2021-12-31,api,-,-,-,-,-,-,-,newCaplScritsNrdmpBlce,"{""bsns_year"": ""2021"", ""corp_code"": ""01350869"", ""reprt_code"": ""11011""}",20220317001124,api_row,2026-08-31T15:43:15+09:00,000,run_20260831_152517_0496,raw/newCaplScritsNrdmpBlce/01350869_2021_11011.json,567eec46a35c7950dc54087dc58f36d7633bb661f1f62304c0c769abc51795dd,0
우리금융지주,지주,지주,01350869,우리금융지주,2021,11011,사업보고서,IFRS4,Y,"보고서 사업연도 >= 2023 이면 IFRS17, 아니면 IFRS4",미상환잔액,합계,-,2021-12-31,api,-,-,-,-,-,-,-,newCaplScritsNrdmpBlce,"{""bsns_year"": ""2021"", ""corp_code"": ""01350869"", ""reprt_code"": ""11011""}",20220317001124,api_row,2026-08-31T15:43:15+09:00,000,run_20260831_152517_0496,raw/newCaplScritsNrdmpBlce/01350869_2021_11011.json,567eec46a35c7950dc54087dc58f36d7633bb661f1f62304c0c769abc51795dd,0
우리금융지주,지주,지주,01350869,우리금융지주,2022,11011,사업보고서,IFRS4,Y,"보고서 사업연도 >= 2023 이면 IFRS17, 아니면 IFRS4",미상환잔액,공모,-,2022-12-31,api,-,-,-,-,-,-,-,newCaplScritsNrdmpBlce,"{""bsns_year"": ""2022"", ""corp_code"": ""01350869"", ""reprt_code"": ""11011""}",20230316001455,api_row,2026-08-31T15:43:27+09:00,000,run_20260831_152517_0505,raw/newCaplScritsNrdmpBlce/01350869_2022_11011.json,00dfd27b478f8677eed7921bac83db85b461b912bff8640d7f80de522fc43259,0
우리금융지주,지주,지주,01350869,우리금융지주,2022,11011,사업보고서,IFRS4,Y,"보고서 사업연도 >= 2023 이면 IFRS17, 아니면 IFRS4",미상환잔액,사모,-,2022-12-31,api,-,-,-,-,-,-,-,newCaplScritsNrdmpBlce,"{""bsns_year"": ""2022"", ""corp_code"": ""01350869"", ""reprt_code"": ""11011""}",20230316001455,api_row,2026-08-31T15:43:27+09:00,000,run_20260831_152517_0505,raw/newCaplScritsNrdmpBlce/01350869_2022_11011.json,00dfd27b478f8677eed7921bac83db85b461b912bff8640d7f80de522fc43259,0
우리금융지주,지주,지주,01350869,우리금융지주,2022,11011,사업보고서,IFRS4,Y,"보고서 사업연도 >= 2023 이면 IFRS17, 아니면 IFRS4",미상환잔액,합계,-,2022-12-31,api,-,-,-,-,-,-,-,newCaplScritsNrdmpBlce,"{""bsns_year"": ""2022"", ""corp_code"": ""01350869"", ""reprt_code"": ""11011""}",20230316001455,api_row,2026-08-31T15:43:27+09:00,000,run_20260831_152517_0505,raw/newCaplScritsNrdmpBlce/01350869_2022_11011.json,00dfd27b478f8677eed7921bac83db85b461b912bff8640d7f80de522fc43259,0
우리금융지주,지주,지주,01350869,우리금융지주,2023,11011,사업보고서,IFRS17,Y,"보고서 사업연도 >= 2023 이면 IFRS17, 아니면 IFRS4",미상환잔액,공모,-,2023-12-31,api,-,-,-,-,-,-,-,newCaplScritsNrdmpBlce,"{""bsns_year"": ""2023"", ""corp_code"": ""01350869"", ""reprt_code"": ""11011""}",20240516001472,api_row,2026-08-31T15:43:37+09:00,000,run_20260831_152517_0514,raw/newCaplScritsNrdmpBlce/01350869_2023_11011.json,291c7f4af3e997da2fcdc0d0134496291c4b1273265216db6bb33d765fa84016,0
우리금융지주,지주,지주,01350869,우리금융지주,2023,11011,사업보고서,IFRS17,Y,"보고서 사업연도 >= 2023 이면 IFRS17, 아니면 IFRS4",미상환잔액,사모,-,2023-12-31,api,-,-,-,-,-,-,-,newCaplScritsNrdmpBlce,"{""bsns_year"": ""2023"", ""corp_code"": ""01350869"", ""reprt_code"": ""11011""}",20240516001472,api_row,2026-08-31T15:43:37+09:00,000,run_20260831_152517_0514,raw/newCaplScritsNrdmpBlce/01350869_2023_11011.json,291c7f4af3e997da2fcdc0d0134496291c4b1273265216db6bb33d765fa84016,0
우리금융지주,지주,지주,01350869,우리금융지주,2023,11011,사업보고서,IFRS17,Y,"보고서 사업연도 >= 2023 이면 IFRS17, 아니면 IFRS4",미상환잔액,합계,-,2023-12-31,api,-,-,-,-,-,-,-,newCaplScritsNrdmpBlce,"{""bsns_year"": ""2023"", ""corp_code"": ""01350869"", ""reprt_code"": ""11011""}",20240516001472,api_row,2026-08-31T15:43:37+09:00,000,run_20260831_152517_0514,raw/newCaplScritsNrdmpBlce/01350869_2023_11011.json,291c7f4af3e997da2fcdc0d0134496291c4b1273265216db6bb33d765fa84016,0
우리금융지주,지주,지주,01350869,우리금융지주,2024,11011,사업보고서,IFRS17,Y,"보고서 사업연도 >= 2023 이면 IFRS17, 아니면 IFRS4",미상환잔액,공모,-,2024-12-31,api,-,-,-,-,-,-,-,newCaplScritsNrdmpBlce,"{""bsns_year"": ""2024"", ""corp_code"": ""01350869"", ""reprt_code"": ""11011""}",20250318001196,api_row,2026-08-31T15:44:05+09:00,000,run_20260831_152517_0523,raw/newCaplScritsNrdmpBlce/01350869_2024_11011.json,2cf25d8bb7a2e113d2da40850d9a2c47866adec37e9c5bfdb01a167a3f973472,0
우리금융지주,지주,지주,01350869,우리금융지주,2024,11011,사업보고서,IFRS17,Y,"보고서 사업연도 >= 2023 이면 IFRS17, 아니면 IFRS4",미상환잔액,사모,-,2024-12-31,api,-,-,-,-,-,-,-,newCaplScritsNrdmpBlce,"{""bsns_year"": ""2024"", ""corp_code"": ""01350869"", ""reprt_code"": ""11011""}",20250318001196,api_row,2026-08-31T15:44:05+09:00,000,run_20260831_152517_0523,raw/newCaplScritsNrdmpBlce/01350869_2024_11011.json,2cf25d8bb7a2e113d2da40850d9a2c47866adec37e9c5bfdb01a167a3f973472,0
우리금융지주,지주,지주,01350869,우리금융지주,2024,11011,사업보고서,IFRS17,Y,"보고서 사업연도 >= 2023 이면 IFRS17, 아니면 IFRS4",미상환잔액,합계,-,2024-12-31,api,-,-,-,-,-,-,-,newCaplScritsNrdmpBlce,"{""bsns_year"": ""2024"", ""corp_code"": ""01350869"", ""reprt_code"": ""11011""}",20250318001196,api_row,2026-08-31T15:44:05+09:00,000,run_20260831_152517_0523,raw/newCaplScritsNrdmpBlce/01350869_2024_11011.json,2cf25d8bb7a2e113d2da40850d9a2c47866adec37e9c5bfdb01a167a3f973472,0
우리금융지주,지주,지주,01350869,우리금융지주,2025,11011,사업보고서,IFRS17,Y,"보고서 사업연도 >= 2023 이면 IFRS17, 아니면 IFRS4",미상환잔액,공모,-,2025-12-31,api,-,-,-,-,-,-,-,newCaplScritsNrdmpBlce,"{""bsns_year"": ""2025"", ""corp_code"": ""01350869"", ""reprt_code"": ""11011""}",20260313001235,api_row,2026-08-31T15:44:32+09:00,000,run_20260831_152517_0532,raw/newCaplScritsNrdmpBlce/01350869_2025_11011.json,a7a54962ee49afbab207897e6f114719978bf914db72ba1381b88e6e8eea8728,0
우리금융지주,지주,지주,01350869,우리금융지주,2025,11011,사업보고서,IFRS17,Y,"보고서 사업연도 >= 2023 이면 IFRS17, 아니면 IFRS4",미상환잔액,사모,-,2025-12-31,api,-,-,-,-,-,-,-,newCaplScritsNrdmpBlce,"{""bsns_year"": ""2025"", ""corp_code"": ""01350869"", ""reprt_code"": ""11011""}",20260313001235,api_row,2026-08-31T15:44:32+09:00,000,run_20260831_152517_0532,raw/newCaplScritsNrdmpBlce/01350869_2025_11011.json,a7a54962ee49afbab207897e6f114719978bf914db72ba1381b88e6e8eea8728,0
우리금융지주,지주,지주,01350869,우리금융지주,2025,11011,사업보고서,IFRS17,Y,"보고서 사업연도 >= 2023 이면 IFRS17, 아니면 IFRS4",미상환잔액,합계,-,2025-12-31,api,-,-,-,-,-,-,-,newCaplScritsNrdmpBlce,"{""bsns_year"": ""2025"", ""corp_code"": ""01350869"", ""reprt_code"": ""11011""}",20260313001235,api_row,2026-08-31T15:44:32+09:00,000,run_20260831_152517_0532,raw/newCaplScritsNrdmpBlce/01350869_2025_11011.json,a7a54962ee49afbab207897e6f114719978bf914db72ba1381b88e6e8eea8728,0
우리금융지주,지주,지주,01350869,우리금융지주,2025,11012,반기보고서,IFRS17,Y,"보고서 사업연도 >= 2023 이면 IFRS17, 아니면 IFRS4",미상환잔액,공모,-,2025-06-30,api,-,-,-,-,-,-,-,newCaplScritsNrdmpBlce,"{""bsns_year"": ""2025"", ""corp_code"": ""01350869"", ""reprt_code"": ""11012""}",20250814004065,api_row,2026-08-31T15:45:02+09:00,000,run_20260831_152517_0541,raw/newCaplScritsNrdmpBlce/01350869_2025_11012.json,2df99e5e4e518a6159602d942af5fe82f67c27a24be67324939620d6345ffa28,0
우리금융지주,지주,지주,01350869,우리금융지주,2025,11012,반기보고서,IFRS17,Y,"보고서 사업연도 >= 2023 이면 IFRS17, 아니면 IFRS4",미상환잔액,사모,-,2025-06-30,api,-,-,-,-,-,-,-,newCaplScritsNrdmpBlce,"{""bsns_year"": ""2025"", ""corp_code"": ""01350869"", ""reprt_code"": ""11012""}",20250814004065,api_row,2026-08-31T15:45:02+09:00,000,run_20260831_152517_0541,raw/newCaplScritsNrdmpBlce/01350869_2025_11012.json,2df99e5e4e518a6159602d942af5fe82f67c27a24be67324939620d6345ffa28,0
우리금융지주,지주,지주,01350869,우리금융지주,2025,11012,반기보고서,IFRS17,Y,"보고서 사업연도 >= 2023 이면 IFRS17, 아니면 IFRS4",미상환잔액,합계,-,2025-06-30,api,-,-,-,-,-,-,-,newCaplScritsNrdmpBlce,"{""bsns_year"": ""2025"", ""corp_code"": ""01350869"", ""reprt_code"": ""11012""}",20250814004065,api_row,2026-08-31T15:45:02+09:00,000,run_20260831_152517_0541,raw/newCaplScritsNrdmpBlce/01350869_2025_11012.json,2df99e5e4e518a6159602d942af5fe82f67c27a24be67324939620d6345ffa28,0
우리금융지주,지주,지주,01350869,우리금융지주,2026,11012,반기보고서,IFRS17,Y,"보고서 사업연도 >= 2023 이면 IFRS17, 아니면 IFRS4",미상환잔액,공모,-,2026-06-30,api,-,-,-,-,-,-,-,newCaplScritsNrdmpBlce,"{""bsns_year"": ""2026"", ""corp_code"": ""01350869"", ""reprt_code"": ""11012""}",20260814003410,api_row,2026-08-31T15:45:28+09:00,000,run_20260831_152517_0550,raw/newCaplScritsNrdmpBlce/01350869_2026_11012.json,987dab8611aacbbfcd34a750f6f1728f51b10c802f43eb32393a5f8f5840382c,0
우리금융지주,지주,지주,01350869,우리금융지주,2026,11012,반기보고서,IFRS17,Y,"보고서 사업연도 >= 2023 이면 IFRS17, 아니면 IFRS4",미상환잔액,사모,-,2026-06-30,api,-,-,-,-,-,-,-,newCaplScritsNrdmpBlce,"{""bsns_year"": ""2026"", ""corp_code"": ""01350869"", ""reprt_code"": ""11012""}",20260814003410,api_row,2026-08-31T15:45:28+09:00,000,run_20260831_152517_0550,raw/newCaplScritsNrdmpBlce/01350869_2026_11012.json,987dab8611aacbbfcd34a750f6f1728f51b10c802f43eb32393a5f8f5840382c,0
우리금융지주,지주,지주,01350869,우리금융지주,2026,11012,반기보고서,IFRS17,Y,"보고서 사업연도 >= 2023 이면 IFRS17, 아니면 IFRS4",미상환잔액,합계,-,2026-06-30,api,-,-,-,-,-,-,-,newCaplScritsNrdmpBlce,"{""bsns_year"": ""2026"", ""corp_code"": ""01350869"", ""reprt_code"": ""11012""}",20260814003410,api_row,2026-08-31T15:45:28+09:00,000,run_20260831_152517_0550,raw/newCaplScritsNrdmpBlce/01350869_2026_11012.json,987dab8611aacbbfcd34a750f6f1728f51b10c802f43eb32393a5f8f5840382c,0
한화생명보험,생보,지주,00113058,한화생명,2015,11011,사업보고서,IFRS4,Y,"보고서 사업연도 >= 2023 이면 IFRS17, 아니면 IFRS4",미상환잔액,공모,-,2015-12-31,api,-,-,-,-,-,-,-,newCaplScritsNrdmpBlce,"{""bsns_year"": ""2015"", ""corp_code"": ""00113058"", ""reprt_code"": ""11011""}",20160516001514,api_row,2026-08-31T15:45:57+09:00,000,run_20260831_152517_0559,raw/newCaplScritsNrdmpBlce/00113058_2015_11011.json,86a56877e03e0bc766c67d61ee5789f106866c834ffc3f8e3c8d4b1aa7cc87d9,0
한화생명보험,생보,지주,00113058,한화생명,2015,11011,사업보고서,IFRS4,Y,"보고서 사업연도 >= 2023 이면 IFRS17, 아니면 IFRS4",미상환잔액,사모,-,2015-12-31,api,-,-,-,-,-,-,-,newCaplScritsNrdmpBlce,"{""bsns_year"": ""2015"", ""corp_code"": ""00113058"", ""reprt_code"": ""11011""}",20160516001514,api_row,2026-08-31T15:45:57+09:00,000,run_20260831_152517_0559,raw/newCaplScritsNrdmpBlce/00113058_2015_11011.json,86a56877e03e0bc766c67d61ee5789f106866c834ffc3f8e3c8d4b1aa7cc87d9,0
한화생명보험,생보,지주,00113058,한화생명,2015,11011,사업보고서,IFRS4,Y,"보고서 사업연도 >= 2023 이면 IFRS17, 아니면 IFRS4",미상환잔액,합계,-,2015-12-31,api,-,-,-,-,-,-,-,newCaplScritsNrdmpBlce,"{""bsns_year"": ""2015"", ""corp_code"": ""00113058"", ""reprt_code"": ""11011""}",20160516001514,api_row,2026-08-31T15:45:57+09:00,000,run_20260831_152517_0559,raw/newCaplScritsNrdmpBlce/00113058_2015_11011.json,86a56877e03e0bc766c67d61ee5789f106866c834ffc3f8e3c8d4b1aa7cc87d9,0
한화생명보험,생보,지주,00113058,한화생명,2016,11011,사업보고서,IFRS4,Y,"보고서 사업연도 >= 2023 이면 IFRS17, 아니면 IFRS4",미상환잔액,공모,-,2016-12-31,api,-,-,-,-,-,-,-,newCaplScritsNrdmpBlce,"{""bsns_year"": ""2016"", ""corp_code"": ""00113058"", ""reprt_code"": ""11011""}",20170331005451,api_row,2026-08-31T15:46:07+09:00,000,run_20260831_152517_0568,raw/newCaplScritsNrdmpBlce/00113058_2016_11011.json,9a257c59ecd93f2c9ab514eaf0797a3b43ce4b604ecc960385140494afff6c99,0
한화생명보험,생보,지주,00113058,한화생명,2016,11011,사업보고서,IFRS4,Y,"보고서 사업연도 >= 2023 이면 IFRS17, 아니면 IFRS4",미상환잔액,사모,-,2016-12-31,api,-,-,-,-,-,-,-,newCaplScritsNrdmpBlce,"{""bsns_year"": ""2016"", ""corp_code"": ""00113058"", ""reprt_code"": ""11011""}",20170331005451,api_row,2026-08-31T15:46:07+09:00,000,run_20260831_152517_0568,raw/newCaplScritsNrdmpBlce/00113058_2016_11011.json,9a257c59ecd93f2c9ab514eaf0797a3b43ce4b604ecc960385140494afff6c99,0
한화생명보험,생보,지주,00113058,한화생명,2016,11011,사업보고서,IFRS4,Y,"보고서 사업연도 >= 2023 이면 IFRS17, 아니면 IFRS4",미상환잔액,합계,-,2016-12-31,api,-,-,-,-,-,-,-,newCaplScritsNrdmpBlce,"{""bsns_year"": ""2016"", ""corp_code"": ""00113058"", ""reprt_code"": ""11011""}",20170331005451,api_row,2026-08-31T15:46:07+09:00,000,run_20260831_152517_0568,raw/newCaplScritsNrdmpBlce/00113058_2016_11011.json,9a257c59ecd93f2c9ab514eaf0797a3b43ce4b604ecc960385140494afff6c99,0
한화생명보험,생보,지주,00113058,한화생명,2017,11011,사업보고서,IFRS4,Y,"보고서 사업연도 >= 2023 이면 IFRS17, 아니면 IFRS4",미상환잔액,공모,"500,000,000,000",2017-12-31,api,-,-,-,-,"500,000,000,000",-,-,newCaplScritsNrdmpBlce,"{""bsns_year"": ""2017"", ""corp_code"": ""00113058"", ""reprt_code"": ""11011""}",20180402005271,api_row,2026-08-31T15:46:27+09:00,000,run_20260831_152517_0577,raw/newCaplScritsNrdmpBlce/00113058_2017_11011.json,4615df65810d86a527ab962ea8b6341b2258202ffb5719ce2376e739d0d1fd5c,0
한화생명보험,생보,지주,00113058,한화생명,2017,11011,사업보고서,IFRS4,Y,"보고서 사업연도 >= 2023 이면 IFRS17, 아니면 IFRS4",미상환잔액,사모,-,2017-12-31,api,-,-,-,-,-,-,-,newCaplScritsNrdmpBlce,"{""bsns_year"": ""2017"", ""corp_code"": ""00113058"", ""reprt_code"": ""11011""}",20180402005271,api_row,2026-08-31T15:46:27+09:00,000,run_20260831_152517_0577,raw/newCaplScritsNrdmpBlce/00113058_2017_11011.json,4615df65810d86a527ab962ea8b6341b2258202ffb5719ce2376e739d0d1fd5c,0
한화생명보험,생보,지주,00113058,한화생명,2017,11011,사업보고서,IFRS4,Y,"보고서 사업연도 >= 2023 이면 IFRS17, 아니면 IFRS4",미상환잔액,합계,"500,000,000,000",2017-12-31,api,-,-,-,-,"500,000,000,000",-,-,newCaplScritsNrdmpBlce,"{""bsns_year"": ""2017"", ""corp_code"": ""00113058"", ""reprt_code"": ""11011""}",20180402005271,api_row,2026-08-31T15:46:27+09:00,000,run_20260831_152517_0577,raw/newCaplScritsNrdmpBlce/00113058_2017_11011.json,4615df65810d86a527ab962ea8b6341b2258202ffb5719ce2376e739d0d1fd5c,0
한화생명보험,생보,지주,00113058,한화생명,2018,11011,사업보고서,IFRS4,Y,"보고서 사업연도 >= 2023 이면 IFRS17, 아니면 IFRS4",미상환잔액,공모,"1,567,300,000,000",2018-12-31,api,-,-,-,-,"1,567,300,000,000",-,-,newCaplScritsNrdmpBlce,"{""bsns_year"": ""2018"", ""corp_code"": ""00113058"", ""reprt_code"": ""11011""}",20190401005054,api_row,2026-08-31T15:46:44+09:00,000,run_20260831_152517_0586,raw/newCaplScritsNrdmpBlce/00113058_2018_11011.json,c5e2837b739333cf095c8b81f257eac0df19611c300abf91e1a49a5e6455aac5,0
한화생명보험,생보,지주,00113058,한화생명,2018,11011,사업보고서,IFRS4,Y,"보고서 사업연도 >= 2023 이면 IFRS17, 아니면 IFRS4",미상환잔액,사모,-,2018-12-31,api,-,-,-,-,-,-,-,newCaplScritsNrdmpBlce,"{""bsns_year"": ""2018"", ""corp_code"": ""00113058"", ""reprt_code"": ""11011""}",20190401005054,api_row,2026-08-31T15:46:44+09:00,000,run_20260831_152517_0586,raw/newCaplScritsNrdmpBlce/00113058_2018_11011.json,c5e2837b739333cf095c8b81f257eac0df19611c300abf91e1a49a5e6455aac5,0
한화생명보험,생보,지주,00113058,한화생명,2018,11011,사업보고서,IFRS4,Y,"보고서 사업연도 >= 2023 이면 IFRS17, 아니면 IFRS4",미상환잔액,합계,"1,567,300,000,000",2018-12-31,api,-,-,-,-,"1,567,300,000,000",-,-,newCaplScritsNrdmpBlce,"{""bsns_year"": ""2018"", ""corp_code"": ""00113058"", ""reprt_code"": ""11011""}",20190401005054,api_row,2026-08-31T15:46:44+09:00,000,run_20260831_152517_0586,raw/newCaplScritsNrdmpBlce/00113058_2018_11011.json,c5e2837b739333cf095c8b81f257eac0df19611c300abf91e1a49a5e6455aac5,0
한화생명보험,생보,지주,00113058,한화생명,2019,11011,사업보고서,IFRS4,Y,"보고서 사업연도 >= 2023 이면 IFRS17, 아니면 IFRS4",미상환잔액,공모,"2,067,300,000,000",2019-12-31,api,-,-,-,-,"2,067,300,000,000",-,-,newCaplScritsNrdmpBlce,"{""bsns_year"": ""2019"", ""corp_code"": ""00113058"", ""reprt_code"": ""11011""}",20200331001872,api_row,2026-08-31T15:47:02+09:00,000,run_20260831_152517_0595,raw/newCaplScritsNrdmpBlce/00113058_2019_11011.json,a6e651481d61b47cc697829a058bc73166c910a2ceb6f9417be3882c0368a121,0
한화생명보험,생보,지주,00113058,한화생명,2019,11011,사업보고서,IFRS4,Y,"보고서 사업연도 >= 2023 이면 IFRS17, 아니면 IFRS4",미상환잔액,사모,-,2019-12-31,api,-,-,-,-,-,-,-,newCaplScritsNrdmpBlce,"{""bsns_year"": ""2019"", ""corp_code"": ""00113058"", ""reprt_code"": ""11011""}",20200331001872,api_row,2026-08-31T15:47:02+09:00,000,run_20260831_152517_0595,raw/newCaplScritsNrdmpBlce/00113058_2019_11011.json,a6e651481d61b47cc697829a058bc73166c910a2ceb6f9417be3882c0368a121,0
한화생명보험,생보,지주,00113058,한화생명,2019,11011,사업보고서,IFRS4,Y,"보고서 사업연도 >= 2023 이면 IFRS17, 아니면 IFRS4",미상환잔액,합계,"2,067,300,000,000",2019-12-31,api,-,-,-,-,"2,067,300,000,000",-,-,newCaplScritsNrdmpBlce,"{""bsns_year"": ""2019"", ""corp_code"": ""00113058"", ""reprt_code"": ""11011""}",20200331001872,api_row,2026-08-31T15:47:02+09:00,000,run_20260831_152517_0595,raw/newCaplScritsNrdmpBlce/00113058_2019_11011.json,a6e651481d61b47cc697829a058bc73166c910a2ceb6f9417be3882c0368a121,0
한화생명보험,생보,지주,00113058,한화생명,2020,11011,사업보고서,IFRS4,Y,"보고서 사업연도 >= 2023 이면 IFRS17, 아니면 IFRS4",미상환잔액,공모,"2,067,300,000,000",2020-12-31,api,-,-,-,-,"2,067,300,000,000",-,-,newCaplScritsNrdmpBlce,"{""bsns_year"": ""2020"", ""corp_code"": ""00113058"", ""reprt_code"": ""11011""}",20210305000803,api_row,2026-08-31T15:47:12+09:00,000,run_20260831_152517_0604,raw/newCaplScritsNrdmpBlce/00113058_2020_11011.json,727de78b6ae1d1394a34baa43fa7ded83f910a397934fc320763198f25b72a74,0
한화생명보험,생보,지주,00113058,한화생명,2020,11011,사업보고서,IFRS4,Y,"보고서 사업연도 >= 2023 이면 IFRS17, 아니면 IFRS4",미상환잔액,사모,-,2020-12-31,api,-,-,-,-,-,-,-,newCaplScritsNrdmpBlce,"{""bsns_year"": ""2020"", ""corp_code"": ""00113058"", ""reprt_code"": ""11011""}",20210305000803,api_row,2026-08-31T15:47:12+09:00,000,run_20260831_152517_0604,raw/newCaplScritsNrdmpBlce/00113058_2020_11011.json,727de78b6ae1d1394a34baa43fa7ded83f910a397934fc320763198f25b72a74,0
한화생명보험,생보,지주,00113058,한화생명,2020,11011,사업보고서,IFRS4,Y,"보고서 사업연도 >= 2023 이면 IFRS17, 아니면 IFRS4",미상환잔액,합계,"2,067,300,000,000",2020-12-31,api,-,-,-,-,"2,067,300,000,000",-,-,newCaplScritsNrdmpBlce,"{""bsns_year"": ""2020"", ""corp_code"": ""00113058"", ""reprt_code"": ""11011""}",20210305000803,api_row,2026-08-31T15:47:12+09:00,000,run_20260831_152517_0604,raw/newCaplScritsNrdmpBlce/00113058_2020_11011.json,727de78b6ae1d1394a34baa43fa7ded83f910a397934fc320763198f25b72a74,0
한화생명보험,생보,지주,00113058,한화생명,2021,11011,사업보고서,IFRS4,Y,"보고서 사업연도 >= 2023 이면 IFRS17, 아니면 IFRS4",미상환잔액,공모,"2,067,300,000,000",2021-12-31,api,-,-,-,-,"2,067,300,000,000",-,-,newCaplScritsNrdmpBlce,"{""bsns_year"": ""2021"", ""corp_code"": ""00113058"", ""reprt_code"": ""11011""}",20220316001424,api_row,2026-08-31T15:47:25+09:00,000,run_20260831_152517_0613,raw/newCaplScritsNrdmpBlce/00113058_2021_11011.json,509a9fd03c8a2e44837b05485fac5c38e60b3acb9463d1e43a58e2deecb6f45a,0
한화생명보험,생보,지주,00113058,한화생명,2021,11011,사업보고서,IFRS4,Y,"보고서 사업연도 >= 2023 이면 IFRS17, 아니면 IFRS4",미상환잔액,사모,-,2021-12-31,api,-,-,-,-,-,-,-,newCaplScritsNrdmpBlce,"{""bsns_year"": ""2021"", ""corp_code"": ""00113058"", ""reprt_code"": ""11011""}",20220316001424,api_row,2026-08-31T15:47:25+09:00,000,run_20260831_152517_0613,raw/newCaplScritsNrdmpBlce/00113058_2021_11011.json,509a9fd03c8a2e44837b05485fac5c38e60b3acb9463d1e43a58e2deecb6f45a,0
한화생명보험,생보,지주,00113058,한화생명,2021,11011,사업보고서,IFRS4,Y,"보고서 사업연도 >= 2023 이면 IFRS17, 아니면 IFRS4",미상환잔액,합계,"2,067,300,000,000",2021-12-31,api,-,-,-,-,"2,067,300,000,000",-,-,newCaplScritsNrdmpBlce,"{""bsns_year"": ""2021"", ""corp_code"": ""00113058"", ""reprt_code"": ""11011""}",20220316001424,api_row,2026-08-31T15:47:25+09:00,000,run_20260831_152517_0613,raw/newCaplScritsNrdmpBlce/00113058_2021_11011.json,509a9fd03c8a2e44837b05485fac5c38e60b3acb9463d1e43a58e2deecb6f45a,0
한화생명보험,생보,지주,00113058,한화생명,2022,11011,사업보고서,IFRS4,Y,"보고서 사업연도 >= 2023 이면 IFRS17, 아니면 IFRS4",미상환잔액,공모,"1,567,300,000,000",2022-12-31,api,-,-,-,-,"1,567,300,000,000",-,-,newCaplScritsNrdmpBlce,"{""bsns_year"": ""2022"", ""corp_code"": ""00113058"", ""reprt_code"": ""11011""}",20230315001327,api_row,2026-08-31T15:47:39+09:00,000,run_20260831_152517_0622,raw/newCaplScritsNrdmpBlce/00113058_2022_11011.json,3993584d5d10766fce0461217ce70993b5d21f08faa880ef3ddd5e3c33e1c172,0
한화생명보험,생보,지주,00113058,한화생명,2022,11011,사업보고서,IFRS4,Y,"보고서 사업연도 >= 2023 이면 IFRS17, 아니면 IFRS4",미상환잔액,사모,-,2022-12-31,api,-,-,-,-,-,-,-,newCaplScritsNrdmpBlce,"{""bsns_year"": ""2022"", ""corp_code"": ""00113058"", ""reprt_code"": ""11011""}",20230315001327,api_row,2026-08-31T15:47:39+09:00,000,run_20260831_152517_0622,raw/newCaplScritsNrdmpBlce/00113058_2022_11011.json,3993584d5d10766fce0461217ce70993b5d21f08faa880ef3ddd5e3c33e1c172,0
한화생명보험,생보,지주,00113058,한화생명,2022,11011,사업보고서,IFRS4,Y,"보고서 사업연도 >= 2023 이면 IFRS17, 아니면 IFRS4",미상환잔액,합계,"1,567,300,000,000",2022-12-31,api,-,-,-,-,"1,567,300,000,000",-,-,newCaplScritsNrdmpBlce,"{""bsns_year"": ""2022"", ""corp_code"": ""00113058"", ""reprt_code"": ""11011""}",20230315001327,api_row,2026-08-31T15:47:39+09:00,000,run_20260831_152517_0622,raw/newCaplScritsNrdmpBlce/00113058_2022_11011.json,3993584d5d10766fce0461217ce70993b5d21f08faa880ef3ddd5e3c33e1c172,0
한화생명보험,생보,지주,00113058,한화생명,2023,11011,사업보고서,IFRS17,Y,"보고서 사업연도 >= 2023 이면 IFRS17, 아니면 IFRS4",미상환잔액,공모,"500,000,000,000",2023-12-31,api,-,-,-,-,"500,000,000,000",-,-,newCaplScritsNrdmpBlce,"{""bsns_year"": ""2023"", ""corp_code"": ""00113058"", ""reprt_code"": ""11011""}",20240430000873,api_row,2026-08-31T15:47:52+09:00,000,run_20260831_152517_0631,raw/newCaplScritsNrdmpBlce/00113058_2023_11011.json,350cf40e91d6455503dfb5799d91d1a26b159e85ab2bb523609c2d9560751f94,0
한화생명보험,생보,지주,00113058,한화생명,2023,11011,사업보고서,IFRS17,Y,"보고서 사업연도 >= 2023 이면 IFRS17, 아니면 IFRS4",미상환잔액,사모,-,2023-12-31,api,-,-,-,-,-,-,-,newCaplScritsNrdmpBlce,"{""bsns_year"": ""2023"", ""corp_code"": ""00113058"", ""reprt_code"": ""11011""}",20240430000873,api_row,2026-08-31T15:47:52+09:00,000,run_20260831_152517_0631,raw/newCaplScritsNrdmpBlce/00113058_2023_11011.json,350cf40e91d6455503dfb5799d91d1a26b159e85ab2bb523609c2d9560751f94,0
한화생명보험,생보,지주,00113058,한화생명,2023,11011,사업보고서,IFRS17,Y,"보고서 사업연도 >= 2023 이면 IFRS17, 아니면 IFRS4",미상환잔액,합계,"500,000,000,000",2023-12-31,api,-,-,-,-,"500,000,000,000",-,-,newCaplScritsNrdmpBlce,"{""bsns_year"": ""2023"", ""corp_code"": ""00113058"", ""reprt_code"": ""11011""}",20240430000873,api_row,2026-08-31T15:47:52+09:00,000,run_20260831_152517_0631,raw/newCaplScritsNrdmpBlce/00113058_2023_11011.json,350cf40e91d6455503dfb5799d91d1a26b159e85ab2bb523609c2d9560751f94,0
한화생명보험,생보,지주,00113058,한화생명,2024,11011,사업보고서,IFRS17,Y,"보고서 사업연도 >= 2023 이면 IFRS17, 아니면 IFRS4",미상환잔액,공모,"1,100,000,000,000",2024-12-31,api,-,-,-,-,"1,100,000,000,000",-,-,newCaplScritsNrdmpBlce,"{""bsns_year"": ""2024"", ""corp_code"": ""00113058"", ""reprt_code"": ""11011""}",20250331003702,api_row,2026-08-31T15:48:30+09:00,000,run_20260831_152517_0640,raw/newCaplScritsNrdmpBlce/00113058_2024_11011.json,53e31f81ace10dcd9ad9a655afc89f0a1aaa5b7fbadb2f8c8a89ce1b638bcc12,0
한화생명보험,생보,지주,00113058,한화생명,2024,11011,사업보고서,IFRS17,Y,"보고서 사업연도 >= 2023 이면 IFRS17, 아니면 IFRS4",미상환잔액,사모,-,2024-12-31,api,-,-,-,-,-,-,-,newCaplScritsNrdmpBlce,"{""bsns_year"": ""2024"", ""corp_code"": ""00113058"", ""reprt_code"": ""11011""}",20250331003702,api_row,2026-08-31T15:48:30+09:00,000,run_20260831_152517_0640,raw/newCaplScritsNrdmpBlce/00113058_2024_11011.json,53e31f81ace10dcd9ad9a655afc89f0a1aaa5b7fbadb2f8c8a89ce1b638bcc12,0
한화생명보험,생보,지주,00113058,한화생명,2024,11011,사업보고서,IFRS17,Y,"보고서 사업연도 >= 2023 이면 IFRS17, 아니면 IFRS4",미상환잔액,합계,"1,100,000,000,000",2024-12-31,api,-,-,-,-,"1,100,000,000,000",-,-,newCaplScritsNrdmpBlce,"{""bsns_year"": ""2024"", ""corp_code"": ""00113058"", ""reprt_code"": ""11011""}",20250331003702,api_row,2026-08-31T15:48:30+09:00,000,run_20260831_152517_0640,raw/newCaplScritsNrdmpBlce/00113058_2024_11011.json,53e31f81ace10dcd9ad9a655afc89f0a1aaa5b7fbadb2f8c8a89ce1b638bcc12,0
한화생명보험,생보,지주,00113058,한화생명,2025,11011,사업보고서,IFRS17,Y,"보고서 사업연도 >= 2023 이면 IFRS17, 아니면 IFRS4",미상환잔액,공모,"3,081,900,000,000",2025-12-31,api,-,-,-,-,"3,081,900,000,000",-,-,newCaplScritsNrdmpBlce,"{""bsns_year"": ""2025"", ""corp_code"": ""00113058"", ""reprt_code"": ""11011""}",20260331003585,api_row,2026-08-31T15:49:06+09:00,000,run_20260831_152517_0649,raw/newCaplScritsNrdmpBlce/00113058_2025_11011.json,8634e0d6f8ae00152603833580d9bc97befca7504f1a73ade94de5a51f3944e0,0
한화생명보험,생보,지주,00113058,한화생명,2025,11011,사업보고서,IFRS17,Y,"보고서 사업연도 >= 2023 이면 IFRS17, 아니면 IFRS4",미상환잔액,사모,-,2025-12-31,api,-,-,-,-,-,-,-,newCaplScritsNrdmpBlce,"{""bsns_year"": ""2025"", ""corp_code"": ""00113058"", ""reprt_code"": ""11011""}",20260331003585,api_row,2026-08-31T15:49:06+09:00,000,run_20260831_152517_0649,raw/newCaplScritsNrdmpBlce/00113058_2025_11011.json,8634e0d6f8ae00152603833580d9bc97befca7504f1a73ade94de5a51f3944e0,0
한화생명보험,생보,지주,00113058,한화생명,2025,11011,사업보고서,IFRS17,Y,"보고서 사업연도 >= 2023 이면 IFRS17, 아니면 IFRS4",미상환잔액,합계,"3,081,900,000,000",2025-12-31,api,-,-,-,-,"3,081,900,000,000",-,-,newCaplScritsNrdmpBlce,"{""bsns_year"": ""2025"", ""corp_code"": ""00113058"", ""reprt_code"": ""11011""}",20260331003585,api_row,2026-08-31T15:49:06+09:00,000,run_20260831_152517_0649,raw/newCaplScritsNrdmpBlce/00113058_2025_11011.json,8634e0d6f8ae00152603833580d9bc97befca7504f1a73ade94de5a51f3944e0,0
한화생명보험,생보,지주,00113058,한화생명,2025,11012,반기보고서,IFRS17,Y,"보고서 사업연도 >= 2023 이면 IFRS17, 아니면 IFRS4",미상환잔액,공모,"3,081,900,000,000",2025-06-30,api,-,-,-,-,"3,081,900,000,000",-,-,newCaplScritsNrdmpBlce,"{""bsns_year"": ""2025"", ""corp_code"": ""00113058"", ""reprt_code"": ""11012""}",20250828001120,api_row,2026-08-31T15:49:40+09:00,000,run_20260831_152517_0658,raw/newCaplScritsNrdmpBlce/00113058_2025_11012.json,a734e749cad35d4a15e22ca8eae80b13333c03b7cb549b491abed4b3a49034d7,0
한화생명보험,생보,지주,00113058,한화생명,2025,11012,반기보고서,IFRS17,Y,"보고서 사업연도 >= 2023 이면 IFRS17, 아니면 IFRS4",미상환잔액,사모,-,2025-06-30,api,-,-,-,-,-,-,-,newCaplScritsNrdmpBlce,"{""bsns_year"": ""2025"", ""corp_code"": ""00113058"", ""reprt_code"": ""11012""}",20250828001120,api_row,2026-08-31T15:49:40+09:00,000,run_20260831_152517_0658,raw/newCaplScritsNrdmpBlce/00113058_2025_11012.json,a734e749cad35d4a15e22ca8eae80b13333c03b7cb549b491abed4b3a49034d7,0
한화생명보험,생보,지주,00113058,한화생명,2025,11012,반기보고서,IFRS17,Y,"보고서 사업연도 >= 2023 이면 IFRS17, 아니면 IFRS4",미상환잔액,합계,"3,081,900,000,000",2025-06-30,api,-,-,-,-,"3,081,900,000,000",-,-,newCaplScritsNrdmpBlce,"{""bsns_year"": ""2025"", ""corp_code"": ""00113058"", ""reprt_code"": ""11012""}",20250828001120,api_row,2026-08-31T15:49:40+09:00,000,run_20260831_152517_0658,raw/newCaplScritsNrdmpBlce/00113058_2025_11012.json,a734e749cad35d4a15e22ca8eae80b13333c03b7cb549b491abed4b3a49034d7,0
한화손해보험,손보,보험자회사,00135917,한화손해보험,2021,11011,사업보고서,IFRS4,Y,"보고서 사업연도 >= 2023 이면 IFRS17, 아니면 IFRS4",미상환잔액,공모,-,2021-12-31,api,-,-,-,-,-,-,-,newCaplScritsNrdmpBlce,"{""bsns_year"": ""2021"", ""corp_code"": ""00135917"", ""reprt_code"": ""11011""}",20220310000539,api_row,2026-08-31T15:53:15+09:00,000,run_20260831_152517_0737,raw/newCaplScritsNrdmpBlce/00135917_2021_11011.json,2154375197dc14132d990ce728d70fe9c0997da39a32603ffcd2e0bb32affca2,0
한화손해보험,손보,보험자회사,00135917,한화손해보험,2021,11011,사업보고서,IFRS4,Y,"보고서 사업연도 >= 2023 이면 IFRS17, 아니면 IFRS4",미상환잔액,사모,"220,000,000,000",2021-12-31,api,-,-,-,-,"220,000,000,000",-,-,newCaplScritsNrdmpBlce,"{""bsns_year"": ""2021"", ""corp_code"": ""00135917"", ""reprt_code"": ""11011""}",20220310000539,api_row,2026-08-31T15:53:15+09:00,000,run_20260831_152517_0737,raw/newCaplScritsNrdmpBlce/00135917_2021_11011.json,2154375197dc14132d990ce728d70fe9c0997da39a32603ffcd2e0bb32affca2,0
한화손해보험,손보,보험자회사,00135917,한화손해보험,2021,11011,사업보고서,IFRS4,Y,"보고서 사업연도 >= 2023 이면 IFRS17, 아니면 IFRS4",미상환잔액,합계,"220,000,000,000",2021-12-31,api,-,-,-,-,"220,000,000,000",-,-,newCaplScritsNrdmpBlce,"{""bsns_year"": ""2021"", ""corp_code"": ""00135917"", ""reprt_code"": ""11011""}",20220310000539,api_row,2026-08-31T15:53:15+09:00,000,run_20260831_152517_0737,raw/newCaplScritsNrdmpBlce/00135917_2021_11011.json,2154375197dc14132d990ce728d70fe9c0997da39a32603ffcd2e0bb32affca2,0
한화손해보험,손보,보험자회사,00135917,한화손해보험,2022,11011,사업보고서,IFRS4,Y,"보고서 사업연도 >= 2023 이면 IFRS17, 아니면 IFRS4",미상환잔액,공모,-,2022-12-31,api,-,-,-,-,-,-,-,newCaplScritsNrdmpBlce,"{""bsns_year"": ""2022"", ""corp_code"": ""00135917"", ""reprt_code"": ""11011""}",20230314001218,api_row,2026-08-31T15:53:28+09:00,000,run_20260831_152517_0746,raw/newCaplScritsNrdmpBlce/00135917_2022_11011.json,f32c0cd248607ff415e487ed17d182ee2363a67398a1d4b22c51d9d1fdaf93fa,0
한화손해보험,손보,보험자회사,00135917,한화손해보험,2022,11011,사업보고서,IFRS4,Y,"보고서 사업연도 >= 2023 이면 IFRS17, 아니면 IFRS4",미상환잔액,사모,"425,000,000,000",2022-12-31,api,-,-,-,-,"425,000,000,000",-,-,newCaplScritsNrdmpBlce,"{""bsns_year"": ""2022"", ""corp_code"": ""00135917"", ""reprt_code"": ""11011""}",20230314001218,api_row,2026-08-31T15:53:28+09:00,000,run_20260831_152517_0746,raw/newCaplScritsNrdmpBlce/00135917_2022_11011.json,f32c0cd248607ff415e487ed17d182ee2363a67398a1d4b22c51d9d1fdaf93fa,0
한화손해보험,손보,보험자회사,00135917,한화손해보험,2022,11011,사업보고서,IFRS4,Y,"보고서 사업연도 >= 2023 이면 IFRS17, 아니면 IFRS4",미상환잔액,합계,"425,000,000,000",2022-12-31,api,-,-,-,-,"425,000,000,000",-,-,newCaplScritsNrdmpBlce,"{""bsns_year"": ""2022"", ""corp_code"": ""00135917"", ""reprt_code"": ""11011""}",20230314001218,api_row,2026-08-31T15:53:28+09:00,000,run_20260831_152517_0746,raw/newCaplScritsNrdmpBlce/00135917_2022_11011.json,f32c0cd248607ff415e487ed17d182ee2363a67398a1d4b22c51d9d1fdaf93fa,0
한화손해보험,손보,보험자회사,00135917,한화손해보험,2023,11011,사업보고서,IFRS17,Y,"보고서 사업연도 >= 2023 이면 IFRS17, 아니면 IFRS4",미상환잔액,공모,-,2023-12-31,api,-,-,-,-,-,-,-,newCaplScritsNrdmpBlce,"{""bsns_year"": ""2023"", ""corp_code"": ""00135917"", ""reprt_code"": ""11011""}",20240430000147,api_row,2026-08-31T15:53:41+09:00,000,run_20260831_152517_0755,raw/newCaplScritsNrdmpBlce/00135917_2023_11011.json,5438077d972e236f0540726607481db7f742beb520ae72e10e8b85158a4c4ef8,0
한화손해보험,손보,보험자회사,00135917,한화손해보험,2023,11011,사업보고서,IFRS17,Y,"보고서 사업연도 >= 2023 이면 IFRS17, 아니면 IFRS4",미상환잔액,사모,"235,000,000,000",2023-12-31,api,-,-,-,-,"235,000,000,000",-,-,newCaplScritsNrdmpBlce,"{""bsns_year"": ""2023"", ""corp_code"": ""00135917"", ""reprt_code"": ""11011""}",20240430000147,api_row,2026-08-31T15:53:41+09:00,000,run_20260831_152517_0755,raw/newCaplScritsNrdmpBlce/00135917_2023_11011.json,5438077d972e236f0540726607481db7f742beb520ae72e10e8b85158a4c4ef8,0
한화손해보험,손보,보험자회사,00135917,한화손해보험,2023,11011,사업보고서,IFRS17,Y,"보고서 사업연도 >= 2023 이면 IFRS17, 아니면 IFRS4",미상환잔액,합계,"235,000,000,000",2023-12-31,api,-,-,-,-,"235,000,000,000",-,-,newCaplScritsNrdmpBlce,"{""bsns_year"": ""2023"", ""corp_code"": ""00135917"", ""reprt_code"": ""11011""}",20240430000147,api_row,2026-08-31T15:53:41+09:00,000,run_20260831_152517_0755,raw/newCaplScritsNrdmpBlce/00135917_2023_11011.json,5438077d972e236f0540726607481db7f742beb520ae72e10e8b85158a4c4ef8,0
한화손해보험,손보,보험자회사,00135917,한화손해보험,2024,11011,사업보고서,IFRS17,Y,"보고서 사업연도 >= 2023 이면 IFRS17, 아니면 IFRS4",미상환잔액,공모,-,2024-12-31,api,-,-,-,-,-,-,-,newCaplScritsNrdmpBlce,"{""bsns_year"": ""2024"", ""corp_code"": ""00135917"", ""reprt_code"": ""11011""}",20250331003267,api_row,2026-08-31T15:54:21+09:00,000,run_20260831_152517_0764,raw/newCaplScritsNrdmpBlce/00135917_2024_11011.json,f8e852a446f3f6218fb850e97194cc38c5beefeda1b8bdce98bc35a79088c4d8,0
한화손해보험,손보,보험자회사,00135917,한화손해보험,2024,11011,사업보고서,IFRS17,Y,"보고서 사업연도 >= 2023 이면 IFRS17, 아니면 IFRS4",미상환잔액,사모,"235,000,000,000",2024-12-31,api,-,-,-,-,"235,000,000,000",-,-,newCaplScritsNrdmpBlce,"{""bsns_year"": ""2024"", ""corp_code"": ""00135917"", ""reprt_code"": ""11011""}",20250331003267,api_row,2026-08-31T15:54:21+09:00,000,run_20260831_152517_0764,raw/newCaplScritsNrdmpBlce/00135917_2024_11011.json,f8e852a446f3f6218fb850e97194cc38c5beefeda1b8bdce98bc35a79088c4d8,0
한화손해보험,손보,보험자회사,00135917,한화손해보험,2024,11011,사업보고서,IFRS17,Y,"보고서 사업연도 >= 2023 이면 IFRS17, 아니면 IFRS4",미상환잔액,합계,"235,000,000,000",2024-12-31,api,-,-,-,-,"235,000,000,000",-,-,newCaplScritsNrdmpBlce,"{""bsns_year"": ""2024"", ""corp_code"": ""00135917"", ""reprt_code"": ""11011""}",20250331003267,api_row,2026-08-31T15:54:21+09:00,000,run_20260831_152517_0764,raw/newCaplScritsNrdmpBlce/00135917_2024_11011.json,f8e852a446f3f6218fb850e97194cc38c5beefeda1b8bdce98bc35a79088c4d8,0
한화손해보험,손보,보험자회사,00135917,한화손해보험,2025,11011,사업보고서,IFRS17,Y,"보고서 사업연도 >= 2023 이면 IFRS17, 아니면 IFRS4",미상환잔액,공모,"85,000,000,000",2025-12-31,api,-,-,-,-,"85,000,000,000",-,-,newCaplScritsNrdmpBlce,"{""bsns_year"": ""2025"", ""corp_code"": ""00135917"", ""reprt_code"": ""11011""}",20260331000594,api_row,2026-08-31T15:54:44+09:00,000,run_20260831_152517_0772,raw/newCaplScritsNrdmpBlce/00135917_2025_11011.json,f4c4d73792b4f2e9e2123809c467d4c44bbe983ef45664db03a51b54199763d9,0
한화손해보험,손보,보험자회사,00135917,한화손해보험,2025,11011,사업보고서,IFRS17,Y,"보고서 사업연도 >= 2023 이면 IFRS17, 아니면 IFRS4",미상환잔액,사모,"150,000,000,000",2025-12-31,api,-,-,-,-,"150,000,000,000",-,-,newCaplScritsNrdmpBlce,"{""bsns_year"": ""2025"", ""corp_code"": ""00135917"", ""reprt_code"": ""11011""}",20260331000594,api_row,2026-08-31T15:54:44+09:00,000,run_20260831_152517_0772,raw/newCaplScritsNrdmpBlce/00135917_2025_11011.json,f4c4d73792b4f2e9e2123809c467d4c44bbe983ef45664db03a51b54199763d9,0
한화손해보험,손보,보험자회사,00135917,한화손해보험,2025,11011,사업보고서,IFRS17,Y,"보고서 사업연도 >= 2023 이면 IFRS17, 아니면 IFRS4",미상환잔액,합계,"235,000,000,000",2025-12-31,api,-,-,-,-,"235,000,000,000",-,-,newCaplScritsNrdmpBlce,"{""bsns_year"": ""2025"", ""corp_code"": ""00135917"", ""reprt_code"": ""11011""}",20260331000594,api_row,2026-08-31T15:54:44+09:00,000,run_20260831_152517_0772,raw/newCaplScritsNrdmpBlce/00135917_2025_11011.json,f4c4d73792b4f2e9e2123809c467d4c44bbe983ef45664db03a51b54199763d9,0
한화손해보험,손보,보험자회사,00135917,한화손해보험,2025,11012,반기보고서,IFRS17,Y,"보고서 사업연도 >= 2023 이면 IFRS17, 아니면 IFRS4",미상환잔액,공모,"85,000,000,000",2025-06-30,api,-,-,-,-,"85,000,000,000",-,-,newCaplScritsNrdmpBlce,"{""bsns_year"": ""2025"", ""corp_code"": ""00135917"", ""reprt_code"": ""11012""}",20250828000988,api_row,2026-08-31T15:55:18+09:00,000,run_20260831_152517_0781,raw/newCaplScritsNrdmpBlce/00135917_2025_11012.json,37d92f86c5d0824c75e99703ee0b80b1a4dee5b9df8dfc7d78a79a9e08d05026,0
한화손해보험,손보,보험자회사,00135917,한화손해보험,2025,11012,반기보고서,IFRS17,Y,"보고서 사업연도 >= 2023 이면 IFRS17, 아니면 IFRS4",미상환잔액,사모,"150,000,000,000",2025-06-30,api,-,-,-,-,"150,000,000,000",-,-,newCaplScritsNrdmpBlce,"{""bsns_year"": ""2025"", ""corp_code"": ""00135917"", ""reprt_code"": ""11012""}",20250828000988,api_row,2026-08-31T15:55:18+09:00,000,run_20260831_152517_0781,raw/newCaplScritsNrdmpBlce/00135917_2025_11012.json,37d92f86c5d0824c75e99703ee0b80b1a4dee5b9df8dfc7d78a79a9e08d05026,0
한화손해보험,손보,보험자회사,00135917,한화손해보험,2025,11012,반기보고서,IFRS17,Y,"보고서 사업연도 >= 2023 이면 IFRS17, 아니면 IFRS4",미상환잔액,합계,"235,000,000,000",2025-06-30,api,-,-,-,-,"235,000,000,000",-,-,newCaplScritsNrdmpBlce,"{""bsns_year"": ""2025"", ""corp_code"": ""00135917"", ""reprt_code"": ""11012""}",20250828000988,api_row,2026-08-31T15:55:18+09:00,000,run_20260831_152517_0781,raw/newCaplScritsNrdmpBlce/00135917_2025_11012.json,37d92f86c5d0824c75e99703ee0b80b1a4dee5b9df8dfc7d78a79a9e08d05026,0
한화손해보험,손보,보험자회사,00135917,한화손해보험,2026,11012,반기보고서,IFRS17,Y,"보고서 사업연도 >= 2023 이면 IFRS17, 아니면 IFRS4",미상환잔액,공모,"85,000,000,000",2026-06-30,api,-,-,-,-,"85,000,000,000",-,-,newCaplScritsNrdmpBlce,"{""bsns_year"": ""2026"", ""corp_code"": ""00135917"", ""reprt_code"": ""11012""}",20260831001182,api_row,2026-08-31T15:55:50+09:00,000,run_20260831_152517_0790,raw/newCaplScritsNrdmpBlce/00135917_2026_11012.json,404e6677e280725314e17c1ff4d3efa5648d6cf9dbace5da31a6c5b0241baba2,0
한화손해보험,손보,보험자회사,00135917,한화손해보험,2026,11012,반기보고서,IFRS17,Y,"보고서 사업연도 >= 2023 이면 IFRS17, 아니면 IFRS4",미상환잔액,사모,"150,000,000,000",2026-06-30,api,-,-,-,-,"150,000,000,000",-,-,newCaplScritsNrdmpBlce,"{""bsns_year"": ""2026"", ""corp_code"": ""00135917"", ""reprt_code"": ""11012""}",20260831001182,api_row,2026-08-31T15:55:50+09:00,000,run_20260831_152517_0790,raw/newCaplScritsNrdmpBlce/00135917_2026_11012.json,404e6677e280725314e17c1ff4d3efa5648d6cf9dbace5da31a6c5b0241baba2,0
한화손해보험,손보,보험자회사,00135917,한화손해보험,2026,11012,반기보고서,IFRS17,Y,"보고서 사업연도 >= 2023 이면 IFRS17, 아니면 IFRS4",미상환잔액,합계,"235,000,000,000",2026-06-30,api,-,-,-,-,"235,000,000,000",-,-,newCaplScritsNrdmpBlce,"{""bsns_year"": ""2026"", ""corp_code"": ""00135917"", ""reprt_code"": ""11012""}",20260831001182,api_row,2026-08-31T15:55:50+09:00,000,run_20260831_152517_0790,raw/newCaplScritsNrdmpBlce/00135917_2026_11012.json,404e6677e280725314e17c1ff4d3efa5648d6cf9dbace5da31a6c5b0241baba2,0
